model,IFEval,BBH,MATH,GPQA,MUSR,MMLU_PRO
0-hero/Matter-0.2-7B-DPO,0.3302792147058693,0.3596254301656297,0.014350453172205438,0.25922818791946306,0.381375,0.1163563829787234
01-ai/Yi-1.5-34B,0.2841172533322695,0.5976391706360018,0.15332326283987915,0.36577181208053694,0.4236041666666667,0.4665890957446808
01-ai/Yi-1.5-34B-32K,0.3118691737922047,0.6015685776542417,0.1540785498489426,0.36325503355704697,0.4398229166666667,0.4709109042553192
01-ai/Yi-1.5-34B-Chat,0.6066758423205982,0.6083748310271819,0.277190332,0.3649328859060403,0.4281979166666667,0.45204454787234044
01-ai/Yi-1.5-34B-Chat-16K,0.456449997,0.6100218256499571,0.21374622356495468,0.33808724832214765,0.43976041666666665,0.45445478723404253
01-ai/Yi-1.5-6B,0.26166017278598563,0.44925820198929056,0.066465257,0.313758389,0.43740625,0.31441156914893614
01-ai/Yi-1.5-6B-Chat,0.5145270105542183,0.4571311331954389,0.1623867069486405,0.30201342281879195,0.43917708333333333,0.3193151595744681
01-ai/Yi-1.5-9B,0.29358435617494916,0.514294179,0.11404833836858005,0.37919463087248323,0.43278124999999995,0.3916223404255319
01-ai/Yi-1.5-9B-32K,0.23031113002389217,0.496332116,0.10800604229607251,0.35906040268456374,0.4186145833333333,0.37649601063829785
01-ai/Yi-1.5-9B-Chat,0.6045525871354672,0.55590643,0.2258308157099698,0.3347315436241611,0.42590625,0.39752327127659576
01-ai/Yi-1.5-9B-Chat-16K,0.4214040966856829,0.5153383364651778,0.1782477341389728,0.3087248322147651,0.40990624999999997,0.39935172872340424
01-ai/Yi-34B,0.3045751938190667,0.5457099951794562,0.051359517,0.36661073825503354,0.4118541666666667,0.441156915
01-ai/Yi-34B-200K,0.15424850507763843,0.5441817925289527,0.057401813,0.3565436241610738,0.38171874999999994,0.45345744680851063
01-ai/Yi-34B-Chat,0.4698887839820565,0.5560872910766164,0.062688822,0.33808724832214765,0.39784375,0.4093251329787234
01-ai/Yi-6B,0.28933784580468713,0.4309230591000865,0.015861027190332326,0.26929530201342283,0.39368749999999997,0.29911901595744683
01-ai/Yi-6B-200K,0.084330687,0.42892948109603307,0.018126888,0.28187919463087246,0.45873958333333337,0.2844082446808511
01-ai/Yi-6B-Chat,0.33952135888331847,0.41326019207548687,0.013595166163141994,0.29446308724832215,0.36879166666666663,0.3061003989361702
01-ai/Yi-9B,0.2708779372066118,0.49396075125308075,0.055891238670694864,0.3179530201342282,0.40540624999999997,0.35738031914893614
01-ai/Yi-9B-200K,0.23270921155866434,0.4793302602023641,0.066465257,0.31543624161073824,0.42940625,0.36220079787234044
01-ai/Yi-Coder-9B-Chat,0.4817041006750976,0.48142000339111674,0.040030211,0.24748322147651006,0.3991770833333333,0.24251994680851063
1-800-LLMs/Qwen-2.5-14B-Hindi,0.582570912,0.6523901531956199,0.3330815709969788,0.3624161073825503,0.4489375,0.5262632978723404
1-800-LLMs/Qwen-2.5-14B-Hindi-Custom-Instruct,0.30774677854758703,0.6284322714967584,0.311178248,0.3699664429530201,0.4490625,0.516373005
1024m/PHI-4-Hindi,0.008168327,0.6710015642760666,0.23338368580060423,0.3976510067114094,0.4913541666666667,0.52393617
1024m/QWEN-14B-B100,0.7762104549262623,0.653271133,0.5438066465256798,0.35067114093959734,0.41,0.5178690159574468
152334H/miqu-1-70b-sf,0.5181740005407873,0.6102361685099691,0.12462235649546828,0.35067114093959734,0.45820833333333333,0.42278922872340424
1TuanPham/T-VisStar-7B-v0.1,0.36070404305021786,0.5052203113352468,0.057401813,0.28523489932885904,0.4375,0.3210605053191489
1TuanPham/T-VisStar-v0.1,0.36070404305021786,0.5052203113352468,0.057401813,0.28523489932885904,0.4375,0.3210605053191489
3rd-Degree-Burn/L-3.1-Science-Writer-8B,0.42625012743963797,0.5041306326216103,0.10347432024169184,0.27432885906040266,0.3959479166666666,0.36494348404255317
3rd-Degree-Burn/Llama-3.1-8B-Squareroot,0.22134381219608418,0.34609423326328875,0.26586102719033233,0.25671140939597314,0.3089166666666667,0.17495013297872342
3rd-Degree-Burn/Llama-3.1-8B-Squareroot-v1,0.2892381104358657,0.33427703119251256,0.08836858,0.2558724832214765,0.3340625,0.11269946808510638
3rd-Degree-Burn/Llama-Squared-8B,0.27552449722292405,0.4431025683868353,0.057401813,0.27181208053691275,0.30894791666666666,0.2366190159574468
4season/final_model_test_v2,0.3191132860809319,0.6342049783295018,0.083836858,0.3271812080536913,0.4314479166666667,0.3528091755319149
AALF/FuseChat-Llama-3.1-8B-Instruct-preview,0.7189579205397235,0.5119887898349903,0.24773413897280966,0.3053691275167785,0.38200000000000006,0.3732546542553192
AALF/FuseChat-Llama-3.1-8B-SFT-preview,0.7280504616639405,0.5240303130445233,0.22507552870090636,0.30453020134228187,0.40199999999999997,0.37433510638297873
AALF/gemma-2-27b-it-SimPO-37K,0.24065257959990605,0.3911343917952534,0.012839879,0.2802013422818792,0.3487604166666667,0.1971409574468085
AALF/gemma-2-27b-it-SimPO-37K-100steps,0.2567642743476199,0.39308230769885016,0.021148036253776436,0.28859060402684567,0.3329166666666667,0.21251662234042554
AELLM/gemma-2-aeria-infinity-9b,0.759399504,0.5983336669577649,0.21450151057401812,0.3338926174496644,0.40196875,0.38622007978723405
AELLM/gemma-2-lyco-infinity-9b,0.7316475839660989,0.5839534871023703,0.17069486404833836,0.32802013422818793,0.40063541666666663,0.378656915
AGI-0/Art-v0-3B,0.319238509,0.3400959483013824,0.24622356495468278,0.25922818791946306,0.3768229166666666,0.11785239361702128
AGI-0/Artificium-llama3.1-8B-001,0.5247687247614108,0.42562150225923556,0.13595166163141995,0.26593959731543626,0.3794583333333333,0.3181515957446808
AGI-0/smartllama3.1-8B-001,0.35178659290682057,0.46701787510868176,0.1299093655589124,0.3062080536912752,0.43864583333333335,0.3486535904255319
AI-MO/NuminaMath-7B-CoT,0.2688544173903022,0.4314193495860012,0.26963746223564955,0.26593959731543626,0.33034375,0.28681848404255317
AI-MO/NuminaMath-7B-TIR,0.27562423259174545,0.41436913375897894,0.1608761329305136,0.25838926174496646,0.35092708333333333,0.2732712765957447
AI-Sweden-Models/Llama-3-8B-instruct,0.24012841482821137,0.4173460154515302,0.038519637,0.26593959731543626,0.47709375000000004,0.25972406914893614
AI-Sweden-Models/gpt-sw3-40b,0.1470298807164989,0.3267744702957652,0.017371601208459216,0.2348993288590604,0.36323958333333334,0.12757646276595744
AI4free/Dhanishtha,0.2451240486353985,0.34039444943326375,0.25604229607250756,0.2525167785234899,0.35694791666666664,0.16431183510638298
AI4free/t2,0.3866828902866616,0.2910111436321769,0.18957703927492447,0.2575503355704698,0.3846354166666666,0.11436170212765957
AIDC-AI/Marco-o1,0.477083029,0.5364362696398749,0.37462235649546827,0.25922818791946306,0.41384375,0.41165226063829785
Aashraf995/Creative-7B-nerd,0.4721871301480073,0.5606785565640195,0.3164652567975831,0.3263422818791946,0.4515416666666667,0.44921875
Aashraf995/Gemma-Evo-10B,0.7332211864519476,0.6044352897552882,0.22280966767371602,0.3540268456375839,0.45947916666666666,0.4275265957446808
Aashraf995/Qwen-Evo-7B,0.4757343847657549,0.5709361538590277,0.31419939577039274,0.32550335570469796,0.4541458333333333,0.44622672872340424
Aashraf995/QwenStock-14B,0.5008632650256873,0.6550130348108012,0.35725075528700906,0.38926174496644295,0.4792604166666667,0.5382313829787234
AbacusResearch/Jallabi-34B,0.3528604103777976,0.6023380603196266,0.052114804,0.3389261744966443,0.48217708333333337,0.4681682180851064
Ahdoot/StructuredThinker-v0.3-MoreStructure,0.4192808415005519,0.48376906494893984,0.290785498,0.29697986577181207,0.41582291666666665,0.36103723404255317
Ahdoot/Test_StealthThinker,0.42200361706937595,0.46466398134666304,0.17900302114803626,0.2961409395973154,0.42804166666666665,0.35970744680851063
AicoresSecurity/Cybernet-Sec-3B-R1-V0,0.6358018945287394,0.4497434194912941,0.11555891238670694,0.2634228187919463,0.33136458333333335,0.301030585
AicoresSecurity/Cybernet-Sec-3B-R1-V0-Coder,0.7097656440466851,0.4477501104993749,0.1487915407854985,0.27181208053691275,0.34079166666666666,0.3178191489361702
AicoresSecurity/Cybernet-Sec-3B-R1-V1,0.6145693426774292,0.4282342020189216,0.15181268882175228,0.2609060402684564,0.32869791666666665,0.2876496010638298
AicoresSecurity/Cybernet-Sec-3B-R1-V1.1,0.6730209178313542,0.4391775517124728,0.17598187311178248,0.2709731543624161,0.35409375000000004,0.308843085
Alepach/notHumpback-M0,0.23500755772461512,0.27849287879199425,0.018882175,0.24916107382550334,0.35523958333333333,0.1118683510638298
Alepach/notHumpback-M1,0.2206944241279804,0.28824720129981835,0.015861027190332326,0.23741610738255034,0.342,0.10912566489361702
Alepach/notHumpback-M1-v2,0.2277135777514772,0.2775640398406834,0.021903323,0.2600671140939597,0.3473333333333333,0.1118683510638298
Alibaba-NLP/gte-Qwen2-7B-instruct,0.22554045488193547,0.4495144990818469,0.064199396,0.24496644295302014,0.35585416666666664,0.33211436170212766
Alsebay/Qwen2.5-7B-test-novelist,0.5351600420218354,0.515121518,0.2348942598187311,0.2911073825503356,0.47488541666666667,0.3865525265957447
Amaorynho/BBAI2006,0.14670518668244703,0.2704366990167133,0,0.2525167785234899,0.3605416666666667,0.11228390957446809
Amaorynho/BBAI270V4,0.1990374428737971,0.30712046736502824,0.008308157,0.24580536912751677,0.33139583333333333,0.11136968085106383
Amaorynho/BBAIIFEV1,0.8047369867507104,0.5292462038560509,0.1933534743202417,0.3104026845637584,0.4184895833333333,0.3857214095744681
Amaorynho/BBAI_375,0.14670518668244703,0.2704366990167133,0,0.2525167785234899,0.3605416666666667,0.11228390957446809
Amu/t1-1.5B,0.3393717558300864,0.4007606984109216,0.051359517,0.24328859060402686,0.3517083333333333,0.2566489361702128
Amu/t1-3B,0.33277703160946287,0.39989750143834385,0.13746223564954682,0.2407718120805369,0.34348958333333335,0.12840757978723405
ArliAI/ArliAI-RPMax-12B-v1.1,0.5348852156721942,0.475181761,0.11253776435045318,0.28187919463087246,0.36184375,0.3384308510638298
ArliAI/Llama-3.1-8B-ArliAI-RPMax-v1.1,0.6359016298975606,0.5015613456039083,0.13141993957703926,0.2835570469798658,0.3576875,0.35513630319148937
Arthur-LAGACHERIE/Precis-1B-Instruct,0.3670738086056109,0.3223614510687368,0.003776435,0.26593959731543626,0.34355208333333337,0.14261968085106383
Artples/L-MChat-7b,0.5296646231997766,0.46003301674679414,0.092145015,0.3053691275167785,0.4028645833333333,0.3298703457446808
Artples/L-MChat-Small,0.32870561222002065,0.48225627665257265,0.03776435,0.2676174496644295,0.36959375,0.24642619680851063
Aryanne/QwentileSwap,0.7378422585406721,0.7008370136278447,0.42220543806646527,0.3674496644295302,0.4640416666666667,0.5945811170212766
Aryanne/SHBA,0.7816560060639104,0.5233174837035715,0.1797583081570997,0.3053691275167785,0.41613541666666665,0.3892121010638298
Aryanne/SuperHeart,0.5192234382549413,0.5215375046264326,0.15634441087613293,0.3011744966442953,0.44357291666666665,0.3912067819148936
AtAndDev/Qwen2.5-1.5B-continuous-learnt,0.4605214165081982,0.42577470857933336,0.074773414,0.26593959731543626,0.3636458333333333,0.28116688829787234
Ateron/Glowing-Forest-12B,0.3591803082487799,0.549176295,0.077794562,0.33305369127516776,0.44490625,0.37175864361702127
Ateron/Lotus-Magpic,0.6286076499244228,0.5253514950133299,0.099697885,0.3028523489932886,0.4331875,0.3490691489361702
Ateron/Way_of_MagPicaro,0.2637091805298829,0.5427386861946704,0.058912387,0.3338926174496644,0.46490625,0.35355718085106386
AuraIndustries/Aura-4B,0.38156203318306536,0.4490409465001946,0.042296073,0.287751678,0.39384375,0.27061170212765956
AuraIndustries/Aura-8B,0.7205315230255722,0.5131231419849063,0.15181268882175228,0.2860738255033557,0.4004479166666666,0.38738364361702127
AuraIndustries/Aura-MoE-2x4B,0.460096987,0.43385067041774666,0.030966767371601207,0.27181208053691275,0.40851041666666665,0.26496010638297873
AuraIndustries/Aura-MoE-2x4B-v2,0.4777822843388875,0.43152444292813597,0.031722054,0.287751678,0.4100625,0.2609707446808511
Aurel9/testmerge-7b,0.3979984219648311,0.5189590919105128,0.06570997,0.30033557046979864,0.4658645833333333,0.3052692819148936
Ayush-Singh/Llama1B-sft-2,0.13743755457741016,0.283428204,0,0.24580536912751677,0.35520833333333335,0.11170212765957446
Azure99/Blossom-V6-14B,0.6395486198841297,0.5068726694646123,0.525679758,0.2625838926174497,0.40352083333333333,0.4543716755319149
Azure99/Blossom-V6-7B,0.5538194213575536,0.497366832,0.45845921450151056,0.30453020134228187,0.43009375,0.41439494680851063
Azure99/blossom-v5-32b,0.5235441960664371,0.5954545257004673,0.1865558912386707,0.311241611,0.40199999999999997,0.4234541223404255
Azure99/blossom-v5-llama3-8b,0.434293231,0.4184909197087261,0.051359517,0.2651006711409396,0.36702083333333335,0.2205784574468085
Azure99/blossom-v5.1-34b,0.5696562897556262,0.6109110096611161,0.2590634441087613,0.30956375838926176,0.39279166666666665,0.4557845744680851
Azure99/blossom-v5.1-9b,0.5085816744016985,0.5343292377916368,0.2122356495468278,0.33557046979865773,0.39939583333333334,0.39793882978723405
BAAI/Gemma2-9B-IT-Simpo-Infinity-Preference,0.317638311,0.5979459664230056,0.097432024,0.33976510067114096,0.39657291666666666,0.3868849734042553
BAAI/Infinity-Instruct-3M-0613-Llama3-70B,0.6821134589555713,0.6641614484348598,0.21525679758308158,0.35822147651006714,0.45226041666666666,0.47298869680851063
BAAI/Infinity-Instruct-3M-0613-Mistral-7B,0.5319873491225504,0.49582333763258896,0.081570997,0.2961409395973154,0.4350833333333333,0.31607380319148937
BAAI/Infinity-Instruct-3M-0625-Llama3-70B,0.7442120240960651,0.6670337872930245,0.22507552870090636,0.3573825503355705,0.46165625000000005,0.4586103723404255
BAAI/Infinity-Instruct-3M-0625-Llama3-8B,0.6050268842227512,0.4954985723563075,0.08836858,0.2751677852348993,0.37120833333333336,0.3252160904255319
BAAI/Infinity-Instruct-3M-0625-Mistral-7B,0.5867420666054957,0.4939670574681802,0.076283988,0.28691275167785235,0.42723958333333334,0.3229720744680851
BAAI/Infinity-Instruct-3M-0625-Qwen2-7B,0.5553930238434022,0.5345911997776569,0.19259818731117825,0.31291946308724833,0.38876041666666666,0.39602726063829785
BAAI/Infinity-Instruct-3M-0625-Yi-1.5-9B,0.5185984299436606,0.5509115146247398,0.16389728096676737,0.3540268456375839,0.45753125,0.41181848404255317
BAAI/Infinity-Instruct-7M-0729-Llama3_1-8B,0.6131952109292234,0.5077335431381055,0.12764350453172205,0.29278523489932884,0.35784375,0.3223902925531915
BAAI/Infinity-Instruct-7M-0729-mistral-7B,0.6161928128476886,0.4963813586525743,0.083081571,0.2902684563758389,0.4061875,0.3273769946808511
BAAI/Infinity-Instruct-7M-Gen-Llama3_1-70B,0.7335458804859993,0.6695200461367471,0.25226586102719034,0.37583892617449666,0.45390625,0.460688165
BAAI/Infinity-Instruct-7M-Gen-Llama3_1-8B,0.6131952109292234,0.5077335431381055,0.12764350453172205,0.29278523489932884,0.35784375,0.3223902925531915
BAAI/Infinity-Instruct-7M-Gen-mistral-7B,0.6146690780462506,0.4963813586525743,0.083081571,0.2902684563758389,0.4061875,0.3273769946808511
BAAI/OPI-Llama-3.1-8B-Instruct,0.20745510800232272,0.3551224419497605,0.013595166163141994,0.27432885906040266,0.3233020833333333,0.21243351063829788
BEE-spoke-data/Meta-Llama-3-8Bee,0.19506575885317623,0.46263641905752745,0.048338369,0.313758389,0.36540625,0.32197473404255317
BEE-spoke-data/smol_llama-101M-GQA,0.13843712460715346,0.3017560771912554,0.006042296,0.2575503355704698,0.3712708333333334,0.11070478723404255
BEE-spoke-data/smol_llama-220M-GQA,0.23860468002677343,0.30316731388708956,0.010574018126888218,0.2558724832214765,0.405875,0.1149434840425532
BEE-spoke-data/smol_llama-220M-GQA-fineweb_edu,0.19881248420856662,0.29290517164510593,0.006797583,0.25922818791946306,0.4367604166666667,0.11269946808510638
BEE-spoke-data/smol_llama-220M-openhermes,0.1555229014570229,0.30275191401927726,0.010574018126888218,0.2676174496644295,0.3847291666666666,0.11203457446808511
BEE-spoke-data/tFINE-900m-e16-d32-flan,0.15057713533424646,0.30280434847620613,0.009818731,0.2332214765100671,0.3724166666666667,0.1307347074468085
BEE-spoke-data/tFINE-900m-e16-d32-flan-infinity-instruct-7m-T2T_en-1024,0.13206735905176042,0.3137786304497592,0.010574018126888218,0.25419463087248323,0.43927083333333333,0.12367021276595745
BEE-spoke-data/tFINE-900m-e16-d32-instruct_2e,0.1402855534426433,0.31345674638809023,0.013595166163141994,0.25922818791946306,0.42069791666666667,0.12367021276595745
BEE-spoke-data/tFINE-900m-instruct-orpo,0.13299157346950535,0.30220933767045094,0.015861027190332326,0.25922818791946306,0.3408541666666667,0.11519281914893617
BSC-LT/salamandra-7b,0.13673829882489574,0.3516612209885983,0.003776435,0.2701342281879195,0.35009375000000004,0.14926861702127658
BSC-LT/salamandra-7b-instruct,0.24507418095098782,0.3851324290080956,0.008308157,0.26426174496644295,0.41343749999999996,0.18051861702127658
Ba2han/Llama-Phi-3_DoRA,0.5130531434371911,0.5514558259029191,0.1216012084592145,0.3263422818791946,0.40692708333333333,0.39153922872340424
Baptiste-HUVELLE-10/LeTriomphant2.2_ECE_iLAB,0.5076330802271307,0.7256319952414622,0.44486404833836857,0.39932885906040266,0.46255208333333336,0.5851063829787234
BenevolenceMessiah/Qwen2.5-72B-2x-Instruct-TIES-v1.0,0.5473499204333391,0.727311411,0.5785498489425982,0.3674496644295302,0.4206666666666667,0.5628324468085106
BenevolenceMessiah/Yi-Coder-9B-Chat-Instruct-TIES-MoE-v1.0,0.3011531624977283,0.4908666248538678,0.041540785,0.2625838926174497,0.4079791666666666,0.26803523936170215
BlackBeenie/Bloslain-8B-v0.2,0.5023371321427147,0.511087946,0.14501510574018128,0.3062080536912752,0.4075729166666667,0.3653590425531915
BlackBeenie/Llama-3.1-8B-OpenO1-SFT-v0.1,0.5124037553690873,0.4787448361604986,0.15256797583081572,0.2684563758389262,0.36181250000000004,0.34915226063829785
BlackBeenie/Llama-3.1-8B-pythonic-passthrough-merge,0.23158552640327662,0.3453848032699584,0.011329305135951661,0.2684563758389262,0.37781249999999994,0.1332280585106383
BlackBeenie/Neos-Gemma-2-9b,0.5875665456544192,0.5502975126048852,0.098187311,0.32298657718120805,0.36175,0.39810505319148937
BlackBeenie/Neos-Llama-3.1-8B,0.49439376410147295,0.4424998411442879,0.13217522658610273,0.2684563758389262,0.3749895833333334,0.32621343085106386
BlackBeenie/Neos-Llama-3.1-base,0.17508211545366295,0.29303397468240516,0,0.23741610738255034,0.34990625000000003,0.11120345744680851
BlackBeenie/Neos-Phi-3-14B-v0.1,0.4022449323350931,0.6211931530444463,0.1782477341389728,0.3053691275167785,0.41254166666666664,0.45636635638297873
BlackBeenie/llama-3-luminous-merged,0.43234506664538974,0.5153924501559338,0.086858006,0.29278523489932884,0.4148958333333333,0.3773271276595745
BlackBeenie/llama-3.1-8B-Galore-openassistant-guanaco,0.2634842218646525,0.5213365363748029,0.066465257,0.30033557046979864,0.44062500000000004,0.32064494680851063
Bllossom/llama-3.2-Korean-Bllossom-AICA-5B,0.5172497861230424,0.42930745041520607,0.12386706948640483,0.2986577181208054,0.3833958333333333,0.27102726063829785
BoltMonkey/DreadMix,0.7094908176970438,0.5435097438362475,0.1555891238670695,0.29949664429530204,0.42121875,0.37898936170212766
BoltMonkey/NeuralDaredevil-SuperNova-Lite-7B-DARETIES-abliterated,0.7998909559967553,0.5151987922850448,0.11933534743202417,0.28104026845637586,0.401875,0.37333776595744683
BoltMonkey/SuperNeuralDreadDevil-8b,0.7709898624538447,0.5286196012035721,0.092900302,0.29194630872483224,0.39768749999999997,0.36785239361702127
BrainWave-ML/llama3.2-3B-maths-orpo,0.20490742341431845,0.2911778102988436,0,0.25922818791946306,0.35753125,0.11677194148936171
BramVanroy/GEITje-7B-ultra,0.3723442687624392,0.37761612997305494,0.015861027190332326,0.2625838926174497,0.32897916666666666,0.20113031914893617
BramVanroy/fietje-2,0.20980332185268422,0.40356695178386187,0.015861027190332326,0.25419463087248323,0.3695625,0.19855385638297873
BramVanroy/fietje-2-chat,0.2917359273394593,0.4149753717401999,0.018882175,0.23993288590604026,0.3527604166666667,0.20545212765957446
BramVanroy/fietje-2-instruct,0.2789963962286732,0.41360714173029806,0.022658610271903322,0.2332214765100671,0.3369166666666667,0.2103557180851064
CYFRAGOVPL/Llama-PLLuM-8B-base,0.28988749850396944,0.43204480458140976,0.036253776,0.28523489932885904,0.39703125,0.27568151595744683
CYFRAGOVPL/Llama-PLLuM-8B-chat,0.3514862786295917,0.40770722535589576,0.033987915407854986,0.26426174496644295,0.41991666666666666,0.27194148936170215
CYFRAGOVPL/PLLuM-12B-base,0.2820937335159599,0.4390596143784447,0.028700906344410877,0.2902684563758389,0.4142395833333334,0.2740192819148936
CYFRAGOVPL/PLLuM-12B-chat,0.32143601200370575,0.44458000333075703,0.018126888,0.2600671140939597,0.4114791666666666,0.2872340425531915
CYFRAGOVPL/PLLuM-12B-nc-base,0.24045310886226323,0.42767589675970014,0.021903323,0.2701342281879195,0.36451041666666667,0.25590093085106386
CYFRAGOVPL/PLLuM-12B-nc-chat,0.28344237733657807,0.45764328318815456,0.012084592145015106,0.2827181208053691,0.4353541666666667,0.25972406914893614
CarrotAI/Llama-3.2-Rabbit-Ko-3B-Instruct,0.7198821349574684,0.4426719080820793,0.2054380664652568,0.2709731543624161,0.3649166666666667,0.2822473404255319
CarrotAI/Llama-3.2-Rabbit-Ko-3B-Instruct-2412,0.47818233398493776,0.43577246498246686,0.17598187311178248,0.29278523489932884,0.3872083333333334,0.31341422872340424
Casual-Autopsy/L3-Umbral-Mind-RP-v2.0-8B,0.7122634609502786,0.5262406145493724,0.1095166163141994,0.28691275167785235,0.3686666666666667,0.3723404255319149
CausalLM/14B,0.2788213052478535,0.4700462397700626,0.075528701,0.3028523489932886,0.4154791666666667,0.3221409574468085
CausalLM/34b-beta,0.3043247472262486,0.5590996102136266,0.048338369,0.3464765100671141,0.37486458333333333,0.5324966755319149
CausalLM/preview-1-hf,0.5558928088582737,0.3614567463880903,0.030211480362537766,0.26174496644295303,0.34218750000000003,0.35970744680851063
Changgil/K2S3-14b-v0.2,0.3242840108689389,0.4613311786298187,0.057401813,0.28104026845637586,0.3922604166666666,0.2643783244680851
Changgil/K2S3-v0.1,0.32765617450586665,0.46554920672286154,0.046072508,0.26426174496644295,0.40140624999999996,0.2562333776595745
ClaudioItaly/Albacus,0.4667415790103592,0.5113043406568835,0.070996979,0.27181208053691275,0.41353124999999996,0.31648936170212766
ClaudioItaly/Book-Gut12B,0.39984685080032095,0.5417370194443233,0.10196374622356495,0.3070469798657718,0.4635416666666667,0.3670212765957447
ClaudioItaly/Evolutionstory-7B-v2.2,0.4813794066410457,0.5108043406568835,0.070996979,0.2751677852348993,0.41353124999999996,0.31590757978723405
ClaudioItaly/intelligence-cod-rag-7b-v3,0.6897820006471718,0.5366339718839108,0.3806646525679758,0.2726510067114094,0.4152708333333333,0.4195478723404255
CohereForAI/aya-23-35B,0.6461932117891638,0.5399551450731271,0.034743202,0.29446308724832215,0.4309895833333333,0.33560505319148937
CohereForAI/aya-23-8B,0.4698887839820565,0.4296161519220307,0.016616314,0.28439597315436244,0.3940625,0.2278091755319149
CohereForAI/aya-expanse-32b,0.7301737168490716,0.5648670099212114,0.15332326283987915,0.32550335570469796,0.3872708333333333,0.41298204787234044
CohereForAI/aya-expanse-8b,0.6358517622131501,0.4977203055736406,0.086102719,0.3028523489932886,0.37288541666666664,0.3003656914893617
CohereForAI/c4ai-command-r-plus,0.7664186580495308,0.581542357,0.080060423,0.3053691275167785,0.48071875000000003,0.3991855053191489
CohereForAI/c4ai-command-r-plus-08-2024,0.7539539532883859,0.5995999913027185,0.12386706948640483,0.35067114093959734,0.48294791666666664,0.44207114361702127
CohereForAI/c4ai-command-r-v01,0.6748194789824333,0.5406415512767856,0.034743202,0.3070469798657718,0.45169791666666664,0.3369348404255319
CohereForAI/c4ai-command-r7b-12-2024,0.7713145564878965,0.5502642151855635,0.2990936555891239,0.3087248322147651,0.41251041666666666,0.3572140957446808
Columbia-NLP/LION-Gemma-2b-dpo-v1.0,0.3278312654866864,0.39199563613207467,0.04305136,0.24916107382550334,0.41201041666666666,0.16655585106382978
Columbia-NLP/LION-Gemma-2b-odpo-v1.0,0.30664858131978706,0.3895836210706875,0.069486405,0.2424496644295302,0.42791666666666667,0.1692154255319149
Columbia-NLP/LION-Gemma-2b-sft-v1.0,0.3692469314751526,0.387877928,0.067975831,0.2558724832214765,0.4027395833333333,0.17819148936170212
Columbia-NLP/LION-LLaMA-3-8b-dpo-v1.0,0.4957424079220912,0.5028481044452986,0.11706948640483383,0.28104026845637586,0.40971874999999996,0.3218916223404255
Columbia-NLP/LION-LLaMA-3-8b-odpo-v1.0,0.39679938119744496,0.5023929881802022,0.10649546827794562,0.28523489932885904,0.40575,0.3152426861702128
Columbia-NLP/LION-LLaMA-3-8b-sft-v1.0,0.38171163623629745,0.5087766443418147,0.11404833836858005,0.27768456375838924,0.45027083333333334,0.32372007978723405
CombinHorizon/Josiefied-abliteratedV4-Qwen2.5-14B-Inst-BaseMerge-TIES,0.8239958864701216,0.6370093752306357,0.5317220543806647,0.32466442953020136,0.42603125000000003,0.4979222074468085
CombinHorizon/Rombos-Qwen2.5-7B-Inst-BaseMerge-TIES,0.7564019025075688,0.5402085849577634,0.493202417,0.2978187919463087,0.40330208333333334,0.4341755319148936
CombinHorizon/YiSM-blossom5.1-34B-SLERP,0.5033112142448702,0.6207548093635428,0.21525679758308158,0.35570469798657717,0.44134375,0.4740691489361702
CombinHorizon/huihui-ai-abliterated-Qwen2.5-32B-Inst-BaseMerge-TIES,0.8206237228331937,0.692924708,0.5944108761329305,0.3389261744966443,0.42072916666666665,0.5720578457446809
CombinHorizon/huihui-ai-abliteratedV2-Qwen2.5-14B-Inst-BaseMerge-TIES,0.8175762532303177,0.6335891556421077,0.547583082,0.3145973154362416,0.42603125000000003,0.4910239361702128
CombinHorizon/zetasepic-abliteratedV2-Qwen2.5-32B-Inst-BaseMerge-TIES,0.8328136012446974,0.6955174427138592,0.5853474320241692,0.3674496644295302,0.43139583333333337,0.5684840425531915
ContactDoctor/Bio-Medical-3B-CoT-012025,0.360379349,0.438315338,0.2212990936555891,0.30453020134228187,0.3367604166666667,0.2933843085106383
ContactDoctor/Bio-Medical-Llama-3-8B,0.4422365988909427,0.486311803,0.067220544,0.3338926174496644,0.35139583333333335,0.36477726063829785
CoolSpring/Qwen2-0.5B-Abyme,0.19151850423542865,0.2861834296481826,0.029456193,0.2533557046979866,0.35421875,0.13331117021276595
CoolSpring/Qwen2-0.5B-Abyme-merge2,0.2021846478454944,0.29942723009138733,0.033232628,0.2600671140939597,0.3687291666666667,0.14893617021276595
CoolSpring/Qwen2-0.5B-Abyme-merge3,0.23860468002677343,0.30031404525933675,0.031722054,0.26426174496644295,0.35009375000000004,0.15001662234042554
Corianas/Neural-Mistral-7B,0.5489235229191878,0.4428023404192858,0.018882175,0.2835570469798658,0.3872708333333333,0.27376994680851063
Corianas/Quokka_2.7b,0.17490702447284318,0.3055474937424842,0.008308157,0.2558724832214765,0.3908333333333333,0.11452792553191489
CortexLM/btlm-7b-base-v0.2,0.14832865685270635,0.4006411985841813,0.015105740181268883,0.2533557046979866,0.38460416666666664,0.2349567819148936
Cran-May/SCE-2-24B,0.5865924635522636,0.6264692798019763,0.18957703927492447,0.337248322,0.4528125,0.461186835
Cran-May/SCE-3-24B,0.5465254413844156,0.597283045,0.18806646525679757,0.3464765100671141,0.44347916666666665,0.4646775265957447
Cran-May/T.E-8.1,0.7076922565459647,0.5581754708123893,0.44561933534743203,0.31291946308724833,0.4505208333333333,0.4432347074468085
Cran-May/merge_model_20250308_2,0.5932370554572978,0.6585311075974459,0.4380664652567976,0.39093959731543626,0.4793541666666667,0.5419714095744681
Cran-May/merge_model_20250308_3,0.6017799438822324,0.6271459892225041,0.2545317220543807,0.3221476510067114,0.43204166666666666,0.49617686170212766
Cran-May/merge_model_20250308_4,0.4539521802151624,0.666435217,0.4199395770392749,0.3976510067114094,0.4688125,0.5366522606382979
Cran-May/tempmotacilla-cinerea-0308,0.8084837121061007,0.6550960569488126,0.5551359516616314,0.3624161073825503,0.42082291666666666,0.5250166223404256
CreitinGameplays/Llama-3.1-8B-R1-v0.1,0.32348502,0.3057485865545513,0.18126888217522658,0.25838926174496646,0.36215624999999996,0.12516622340425532
CultriX/Qwen2.5-14B-Broca,0.560414146,0.6527145981540362,0.3580060422960725,0.38674496644295303,0.47665625,0.5364029255319149
CultriX/Qwen2.5-14B-BrocaV9,0.6762933460994606,0.6391383585238984,0.3814199395770393,0.3640939597315436,0.46903125,0.5330784574468085
CultriX/Qwen2.5-14B-Brocav3,0.6951776841004091,0.6452353476182755,0.38746223564954685,0.35906040268456374,0.4756354166666667,0.53174867
CultriX/Qwen2.5-14B-Brocav6,0.6995239298394925,0.6388835266626555,0.38746223564954685,0.3674496644295302,0.47420833333333334,0.5319148936170213
CultriX/Qwen2.5-14B-Brocav7,0.6723715297632504,0.6444026981327182,0.38444108761329304,0.3674496644295302,0.47960416666666666,0.5257646276595744
CultriX/Qwen2.5-14B-Emerged,0.7000237148543642,0.6260033680703311,0.324773414,0.3573825503355705,0.46909375000000003,0.5186170212765957
CultriX/Qwen2.5-14B-Emergedv3,0.6388493641316153,0.6190728411056029,0.43580060422960726,0.36073825503355705,0.4728125,0.5173703457446809
CultriX/Qwen2.5-14B-FinalMerge,0.48909781601705693,0.5714945310011449,0.3814199395770393,0.3548657718120805,0.43790625,0.4574468085106383
CultriX/Qwen2.5-14B-Hyper,0.5391317260424563,0.6507453346766106,0.34365558912386707,0.39177852348993286,0.48983333333333334,0.5374002659574468
CultriX/Qwen2.5-14B-HyperMarck-dl,0.6650276821057017,0.6096480033153927,0.5287009063444109,0.3674496644295302,0.4415625,0.5090591755319149
CultriX/Qwen2.5-14B-Hyperionv3,0.6836371937570092,0.6522165609411941,0.37009063444108764,0.37080536912751677,0.47296875,0.5339926861702128
CultriX/Qwen2.5-14B-Hyperionv4,0.5415796752616391,0.6471791978856551,0.3474320241691843,0.3976510067114094,0.48319791666666667,0.5364029255319149
CultriX/Qwen2.5-14B-Hyperionv5,0.6729211824625327,0.644265785,0.3821752265861027,0.3716442953020134,0.4795416666666667,0.5301695478723404
CultriX/Qwen2.5-14B-MegaMerge-pt2,0.568307646,0.6577703330510146,0.3995468277945619,0.37919463087248323,0.472875,0.5420545212765957
CultriX/Qwen2.5-14B-MergeStock,0.5685326046002386,0.6579336391923106,0.41465256797583083,0.3733221476510067,0.4676354166666667,0.53956117
CultriX/Qwen2.5-14B-ReasoningMerge,0.46054690443578594,0.6578226399295218,0.520392749,0.4077181208053691,0.5165937500000001,0.5344913563829787
CultriX/Qwen2.5-14B-Ultimav2,0.5500228283177524,0.6555027486976712,0.38444108761329304,0.3850671140939597,0.4965625,0.5417220744680851
CultriX/Qwen2.5-14B-Unity,0.6738952645646883,0.6019955540977778,0.4312688821752266,0.34731543624161076,0.4679479166666667,0.507563165
CultriX/Qwen2.5-14B-Wernicke,0.5234699486252034,0.6568359662501574,0.3814199395770393,0.3934563758389262,0.46890625,0.5423869680851063
CultriX/Qwen2.5-14B-Wernicke-SFT,0.4937443760333692,0.6460586236565512,0.3595166163141994,0.3540268456375839,0.38999999999999996,0.5069813829787234
CultriX/Qwen2.5-14B-Wernicke-SLERP,0.5588904107767391,0.6440929009604598,0.4486404833836858,0.34395973154362414,0.41403125,0.5093916223404256
CultriX/Qwen2.5-14B-Wernickev3,0.7048198779239085,0.6184146992839421,0.3542296072507553,0.3624161073825503,0.4716666666666667,0.51512633
CultriX/Qwen2.5-14B-partialmergept1,0.633728507,0.6151178406213536,0.45392749244712993,0.3615771812080537,0.47569791666666666,0.5207779255319149
CultriX/Qwenfinity-2.5-14B,0.4813794066410457,0.5655007271970033,0.41012084592145015,0.348993289,0.45058333333333334,0.4498005319148936
CultriX/Qwestion-14B,0.6317803428237078,0.6450104739140539,0.3723564954682779,0.36828859060402686,0.46360416666666665,0.542220745
CultriX/SeQwence-14B,0.5351600420218354,0.6505665291288972,0.35347432024169184,0.36073825503355705,0.46661458333333333,0.5418882978723404
CultriX/SeQwence-14B-EvolMerge,0.5381576439403006,0.6572183434723883,0.36706948640483383,0.3808724832214765,0.48208333333333336,0.5418882978723404
CultriX/SeQwence-14B-EvolMergev1,0.5554683794554005,0.6545547382762975,0.4214501510574018,0.3766778523489933,0.46227083333333335,0.539311835
CultriX/SeQwence-14B-v5,0.5919881470055011,0.6517093605796943,0.33081570996978854,0.3699664429530201,0.47141666666666665,0.5414727393617021
CultriX/SeQwence-14Bv1,0.6678003253589365,0.6344673727103446,0.3610271903323263,0.3615771812080537,0.47042708333333333,0.531998005
CultriX/SeQwence-14Bv2,0.5785992278266112,0.6304512627108576,0.47583081570996977,0.36073825503355705,0.4601041666666667,0.5334109042553191
CultriX/SeQwence-14Bv3,0.5719047682371663,0.6302253848409948,0.47658610271903323,0.3649328859060403,0.4624270833333333,0.5334940159574468
DRXD1000/Atlas-7B,0.3704459722425387,0.3302176697760134,0.018882175,0.2575503355704698,0.33425,0.14012632978723405
DRXD1000/Phoenix-7B,0.3209617149164218,0.3931566034728218,0.016616314,0.2785234899328859,0.38494791666666667,0.23429188829787234
DUAL-GPO/zephyr-7b-ipo-0k-15k-i1,0.27562423259174545,0.4472712447565954,0.030211480362537766,0.2911073825503356,0.41734374999999996,0.31299867021276595
DZgas/GIGABATEMAN-7B,0.46074637517342876,0.5032184342862756,0.055135952,0.28942953020134227,0.43284374999999997,0.3176529255319149
Daemontatox/AetherDrake-SFT,0.4812796712722244,0.48720075507220245,0.1510574018126888,0.32046979865771813,0.40884375,0.34990026595744683
Daemontatox/AetherSett,0.5369586031729146,0.5451624435465484,0.3972809667673716,0.30788590604026844,0.46031249999999996,0.4278590425531915
Daemontatox/AetherTOT,0.4397642699149368,0.5066056342472064,0.1487915407854985,0.3238255033557047,0.4078541666666667,0.38040226063829785
Daemontatox/AetherUncensored,0.40419309653940433,0.44631282805144945,0.14501510574018128,0.28859060402684567,0.3746770833333333,0.27102726063829785
Daemontatox/Cogito-MIS,0.18145188100905596,0.5059981143086196,0.086102719,0.25671140939597314,0.37676041666666665,0.14353390957446807
Daemontatox/CogitoDistil,0.27764775240805506,0.36767660461416857,0.39274924471299094,0.25922818791946306,0.3754895833333333,0.2625498670212766
Daemontatox/CogitoZ,0.3967240255854466,0.6734487392645502,0.5241691842900302,0.3951342281879195,0.4792604166666667,0.5592586436170213
Daemontatox/CogitoZ14,0.6637034180419066,0.6297514788808327,0.42220543806646527,0.3162751677852349,0.405875,0.39993351063829785
Daemontatox/DocumentCogito,0.5064340394597445,0.5111563719111275,0.16314199395770393,0.3162751677852349,0.3973125,0.38023603723404253
Daemontatox/Llama3.3-70B-CogniLink,0.6931042965996888,0.666832776,0.41389728096676737,0.44546979865771813,0.4876979166666667,0.5172872340425532
Daemontatox/Llama_cot,0.7548781677061308,0.4838374335391873,0.20241691842900303,0.2911073825503356,0.3872395833333333,0.351811835
Daemontatox/MawaredT1,0.41988036188424493,0.5214815439293661,0.3021148036253776,0.3347315436241611,0.47020833333333334,0.4718251329787234
Daemontatox/Mini_QwQ,0.44970566984490046,0.554898907,0.41918429003021146,0.3036912751677852,0.46825,0.437250665
Daemontatox/NemoR,0.2287375275380435,0.5194067688446361,0.083081571,0.3271812080536913,0.39080208333333327,0.32903922872340424
Daemontatox/PathFinderAI2.0,0.45410178326839457,0.665823006,0.5075528700906344,0.30201342281879195,0.4215625,0.5546875
Daemontatox/PathFinderAi3.0,0.42709898624538445,0.6884221416328996,0.5045317220543807,0.4085570469798658,0.4806875,0.5757147606382979
Daemontatox/PathfinderAI,0.37451739163198094,0.6667854331232542,0.47583081570996977,0.39429530201342283,0.48583333333333334,0.559341755
Daemontatox/Phi-4-COT,0.17930313789633728,0.6172933868833469,0.2243202416918429,0.33557046979865773,0.453,0.50049867
Daemontatox/PixelParse_AI,0.43829040279790954,0.5034307630533988,0.1472809667673716,0.3238255033557047,0.40518750000000003,0.37782579787234044
Daemontatox/RA2.0,0.37838934028378035,0.4888687006782508,0.38368580060422963,0.3053691275167785,0.40912499999999996,0.26163563829787234
Daemontatox/RA_Reasoner,0.559215105,0.6053692417205033,0.2122356495468278,0.3313758389261745,0.3963541666666666,0.43001994680851063
Daemontatox/RA_Reasoner2.0,0.5366339091388627,0.6062469551969276,0.2311178247734139,0.32466442953020136,0.3883541666666667,0.4353390957446808
Daemontatox/ReasonTest,0.4079653098223824,0.543526398,0.21374622356495468,0.3187919463087248,0.43154166666666666,0.4271941489361702
Daemontatox/Research_PathfinderAI,0.3456916537010687,0.287225756,0.16993957703927492,0.2407718120805369,0.33939583333333334,0.11303191489361702
Daemontatox/SphinX,0.5725042886208593,0.5440583486084486,0.3081570996978852,0.2978187919463087,0.44049999999999995,0.43658577127659576
Daemontatox/Sphinx2.0,0.7123133286346892,0.647283977,0.40181268882175225,0.2936241610738255,0.42603125000000003,0.5183676861702128
Daemontatox/TinySphinx,0.2566900269063862,0.33098404240871354,0.04305136,0.27348993288590606,0.33276041666666667,0.1697972074468085
Daemontatox/TinySphinx2.0,0.25351733400710114,0.3168407073661037,0.032477341,0.2684563758389262,0.33825,0.1731216755319149
Daemontatox/Zirel-7B-Math,0.6638785090227264,0.5447698777469486,0.19788519637462235,0.3263422818791946,0.47891666666666666,0.4237034574468085
Daemontatox/Zirel_1.5,0.4167575366693706,0.3984669254999634,0.11329305135951662,0.2600671140939597,0.36581250000000004,0.21434507978723405
Daemontatox/mini-Cogito-R1,0.2298368329366082,0.3280491875175077,0.27492447129909364,0.28691275167785235,0.34469791666666666,0.14818816489361702
Daemontatox/mini_Pathfinder,0.29615752869054107,0.39556911910803755,0.47507552870090636,0.25838926174496646,0.37809374999999995,0.28091755319148937
Dampfinchen/Llama-3.1-8B-Ultra-Instruct,0.8081091503876381,0.5257532452246574,0.22054380664652568,0.29194630872483224,0.40032291666666664,0.382563165
Danielbrdz/Barcenas-10b,0.6607811717354397,0.6120828494270083,0.21525679758308158,0.3414429530201342,0.41346875,0.4360871010638298
Danielbrdz/Barcenas-14b-Phi-3-medium-ORPO,0.4799055395240185,0.6536184886648629,0.20241691842900303,0.3263422818791946,0.48075,0.47232380319148937
Danielbrdz/Barcenas-14b-phi-4,0.049759084,0.6769303819643072,0.2583081570996979,0.38338926174496646,0.5096770833333334,0.5174534574468085
Danielbrdz/Barcenas-14b-phi-4-v2,0.27747266142723526,0.6573002324945257,0.3217522658610272,0.3783557046979866,0.43994791666666666,0.5243517287234043
Danielbrdz/Barcenas-3b-GRPO,0.5444276741268723,0.44143515175110304,0.13746223564954682,0.2902684563758389,0.35759375,0.3036901595744681
Danielbrdz/Barcenas-Llama3-8b-ORPO,0.737242738,0.49865578559911244,0.06570997,0.3070469798657718,0.4189583333333333,0.3829787234042553
Danielbrdz/Barcenas-R1-Qwen-1.5b,0.24280132271262472,0.35872011187392944,0.3496978851963746,0.3036912751677852,0.354125,0.19090757978723405
Dans-DiscountModels/12b-mn-dans-reasoning-test-2,0.3710953603106424,0.48070333147041405,0.063444109,0.27348993288590606,0.37021875,0.2507480053191489
Dans-DiscountModels/12b-mn-dans-reasoning-test-3,0.5052593784491815,0.48388753289945696,0.077794562,0.2709731543624161,0.4167604166666667,0.2515791223404255
Dans-DiscountModels/Dans-Instruct-CoreCurriculum-12b-ChatML,0.21110209798889168,0.4791864789096407,0.04305136,0.2802013422818792,0.3606354166666667,0.2805019946808511
Dans-DiscountModels/Dans-Instruct-Mix-8b-ChatML,0.082507746,0.4738171816307924,0.055135952,0.29446308724832215,0.3918229166666667,0.32878989361702127
Dans-DiscountModels/Dans-Instruct-Mix-8b-ChatML-V0.1.0,0.066820481,0.47747656219777285,0.067220544,0.2860738255033557,0.3785833333333333,0.328374335
Dans-DiscountModels/Dans-Instruct-Mix-8b-ChatML-V0.1.1,0.091050635,0.4748653313732898,0.059667674,0.2911073825503356,0.3824895833333333,0.327875665
Dans-DiscountModels/Dans-Instruct-Mix-8b-ChatML-V0.2.0,0.5064085515321569,0.4624263551503409,0.07326284,0.2936241610738255,0.3644479166666667,0.2999501329787234
Dans-DiscountModels/Mistral-7b-v0.3-Test-E0.7,0.5123538876846767,0.4750220653053363,0.033987915407854986,0.2961409395973154,0.40051041666666665,0.2744348404255319
Dans-DiscountModels/mistral-7b-test-merged,0.6678003253589365,0.48981661658184755,0.044561934,0.29446308724832215,0.3753958333333333,0.29778922872340424
Darkknight535/OpenCrystal-12B-L3,0.4070909630890482,0.5222598504945516,0.089879154,0.3062080536912752,0.36565625,0.3640292553191489
DavidAU/DeepHermes-3-Llama-3-8B-Preview-16.5B-Brainstorm,0.31356799957446246,0.4762231983114653,0.10574018126888217,0.313758389,0.39278125,0.3208942819148936
DavidAU/DeepSeek-BlackRoot-R1-Distill-Llama-3.1-8B,0.36849780803822746,0.488693863,0.06570997,0.3179530201342282,0.43197916666666664,0.2976230053191489
DavidAU/DeepSeek-Grand-Horror-SMB-R1-Distill-Llama-3.1-16B,0.2506948230694557,0.44878062698346727,0.029456193,0.313758389,0.41644791666666664,0.2709441489361702
DavidAU/DeepSeek-MOE-4X8B-R1-Distill-Llama-3.1-Deep-Thinker-Uncensored-24B,0.3882564927725103,0.48860331670972784,0.081570997,0.32298657718120805,0.4375,0.30244348404255317
DavidAU/DeepSeek-MOE-4X8B-R1-Distill-Llama-3.1-Mad-Scientist-24B,0.3436182662003484,0.47693843531787744,0.075528701,0.337248322,0.4230833333333333,0.29695811170212766
DavidAU/DeepSeek-R1-Distill-Qwen-25.5B-Brainstorm,0.34159474638403875,0.580689592,0.5536253776435045,0.3859060402684564,0.5155104166666666,0.4623503989361702
DavidAU/DeepSeek-V2-Grand-Horror-SMB-R1-Distill-Llama-3.1-Uncensored-16.5B,0.2853162940996556,0.44623832540838126,0.017371601208459216,0.3053691275167785,0.417875,0.2777593085106383
DavidAU/DeepThought-MOE-8X3B-R1-Llama-3.2-Reasoning-18B,0.3793135547015253,0.4232300476265338,0.10800604229607251,0.27936241610738255,0.3559791666666667,0.2720246010638298
DavidAU/Gemma-The-Writer-9B,0.17403156956874427,0.5905439384199537,0.087613293,0.34563758389261745,0.409875,0.39793882978723405
DavidAU/Gemma-The-Writer-DEADLINE-10B,0.23315802071836061,0.5896087932535433,0.098942598,0.3422818791946309,0.4188645833333333,0.39461436170212766
DavidAU/Gemma-The-Writer-J.GutenBerg-10B,0.28578948301617485,0.5909421265868766,0.092145015,0.33808724832214765,0.41759375,0.3946974734042553
DavidAU/Gemma-The-Writer-Mighty-Sword-9B,0.7527549125209998,0.5911959785635329,0.19108761329305135,0.34815436241610737,0.4111770833333333,0.39677526595744683
DavidAU/Gemma-The-Writer-N-Restless-Quill-10B-Uncensored,0.7070927361622716,0.5922294775018883,0.229607251,0.3414429530201342,0.41632291666666665,0.3966090425531915
DavidAU/L3-DARKEST-PLANET-16.5B,0.6230623634179533,0.5230436906708896,0.089879154,0.2953020134228188,0.3753645833333333,0.363031915
DavidAU/L3-Dark-Planet-8B,0.4134108609600305,0.5084081453197787,0.082326284,0.30033557046979864,0.36159375,0.37367021276595747
DavidAU/L3-Jamet-12.2B-MK.V-Blackroot-Instruct,0.3961998608137519,0.4765717717789398,0.040785498,0.2785234899328859,0.40196875,0.3291223404255319
DavidAU/L3-Lumimaid-12.2B-v0.1-OAS-Instruct,0.3924032677739509,0.46930207579694677,0.046072508,0.27684563758389263,0.41942708333333334,0.31416223404255317
DavidAU/L3-SMB-Instruct-12.2B-F32,0.4303215468290802,0.4786412360346213,0.046827795,0.28187919463087246,0.40872916666666664,0.3312001329787234
DavidAU/L3-Stheno-Maid-Blackroot-Grand-HORROR-16B,0.34389309254998957,0.4736328900737677,0.021903323,0.2709731543624161,0.40311458333333333,0.3570478723404255
DavidAU/L3-Stheno-v3.2-12.2B-Instruct,0.4027945850343755,0.4845980190500647,0.05060423,0.2751677852348993,0.41025,0.3345246010638298
DavidAU/L3.1-Dark-Planet-SpinFire-Uncensored-8B,0.7042702252246262,0.5260910165037093,0.092900302,0.27936241610738255,0.354125,0.3670212765957447
DavidAU/L3.1-MOE-2X8B-Deepseek-DeepHermes-e32-uncensored-abliterated-13.7B,0.3345257250761313,0.4420822344441435,0.26057401812688824,0.313758389,0.37486458333333333,0.2892287234042553
DavidAU/Qwen2.5-MOE-2X1.5B-DeepSeek-Uncensored-Censored-4B,0.17832905579418165,0.30326053640004424,0.024924471299093656,0.25922818791946306,0.3714583333333333,0.11419547872340426
DavidAU/Qwen2.5-MOE-2X7B-DeepSeek-Abliterated-Censored-19B,0.28351773294857646,0.35922718767499157,0.24169184290030213,0.2651006711409396,0.38469791666666664,0.1636469414893617
DavidAU/Qwen2.5-MOE-6x1.5B-DeepSeek-Reasoning-e32,0.21067766858601844,0.32861776640637924,0.066465257,0.24748322147651006,0.3404479166666667,0.11220079787234043
Davidsv/SUONG-1,0.2497207409673001,0.28171339082318814,0,0.24412751677852348,0.35775,0.1085438829787234
DavieLion/Llama-3.2-1B-SPIN-iter0,0.15067687070306784,0.29300816789978756,0,0.2533557046979866,0.3565416666666667,0.11253324468085106
DavieLion/Llama-3.2-1B-SPIN-iter1,0.15754642127333254,0.29402546232087917,0.002265861,0.25083892617449666,0.3646041666666667,0.11178523936170212
DavieLion/Llama-3.2-1B-SPIN-iter2,0.13761264555822994,0.2980340303779312,0.005287009,0.25419463087248323,0.35530208333333335,0.11286569148936171
DavieLion/Llama-3.2-1B-SPIN-iter3,0.1335910938531984,0.29752276438021447,0.006797583,0.2533557046979866,0.34996875,0.11278257978723404
DavieLion/Lllma-3.2-1B,0.1601439735457475,0.2964692268500723,0.006797583,0.24412751677852348,0.35781250000000003,0.11261635638297872
DebateLabKIT/Llama-3.1-Argunaut-1-8B-SFT,0.551921125,0.48238301936695316,0.14501510574018128,0.2835570469798658,0.4503020833333333,0.3472406914893617
Deci/DeciLM-7B,0.28129474239462404,0.44228566674266495,0.028700906344410877,0.2953020134228188,0.43585416666666665,0.26919880319148937
Deci/DeciLM-7B-instruct,0.4880239985460799,0.4589748654047652,0.030211480362537766,0.28942953020134227,0.38841666666666663,0.26080452127659576
DeepAutoAI/Explore_Llama-3.1-8B-Inst,0.7794828831943688,0.511742159,0.20090634441087613,0.2835570469798658,0.3909583333333333,0.379155585
DeepAutoAI/Explore_Llama-3.2-1B-Inst,0.5648856146136695,0.35048085637770016,0.074773414,0.2558724832214765,0.31834375,0.18085106382978725
DeepAutoAI/Explore_Llama-3.2-1B-Inst_v0,0.5597148898256625,0.33650903200352716,0.059667674,0.2634228187919463,0.3103125,0.18035239361702127
DeepAutoAI/Explore_Llama-3.2-1B-Inst_v1,0.4998891829235318,0.3141475230443668,0.030966767371601207,0.24496644295302014,0.37809374999999995,0.12691156914893617
DeepAutoAI/Explore_Llama-3.2-1B-Inst_v1.1,0.5844193406827218,0.3512662445055541,0.071752266,0.2625838926174497,0.3117083333333333,0.18184840425531915
DeepAutoAI/causal_gpt2,0.1812767900282362,0.30257073962835446,0.005287009,0.2600671140939597,0.42695833333333333,0.11311502659574468
DeepAutoAI/d2nwg_Llama-3.1-8B-Instruct-v0.0,0.7892746800711002,0.5080411642065981,0.18051359516616314,0.29194630872483224,0.41346875,0.3877160904255319
DeepAutoAI/d2nwg_causal_gpt2,0.19161823960425006,0.30268984588252307,0.004531722,0.2575503355704698,0.42971875,0.11510970744680851
DeepAutoAI/d2nwg_causal_gpt2_v1,0.1988623518929773,0.29918984588252306,0.003776435,0.25838926174496646,0.4336875,0.11353058510638298
DeepAutoAI/ldm_soup_Llama-3.1-8B-Inst,0.80326312,0.512116784,0.18882175226586104,0.28942953020134227,0.41613541666666665,0.38863031914893614
DeepAutoAI/ldm_soup_Llama-3.1-8B-Instruct-v0.0,0.7889499860370484,0.5125175335277464,0.19184290030211482,0.2911073825503356,0.41213541666666664,0.38954454787234044
DeepAutoAI/ldm_soup_Llama-3.1-8B-Instruct-v0.1,0.7889499860370484,0.5125175335277464,0.19184290030211482,0.2911073825503356,0.41213541666666664,0.38954454787234044
DeepMount00/Lexora-Lite-3B,0.5775996577968678,0.4873392373334518,0.23036253776435045,0.27432885906040266,0.39660416666666665,0.3602061170212766
DeepMount00/Lexora-Lite-3B_v2,0.49431840848947456,0.48117654754683153,0.2280966767371601,0.2709731543624161,0.38215625,0.35438829787234044
DeepMount00/Lexora-Medium-7B,0.4103379034295669,0.5144844494250328,0.22205438066465258,0.3053691275167785,0.44394791666666666,0.43251329787234044
DeepMount00/Llama-3-8b-Ita,0.7530297388706411,0.493576506,0.066465257,0.3053691275167785,0.4267708333333333,0.38522273936170215
DeepMount00/Llama-3.1-8b-ITA,0.7916727616058724,0.5109356715302854,0.10876132930513595,0.287751678,0.41359375,0.38763297872340424
DeepMount00/Llama-3.1-Distilled,0.7843787816327346,0.5100875314179011,0.20317220543806647,0.3036912751677852,0.40581249999999996,0.3781582446808511
DeepMount00/Qwen2-1.5B-Ita,0.5173495214918638,0.39805765159128703,0.11404833836858005,0.2625838926174497,0.35037500000000005,0.2771775265957447
DeepMount00/Qwen2-1.5B-Ita_v2,0.49998891829235315,0.3953827803974795,0.096676737,0.25922818791946306,0.37018749999999995,0.30319148936170215
DeepMount00/Qwen2-1.5B-Ita_v3,0.4890479483326463,0.3948478837209111,0.1042296072507553,0.2533557046979866,0.37415624999999997,0.3017785904255319
DeepMount00/Qwen2-1.5B-Ita_v5,0.4987400098405564,0.40320443289745417,0.11782477341389729,0.25419463087248323,0.34225,0.29429853723404253
DeepMount00/Qwen2-1.5B-Ita_v6,0.29990425404593146,0.42486081646897506,0.084592145,0.2827181208053691,0.3754583333333333,0.28715093085106386
DeepMount00/Qwen2.5-7B-Instruct-MathCoder,0.15302508455342934,0.2998444769655102,0.000755287,0.2625838926174497,0.3806354166666666,0.11178523936170212
DeepMount00/mergekit-ties-okvgjfz,0.15302508455342934,0.2998444769655102,0.000755287,0.2625838926174497,0.3806354166666666,0.11178523936170212
Delta-Vector/Baldur-8B,0.47818233398493776,0.5305842954529679,0.14350453172205438,0.30201342281879195,0.43715624999999997,0.3654421542553192
Delta-Vector/Control-8B,0.5489733906035985,0.5041458754993735,0.13897280966767372,0.3162751677852349,0.43554166666666666,0.3731715425531915
Delta-Vector/Control-8B-V1.1,0.5696562897556262,0.49928406748541837,0.12764350453172205,0.3070469798657718,0.42372916666666666,0.37450132978723405
Delta-Vector/Darkens-8B,0.25476624245889795,0.5250590567372793,0.058912387,0.32466442953020136,0.4105520833333333,0.3735871010638298
Delta-Vector/Henbane-7b-attempt2,0.4157335868828043,0.5061177974093075,0.22734138972809667,0.2902684563758389,0.39734375000000005,0.4027593085106383
Delta-Vector/Odin-9B,0.3691970637907419,0.5440253444823155,0.14501510574018128,0.3414429530201342,0.46478125,0.4046708776595745
Delta-Vector/Tor-8B,0.23815476269631244,0.5209108776928992,0.058912387,0.3238255033557047,0.40921874999999996,0.37300531914893614
DevQuasar/DevQuasar-R1-Uncensored-Llama-8B,0.38488432913558246,0.5117943836412089,0.33081570996978854,0.34731543624161076,0.44357291666666665,0.3614527925531915
Dongwei/DeepSeek-R1-Distill-Qwen-7B-GRPO,0.40376866713653103,0.34425676981862185,0.19561933534743203,0.27936241610738255,0.36628124999999995,0.23221409574468085
DoppelReflEx/L3-8B-R1-WolfCore,0.3775404814780339,0.531794653,0.16314199395770393,0.3288590604026846,0.42766666666666664,0.3716755319148936
DoppelReflEx/L3-8B-R1-WolfCore-V1.5-test,0.3955006050612375,0.5314954163679548,0.12311178247734139,0.3263422818791946,0.3840729166666667,0.37275598404255317
DoppelReflEx/L3-8B-WolfCore,0.4021950646506824,0.5181980783946081,0.098187311,0.30956375838926176,0.39728125000000003,0.3705119680851064
DoppelReflEx/MN-12B-FoxFrame-test,0.42220308780701876,0.5456376527271466,0.13972809667673716,0.30788590604026844,0.42540625,0.3503158244680851
DoppelReflEx/MN-12B-FoxFrame2-test,0.43189514931492884,0.5484795753806021,0.1404833836858006,0.3145973154362416,0.4251875,0.3568816489361702
DoppelReflEx/MN-12B-FoxFrame3-test,0.43231957871780213,0.5394764281718397,0.13217522658610273,0.3011744966442953,0.45976041666666667,0.35289228723404253
DoppelReflEx/MN-12B-Kakigori,0.359329911,0.5415529337961275,0.11933534743202417,0.32466442953020136,0.40521875,0.3581283244680851
DoppelReflEx/MN-12B-LilithFrame,0.4509545782966972,0.4944264226434414,0.11555891238670694,0.3196308724832215,0.3895625,0.3256316489361702
DoppelReflEx/MN-12B-LilithFrame-Experiment-2,0.4299469851106176,0.4982672766561394,0.10725075528700906,0.32550335570469796,0.3804479166666666,0.32762632978723405
DoppelReflEx/MN-12B-LilithFrame-Experiment-3,0.4127858526487498,0.5468080647121653,0.13444108761329304,0.32802013422818793,0.4038541666666667,0.3603723404255319
DoppelReflEx/MN-12B-LilithFrame-Experiment-4,0.3981480250180632,0.5534370722864824,0.12235649546827794,0.31711409395973156,0.43706249999999996,0.3648603723404255
DoppelReflEx/MN-12B-Mimicore-GreenSnake,0.47800724300411795,0.5480509710089697,0.13897280966767372,0.32466442953020136,0.4305833333333333,0.3651097074468085
DoppelReflEx/MN-12B-Mimicore-Nocturne,0.3956502081144696,0.5703329773483826,0.10574018126888217,0.3196308724832215,0.45690625,0.36336436170212766
DoppelReflEx/MN-12B-Mimicore-Orochi,0.4620451513096362,0.549773946,0.13595166163141995,0.31291946308724833,0.45458333333333334,0.34466422872340424
DoppelReflEx/MN-12B-Mimicore-Orochi-v2-Experiment,0.2842413684579139,0.5322525988273211,0.061178248,0.2978187919463087,0.45737500000000003,0.3423371010638298
DoppelReflEx/MN-12B-Mimicore-Orochi-v3-Experiment,0.4101628124487471,0.5437817873983797,0.1216012084592145,0.29278523489932884,0.44379166666666664,0.339594415
DoppelReflEx/MN-12B-Mimicore-Orochi-v4-Experiment,0.4320702402957486,0.5462502212045214,0.12084592145015106,0.3053691275167785,0.4449375,0.3519780585106383
DoppelReflEx/MN-12B-Mimicore-WhiteSnake,0.44376033369238066,0.5604605871844869,0.13141993957703926,0.3179530201342282,0.456875,0.3657746010638298
DoppelReflEx/MN-12B-Mimicore-WhiteSnake-v2-Experiment-1,0.39090391272933595,0.48656395204478037,0.078549849,0.3053691275167785,0.3789583333333333,0.31141954787234044
DoppelReflEx/MN-12B-Mimicore-WhiteSnake-v2-Experiment-2,0.31239333856389934,0.5126398500939828,0.11253776435045318,0.2961409395973154,0.39746875,0.33136635638297873
DoppelReflEx/MN-12B-Mimicore-WhiteSnake-v2-Experiment-3,0.4302218114602588,0.4811798810475259,0.089879154,0.30201342281879195,0.3684166666666666,0.31981382978723405
DoppelReflEx/MN-12B-Mimicore-WhiteSnake-v2-Experiment-4,0.42405151664250856,0.5184748714407336,0.11404833836858005,0.3104026845637584,0.40019791666666665,0.3341921542553192
DoppelReflEx/MN-12B-Unleashed-Twilight,0.3505121965274361,0.5520627163174447,0.09592145,0.3288590604026846,0.4383958333333333,0.3677692819148936
DoppelReflEx/MN-12B-WolFrame,0.4397387819873491,0.511681288,0.13141993957703926,0.3104026845637584,0.40146875,0.33934507978723405
DoppelReflEx/MiniusLight-24B,0.25766410900854175,0.6256461050033514,0.12613293051359517,0.35822147651006714,0.43191666666666667,0.5091422872340425
DoppelReflEx/MiniusLight-24B-test,0.039367766,0.6333927323374534,0.025679758,0.36828859060402686,0.40925000000000006,0.5182014627659575
DoppelReflEx/MiniusLight-24B-v1b-test,0.37911408396388246,0.6617145681113757,0.2394259818731118,0.37919463087248323,0.4557291666666667,0.5364860372340425
DoppelReflEx/MiniusLight-24B-v1c-test,0.37858881102142317,0.6752681657268389,0.29682779456193353,0.3951342281879195,0.46341666666666664,0.5487034574468085
DoppelReflEx/MiniusLight-24B-v1d-test,0.40324339419407174,0.6712025325276962,0.2945619335347432,0.3951342281879195,0.46208333333333335,0.5488696808510638
DreadPoor/Again-8B-Model_Stock,0.6724213974476612,0.5309801059970912,0.12009063444108761,0.3011744966442953,0.39867708333333335,0.351811835
DreadPoor/Alita99-8B-LINEAR,0.7190077882241341,0.5441767095577089,0.1646525679758308,0.3162751677852349,0.42664583333333334,0.38090093085106386
DreadPoor/AnotherTest,0.47006387496287627,0.46834113564549334,0.061933534743202415,0.2978187919463087,0.42128125,0.2874833776595745
DreadPoor/Aspire-8B-model_stock,0.7140620221013578,0.5278251846388996,0.14954682779456194,0.3145973154362416,0.42124999999999996,0.37632978723404253
DreadPoor/Aspire_1.3-8B_model-stock,0.7061685217445268,0.5301644606574212,0.1691842900302115,0.30788590604026844,0.4104583333333333,0.37159242021276595
DreadPoor/Aspire_V2-8B-Model_Stock,0.7371430027881576,0.5329650089428358,0.17598187311178248,0.32046979865771813,0.38937499999999997,0.3696808510638298
DreadPoor/Aspire_V2.1-8B-Model_Stock,0.7237540836092679,0.5236395810818485,0.17673716012084592,0.30956375838926176,0.41359375,0.3800698138297872
DreadPoor/Aspire_V2_ALT-8B-Model_Stock,0.7381170848903134,0.5265819478728287,0.1729607250755287,0.32466442953020136,0.39749999999999996,0.3726728723404255
DreadPoor/Aspire_V2_ALT_ROW-8B-Model_Stock,0.7381170848903134,0.5265819478728287,0.1729607250755287,0.32466442953020136,0.39749999999999996,0.3726728723404255
DreadPoor/Aspire_V3-8B-Model_Stock,0.5118795905973927,0.5267958758971987,0.18580060422960726,0.3053691275167785,0.40149999999999997,0.36419547872340424
DreadPoor/Aspire_V4-8B-Model_Stock,0.76941626,0.5314037161536506,0.19259818731117825,0.30453020134228187,0.3867395833333333,0.370844415
DreadPoor/Aspire_V4_ALT-8B-Model_Stock,0.7365933500888753,0.5268232518944024,0.18126888217522658,0.32046979865771813,0.3920416666666666,0.3681848404255319
DreadPoor/Asymmetric_Linearity-8B-Model_Stock,0.7174341857382855,0.546535755,0.1646525679758308,0.3145973154362416,0.41994791666666664,0.3843916223404255
DreadPoor/Aurora_faustus-8B-LINEAR,0.7281003293483512,0.5515538279425277,0.17069486404833836,0.3070469798657718,0.4145833333333333,0.3842253989361702
DreadPoor/Aurora_faustus-8B-LORABLATED,0.7527050448365891,0.539159617,0.1487915407854985,0.30201342281879195,0.42385416666666664,0.36727061170212766
DreadPoor/Aurora_faustus-8B-LORABLATED_ALT,0.7377923908562614,0.5387670721191214,0.15861027190332327,0.2986577181208054,0.4225208333333333,0.36943151595744683
DreadPoor/Autumn_Dawn-8B-LINEAR,0.7292993701157373,0.5459436958014627,0.18580060422960726,0.2936241610738255,0.4185520833333333,0.39677526595744683
DreadPoor/BaeZel-8B-LINEAR,0.7377923908562614,0.5463800554321383,0.18126888217522658,0.3213087248322148,0.4227083333333333,0.3861369680851064
DreadPoor/BaeZel-8B-Model_Stock,0.7713145564878965,0.5407680550216925,0.16389728096676737,0.313758389,0.41991666666666666,0.38804853723404253
DreadPoor/BaeZel_V2-8B-Model_Stock,0.7676675665013276,0.5373871612758611,0.1797583081570997,0.29949664429530204,0.4185833333333333,0.3946974734042553
DreadPoor/BaeZel_V2_ALT-8B-Model_Stock,0.7676675665013276,0.5373871612758611,0.1797583081570997,0.29949664429530204,0.4185833333333333,0.3946974734042553
DreadPoor/BaeZel_V3-8B-Model_Stock,0.7831797408653485,0.539231077,0.18957703927492447,0.32046979865771813,0.41743749999999996,0.3887965425531915
DreadPoor/Blunt_Edge-8B-SLERP,0.7496575752337131,0.5389470863694941,0.18580060422960726,0.311241611,0.417375,0.37666223404255317
DreadPoor/BulkUp,0.177804891,0.28698602947692575,0,0.24748322147651006,0.3446666666666667,0.11095412234042554
DreadPoor/Cadence-8B-LINEAR,0.7682172192006099,0.5433358555450108,0.16767371601208458,0.3028523489932886,0.41734374999999996,0.3803191489361702
DreadPoor/Caelid-8B-Model_Stock,0.7247281657114235,0.5459605196913864,0.1510574018126888,0.3104026845637584,0.4001041666666667,0.3816489361702128
DreadPoor/Casuar-9B-Model_Stock,0.7764852812759035,0.6106681877306871,0.21299093655589124,0.3447986577181208,0.41654166666666664,0.4156416223404255
DreadPoor/Condensed_Milk-8B-Model_Stock,0.7536292592543341,0.5434864122121906,0.17447129909365558,0.3213087248322148,0.41601041666666666,0.38763297872340424
DreadPoor/CoolerCoder-8B-LINEAR,0.4519286603988528,0.4761504835496542,0.079305136,0.2902684563758389,0.3963541666666666,0.31590757978723405
DreadPoor/Damasteel-8B-LINEAR,0.7384417789243651,0.5388142176959776,0.16691842900302115,0.2986577181208054,0.42124999999999996,0.3779089095744681
DreadPoor/Dearly_Beloved-8B-TIES,0.8266687943545348,0.4049833102731906,0.21148036253776434,0.2986577181208054,0.41746875,0.2826628989361702
DreadPoor/Decayed-8B-LINEAR,0.7676176988169169,0.5417014088773181,0.1714501510574018,0.30956375838926176,0.4186145833333333,0.37632978723404253
DreadPoor/Derivative-8B-Model_Stock,0.7667433520835827,0.5395493987763994,0.17900302114803626,0.31711409395973156,0.42004166666666665,0.3810671542553192
DreadPoor/Derivative_V2-8B-Model_Stock,0.7536791269387447,0.5392643954415269,0.1797583081570997,0.3070469798657718,0.41229166666666667,0.38563829787234044
DreadPoor/Derivative_V2_ALT-8B-Model_Stock,0.7719639445560003,0.5365351570462934,0.18806646525679757,0.311241611,0.41346875,0.38821476063829785
DreadPoor/Derivative_V3-8B-Model_Stock,0.6963767248677952,0.524319746,0.14652567975830816,0.29446308724832215,0.4149895833333333,0.35023271276595747
DreadPoor/Elusive_Dragon_Heart-8B-LINEAR,0.7131378076836128,0.5456414280881592,0.14803625377643503,0.3062080536912752,0.4145520833333333,0.3813996010638298
DreadPoor/Emu_Eggs-9B-Model_Stock,0.7606982805622415,0.6051657213517168,0.20996978851963746,0.33305369127516776,0.4070833333333333,0.4227061170212766
DreadPoor/Eunoia_Vespera-8B-LINEAR,0.7235291249440374,0.5399310621081937,0.1540785498489426,0.3070469798657718,0.4184895833333333,0.38389295212765956
DreadPoor/Fu_sion_HA-8B-SLERP,0.7609232392274721,0.5372804197028272,0.17522658610271905,0.32298657718120805,0.41601041666666666,0.38248005319148937
DreadPoor/HOT_STINKING_GARBAGE,0.5754265349273262,0.4884000866161456,0.067220544,0.2751677852348993,0.42500000000000004,0.30169547872340424
DreadPoor/H_the_eighth-8B-LINEAR,0.7469347996648892,0.5383752114303682,0.17749244712990936,0.32802013422818793,0.41728125,0.3823969414893617
DreadPoor/Happy_New_Year-8B-Model_Stock,0.7615726272955757,0.5367913866457493,0.1593655589123867,0.313758389,0.4185520833333333,0.3878823138297872
DreadPoor/Heart_Stolen-8B-Model_Stock,0.7244533393617822,0.5395443745186658,0.17220543806646527,0.31711409395973156,0.41622916666666665,0.37940492021276595
DreadPoor/Heart_Stolen-ALT-8B-Model_Stock,0.7183584001560305,0.526338468,0.15634441087613293,0.3011744966442953,0.40549999999999997,0.37724401595744683
DreadPoor/Here_We_Go_Again-8B-SLERP,0.7442120240960651,0.5460182474181831,0.1729607250755287,0.3187919463087248,0.4186770833333333,0.3873005319148936
DreadPoor/Howdy-8B-LINEAR,0.7377923908562614,0.5383981582614435,0.17749244712990936,0.3145973154362416,0.41213541666666664,0.3806515957446808
DreadPoor/Incidental-8B-Model_Stock,0.748183708,0.5452070612873019,0.16163141993957703,0.3028523489932886,0.42401041666666667,0.3873005319148936
DreadPoor/Irina-8B-model_stock,0.6799403360860294,0.5236638956084764,0.10196374622356495,0.28439597315436244,0.40029166666666666,0.35738031914893614
DreadPoor/Kindling-8B-Model_Stock,0.7308231049171753,0.5492054832931256,0.17522658610271905,0.3179530201342282,0.4068333333333333,0.3829787234042553
DreadPoor/L3.1-BaeZel-8B-Della,0.5180243974875552,0.5448449542185521,0.17447129909365558,0.3196308724832215,0.4199791666666666,0.3902094414893617
DreadPoor/Laughing_Stock-8B-Model_Stock,0.7189579205397235,0.544942926,0.1578549848942598,0.28942953020134227,0.4145520833333333,0.3764128989361702
DreadPoor/Lava_Lamp-8B-SLERP,0.7381170848903134,0.5367586873360172,0.17371601208459214,0.3053691275167785,0.4187083333333333,0.375
DreadPoor/LemonP-8B-Model_Stock,0.7676176988169169,0.5439348074265458,0.17673716012084592,0.3028523489932886,0.40810416666666666,0.40043218085106386
DreadPoor/Lydia_of_Whiterun-8B-LINEAR,0.760323719,0.5379527944750039,0.17673716012084592,0.3162751677852349,0.42506249999999995,0.3800698138297872
DreadPoor/Matryoshka-8B-LINEAR,0.7262519005128614,0.5444280006376178,0.17522658610271905,0.32046979865771813,0.42524999999999996,0.3865525265957447
DreadPoor/Mercury_In_Retrograde-8b-Model-Stock,0.7296240641497892,0.5390507664719518,0.1646525679758308,0.3162751677852349,0.4198854166666666,0.38289561170212766
DreadPoor/Minthy-8B-Model_Stock,0.76576927,0.5352951319641014,0.19184290030211482,0.3036912751677852,0.40940624999999997,0.3992686170212766
DreadPoor/Minthy_ALT-8B-Model_Stock,0.6991992358054406,0.5374800202589046,0.17598187311178248,0.3062080536912752,0.4225208333333333,0.3673537234042553
DreadPoor/Minthy_V2-8B-Model_Stock,0.7125881549843305,0.5491095928821667,0.1593655589123867,0.29446308724832215,0.4198854166666666,0.37367021276595747
DreadPoor/Minus_Penus-8B-Model_Stock,0.7311477989512272,0.5343781571200968,0.2001510574018127,0.30956375838926176,0.40190624999999996,0.3751662234042553
DreadPoor/Morphing-8B-Model_Stock,0.744536718,0.5396942172954088,0.18882175226586104,0.2936241610738255,0.4068645833333333,0.38522273936170215
DreadPoor/Not_Even_My_Final_Form-8B-Model_Stock,0.7721889032212308,0.5350849793007441,0.17598187311178248,0.2953020134228188,0.41473958333333333,0.3839760638297872
DreadPoor/Nother_One-8B-Model_Stock,0.6863101016414226,0.5204527600425481,0.15181268882175228,0.28942953020134227,0.38702083333333337,0.35945811170212766
DreadPoor/Noxis-8B-LINEAR,0.6913057354486096,0.5420956502068554,0.19788519637462235,0.3187919463087248,0.4230833333333333,0.3660239361702128
DreadPoor/Nullsworn-12B-LINEAR,0.44356086295473784,0.5483045026677609,0.11253776435045318,0.30788590604026844,0.43495833333333334,0.3645279255319149
DreadPoor/Nwah-8B-Model_Stock,0.7715893828375378,0.5384269019541996,0.1797583081570997,0.3104026845637584,0.4039479166666667,0.3807347074468085
DreadPoor/ONeil-model_stock-8B,0.6785662043378236,0.5548337982400763,0.10120845921450151,0.3053691275167785,0.41734374999999996,0.35987367021276595
DreadPoor/Oh_Boy-8B-LINEAR,0.7503069633018169,0.5375114406292553,0.1782477341389728,0.30788590604026844,0.4107708333333333,0.3848902925531915
DreadPoor/OrangeJ-8B-Model_Stock,0.7841039552830933,0.5413478053905038,0.17598187311178248,0.3011744966442953,0.4027708333333333,0.3968583776595745
DreadPoor/Promissum_Mane-8B-LINEAR,0.7150361042035134,0.5457684398146738,0.1555891238670695,0.30453020134228187,0.42004166666666665,0.38505651595744683
DreadPoor/Promissum_Mane-8B-LINEAR-lorablated,0.7156356245872064,0.5435183631990302,0.15332326283987915,0.3036912751677852,0.4197916666666666,0.37391954787234044
DreadPoor/RPMash-8B-Model_Stock,0.4563502617499346,0.5169088291675549,0.10800604229607251,0.28691275167785235,0.405375,0.3603723404255319
DreadPoor/RPMash_V3-8B-Model_Stock,0.704919613,0.5217453397523113,0.1042296072507553,0.30033557046979864,0.37775000000000003,0.36136968085106386
DreadPoor/Rusted_Gold-8B-LINEAR,0.7296240641497892,0.5386646439313688,0.1933534743202417,0.2986577181208054,0.41775,0.37799202127659576
DreadPoor/Rusted_Platinum-8B-LINEAR,0.7179838384375679,0.5427868416987739,0.17220543806646527,0.2802013422818792,0.39666666666666667,0.37300531914893614
DreadPoor/Rusted_Platinum-8B-Model_Stock,0.44078821970150317,0.5242840148078765,0.10196374622356495,0.2684563758389262,0.37406249999999996,0.3546376329787234
DreadPoor/Sellen-8B-model_stock,0.7112893788481229,0.5231680557624704,0.1336858006042296,0.27432885906040266,0.3960416666666666,0.35696476063829785
DreadPoor/Something-8B-Model_Stock,0.5043107842746135,0.5395029370473196,0.1797583081570997,0.31711409395973156,0.41873958333333333,0.3885472074468085
DreadPoor/Spring_Dusk-8B-SCE,0.6514636719459922,0.5635271357931001,0.076283988,0.287751678,0.45997916666666666,0.3435837765957447
DreadPoor/Summer_Dawn-8B-SCE,0.6642032030567783,0.539111375,0.17220543806646527,0.30033557046979864,0.41204166666666664,0.37533244680851063
DreadPoor/Summer_Dusk-8B-TIES,0.4922206412319312,0.5359662578395569,0.18051359516616314,0.3070469798657718,0.4266770833333333,0.3855551861702128
DreadPoor/Summer_Rain-8B-SCE,0.5459259210007226,0.5845948417986419,0.070241692,0.3036912751677852,0.4477291666666667,0.3550531914893617
DreadPoor/Summer_Rain-8B-TIES,0.5444021861992845,0.5845948417986419,0.070241692,0.3036912751677852,0.4477291666666667,0.3550531914893617
DreadPoor/Sun-8B-Model_Stock,0.7758358932077998,0.5263511014407583,0.20996978851963746,0.29949664429530204,0.40975,0.38347739361702127
DreadPoor/Sweetened_Condensed_Milk-8B-Model_Stock,0.7417142071924716,0.5406287643522295,0.18731117824773413,0.3028523489932886,0.4106770833333333,0.38480718085106386
DreadPoor/TEST02-Ignore,0.6118964347930158,0.5601644306147606,0.086858006,0.28439597315436244,0.41985416666666664,0.3468251329787234
DreadPoor/TEST03-ignore,0.6967014189018471,0.5383414134372179,0.16540785498489427,0.3087248322147651,0.4186145833333333,0.37890625
DreadPoor/TEST06-ignore,0.7322969720342026,0.5509060880148441,0.11782477341389729,0.28691275167785235,0.4224895833333333,0.3615359042553192
DreadPoor/TEST07-ignore,0.7399655137258031,0.5561275711510345,0.1661631419939577,0.3087248322147651,0.40937500000000004,0.3879654255319149
DreadPoor/TEST08-ignore,0.7466599733152479,0.5453519655444978,0.18202416918429004,0.31291946308724833,0.40810416666666666,0.3853058510638298
DreadPoor/Trinas_Nectar-8B-model_stock,0.7259272064788096,0.5256123853406084,0.15256797583081572,0.2860738255033557,0.4067708333333333,0.36178523936170215
DreadPoor/UNTESTED-VENN_1.2-8B-Model_Stock,0.47176270074513404,0.5475027267486955,0.1540785498489426,0.31543624161073824,0.4449375,0.378656915
DreadPoor/VENN_1.2-8B-Model_Stock,0.7226049105262924,0.5458812486333333,0.17069486404833836,0.29697986577181207,0.42001041666666666,0.3720910904255319
DreadPoor/WIP-Acacia-8B-Model_Stock,0.6246359659038019,0.5194665568943516,0.16691842900302115,0.3062080536912752,0.4225833333333333,0.37367021276595747
DreadPoor/WIP_Damascus-8B-TIES,0.4776326812856554,0.5410672913070808,0.16540785498489427,0.3070469798657718,0.41185416666666663,0.37608045212765956
DreadPoor/Wannabe-8B-Model_Stock,0.7204816553411615,0.5389637944785705,0.17749244712990936,0.3011744966442953,0.41346875,0.383061835
DreadPoor/What_A_Thrill-8B-Model_Stock,0.7064433480941679,0.531144904,0.18202416918429004,0.29697986577181207,0.40804166666666664,0.3615359042553192
DreadPoor/Winter-8B-SCE,0.7536292592543341,0.5261733490323383,0.19184290030211482,0.29949664429530204,0.4070833333333333,0.38389295212765956
DreadPoor/Winter_Dawn-8B-TIES,0.5496482665992899,0.5309416142154736,0.18580060422960726,0.30956375838926176,0.42785416666666665,0.3910405585106383
DreadPoor/Winter_Dusk-8B-TIES,0.7152610628687439,0.4951882158967103,0.071752266,0.29949664429530204,0.3688229166666666,0.3478224734042553
DreadPoor/Winter_Night-8B-Model_Stock,0.7040452665593957,0.5184968441488284,0.14577039274924472,0.3062080536912752,0.3914270833333333,0.3666057180851064
DreadPoor/Yafune-8B-Model_Stock,0.7533045652202822,0.5466719512941253,0.1661631419939577,0.3271812080536913,0.41728125,0.38505651595744683
DreadPoor/Yearn_V3-8B-Model_Stock,0.7289746760816855,0.5322019394938072,0.18957703927492447,0.3053691275167785,0.3908958333333333,0.3801529255319149
DreadPoor/ZEUS-8B-V17-Abliterated_ALT,0.5511221337163171,0.5231075970343642,0.1903323262839879,0.30788590604026844,0.41492708333333334,0.3890458776595745
DreadPoor/Zelus-8B-Model_Stock,0.778833495,0.5307011398651839,0.1646525679758308,0.3062080536912752,0.42140625,0.38414228723404253
DreadPoor/Zelus_V2-8B-Model_Stock,0.7898243327703826,0.5344816839912676,0.2054380664652568,0.30956375838926176,0.3960729166666667,0.38331117021276595
DreadPoor/felix_dies-mistral-7B-model_stock,0.30077860077926566,0.49009180735274227,0.053625378,0.29194630872483224,0.4518229166666667,0.3109208776595745
DreadPoor/hakuchido-8B-MODEL_STOCK,0.7375175645066203,0.5398373390214104,0.19486404833836857,0.2953020134228188,0.41746875,0.3781582446808511
DreadPoor/ichor-8B-Model_Stock,0.5386319410275846,0.5084222037759372,0.10876132930513595,0.3238255033557047,0.42121875,0.31507646276595747
DreadPoor/ichor_1.1-8B-Model_Stock,0.8096328851890761,0.528067771,0.17749244712990936,0.3062080536912752,0.4067708333333333,0.3855551861702128
DreadPoor/inexpertus-8B-Model_Stock,0.7795327508787795,0.5280190470468065,0.17069486404833836,0.30956375838926176,0.41182291666666665,0.3790724734042553
DreadPoor/inexpertus_1.1-8B-LINEAR,0.7527050448365891,0.5524638802167572,0.1729607250755287,0.2978187919463087,0.41734374999999996,0.38272938829787234
DreadPoor/inexpertus_1.2-8B-LINEAR,0.7347947889377962,0.5523440600721518,0.15861027190332325,0.2953020134228188,0.41334374999999995,0.37882313829787234
DreadPoor/mergekit-nuslerp-nqzkedi,0.7764852812759035,0.5361918366546249,0.18806646525679757,0.3011744966442953,0.4224583333333333,0.3918716755319149
DreadPoor/remember_to_breathe-8b-Model-Stock,0.7104150321147887,0.5411654435599922,0.1487915407854985,0.3011744966442953,0.4144583333333333,0.37608045212765956
DreadPoor/test,0.49369450834895856,0.5371873804638203,0.1933534743202417,0.2709731543624161,0.4350833333333333,0.3646941489361702
DreadPoor/test_ALT,0.499689712,0.5370433315307738,0.17069486404833836,0.26929530201342283,0.4362916666666667,0.3492353723404255
DreadPoor/tests_pending-do_not_use_yet,0.7691414336183549,0.5407897873885027,0.19788519637462235,0.29697986577181207,0.40047916666666666,0.38272938829787234
ECE-ILAB-PRYMMAL/ILAB-Merging-3B-V2,0.40289432040319684,0.5401935891431586,0.15181268882175228,0.3053691275167785,0.43321875,0.38605385638297873
EVA-UNIT-01/EVA-Qwen2.5-14B-v0.2,0.4038429145777648,0.6090237540046592,0.3406344410876133,0.39429530201342283,0.4794479166666667,0.5135472074468085
EVA-UNIT-01/EVA-Qwen2.5-72B-v0.2,0.6878837041272712,0.7088012228048761,0.4312688821752266,0.4085570469798658,0.47197916666666667,0.581283245
Edgerunners/meta-llama-3-8b-instruct-hf-ortho-baukit-34fail-3000total-bf16,0.7147114101694614,0.4979908369885237,0.090634441,0.2600671140939597,0.33415625,0.36361369680851063
EleutherAI/gpt-j-6b,0.2522185578708937,0.3191044431037278,0.013595166163141994,0.24580536912751677,0.36575,0.12408577127659574
EleutherAI/gpt-neo-1.3B,0.20790502533278366,0.30392315869356407,0.010574018126888218,0.2558724832214765,0.38165625,0.1163563829787234
EleutherAI/gpt-neo-125m,0.19054442213327305,0.3115156885791523,0.006042296,0.2533557046979866,0.3593333333333333,0.10255984042553191
EleutherAI/gpt-neo-2.7B,0.2589628851447493,0.3139516033315253,0.010574018126888218,0.26593959731543626,0.3553645833333334,0.11627327127659574
EleutherAI/gpt-neox-20b,0.2586880587951081,0.31650380320877564,0.013595166163141994,0.24328859060402686,0.36466666666666664,0.1155252659574468
EleutherAI/pythia-1.4b,0.23708094522533543,0.31504265,0.015105740181268883,0.26174496644295303,0.35378125,0.11228390957446809
EleutherAI/pythia-12b,0.24714756845170813,0.3179653957935337,0.016616314,0.24664429530201343,0.3646979166666667,0.11087101063829788
EleutherAI/pythia-160m,0.18155161637787737,0.2970437484241321,0.009063444,0.25838926174496646,0.4179375,0.11195146276595745
EleutherAI/pythia-1b,0.2207941594968018,0.3004093017564394,0.009063444,0.25671140939597314,0.35520833333333335,0.11361369680851063
EleutherAI/pythia-2.8b,0.21732226049105263,0.3224085936276087,0.013595166163141994,0.25,0.3485729166666667,0.11369680851063829
EleutherAI/pythia-410m,0.21954525104500505,0.302813387,0.009818731,0.25922818791946306,0.35781250000000003,0.11278257978723404
EleutherAI/pythia-6.9b,0.22811362739752744,0.3232287869322383,0.014350453172205438,0.2516778523489933,0.3590520833333333,0.1146941489361702
Enno-Ai/EnnoAi-Pro-French-Llama-3-8B-v0.4,0.4188807918545016,0.4074954889367559,0.036253776,0.2709731543624161,0.41700000000000004,0.2634640957446808
Enno-Ai/EnnoAi-Pro-Llama-3-8B,0.31953771548380516,0.4151575806137866,0.021903323,0.26174496644295303,0.4070520833333333,0.21509308510638298
Enno-Ai/EnnoAi-Pro-Llama-3-8B-v0.3,0.5082569803676467,0.4100577461090639,0.048338369,0.2651006711409396,0.42357291666666663,0.2990359042553192
Enno-Ai/EnnoAi-Pro-Llama-3.1-8B-v0.9,0.4689147018799009,0.41602720836190127,0.03776435,0.26593959731543626,0.3831770833333333,0.2595578457446808
EnnoAi/EnnoAi-7B-French-Instruct-202502,0.5564424615575562,0.5574545199388612,0.3723564954682779,0.2953020134228188,0.45997916666666666,0.4013464095744681
EnnoAi/EnnoAi-Pro-Llama-3.1-8B-v1.0,0.4704384366813389,0.41602720836190127,0.03776435,0.26593959731543626,0.3831770833333333,0.2595578457446808
Epiculous/Azure_Dusk-v0.2,0.346715603,0.4119721873553597,0.029456193,0.2609060402684564,0.3834583333333333,0.3034408244680851
Epiculous/Crimson_Dawn-v0.2,0.3103454389907667,0.44823796489645434,0.04305136,0.276006711,0.4151770833333333,0.27210771276595747
Epiculous/NovaSpark,0.6408473960203371,0.5063958663768304,0.15181268882175228,0.2978187919463087,0.3881979166666667,0.3648603723404255
Epiculous/Violet_Twilight-v0.2,0.45317756885064964,0.4614552476845888,0.028700906,0.26593959731543626,0.42993750000000003,0.3110871010638298
EpistemeAI/Alpaca-Llama3.1-8B,0.15986914719610634,0.47552608539742874,0.05060423,0.2902684563758389,0.3402604166666667,0.3246343085106383
EpistemeAI/Athena-gemma-2-2b-it,0.3134172883504657,0.426422936,0.049093656,0.2684563758389262,0.43505208333333334,0.2421875
EpistemeAI/Athena-gemma-2-2b-it-Philos,0.4620950189940469,0.37947768790586744,0.037009063,0.28104026845637586,0.43136458333333333,0.22481715425531915
EpistemeAI/Athene-codegemma-2-7b-it-alpaca-v1.3,0.40299405577201824,0.4331916189482215,0.061933534743202415,0.2802013422818792,0.4503020833333333,0.25872672872340424
EpistemeAI/DeepPhi-3.5-mini-instruct,0.1325915238234551,0.28822860667627487,0.006797583,0.2332214765100671,0.36562500000000003,0.11028922872340426
EpistemeAI/DeepThinkers-Phi4,0.6939786433330231,0.6790415739665393,0.45845921450151056,0.34060402684563756,0.3980625,0.5257646276595744
EpistemeAI/FineLlama3.1-8B-Instruct,0.080009929,0.45573635384163325,0.034743202,0.2802013422818792,0.3481666666666667,0.3112533244680851
EpistemeAI/Fireball-12B,0.1833501775289565,0.5110893652548262,0.040785498,0.26174496644295303,0.42363541666666665,0.3343583776595745
EpistemeAI/Fireball-12B-v1.13a-philosophers,0.087553248,0.5102697700597862,0.046072508,0.3011744966442953,0.4080729166666666,0.3366855053191489
EpistemeAI/Fireball-Alpaca-Llama-3.1-8B-Philos-DPO-200,0.4577243934981405,0.4838398624677178,0.12311178247734139,0.30033557046979864,0.39445833333333336,0.35829454787234044
EpistemeAI/Fireball-Alpaca-Llama3.1.07-8B-Philos-Math-KTO-beta,0.7274010735958367,0.48648902139668476,0.15256797583081572,0.2802013422818792,0.3619375,0.3543051861702128
EpistemeAI/Fireball-Alpaca-Llama3.1.08-8B-Philos-C-R2,0.46731561146646455,0.4932027479020209,0.12386706948640483,0.2860738255033557,0.46236458333333336,0.3351894946808511
EpistemeAI/Fireball-Meta-Llama-3.1-8B-Instruct-0.001-128K-auto,0.44318630123627534,0.4823644760491404,0.13293051359516617,0.31208053691275167,0.4066458333333333,0.3515625
EpistemeAI/Fireball-Meta-Llama-3.1-8B-Instruct-Agent-0.003-128K,0.4457339858242796,0.48973199216860547,0.12084592145015106,0.29446308724832215,0.37622916666666667,0.3543051861702128
EpistemeAI/Fireball-Meta-Llama-3.1-8B-Instruct-Agent-0.003-128K-code,0.5975334335119704,0.4904191122627008,0.1336858006042296,0.30201342281879195,0.40103125,0.34225398936170215
EpistemeAI/Fireball-Meta-Llama-3.1-8B-Instruct-Agent-0.003-128K-code-ds,0.669099101,0.4668070143164938,0.1336858006042296,0.2726510067114094,0.34178125,0.33892952127659576
EpistemeAI/Fireball-Meta-Llama-3.1-8B-Instruct-Agent-0.003-128K-code-ds-auto,0.7304984108831234,0.46492466713692354,0.13972809667673716,0.26593959731543626,0.32088541666666665,0.34798869680851063
EpistemeAI/Fireball-Meta-Llama-3.1-8B-Instruct-Agent-0.004-128K-code-COT,0.4578241288669619,0.4760520079608936,0.13821752265861026,0.2936241610738255,0.3881354166666667,0.3470744680851064
EpistemeAI/Fireball-Meta-Llama-3.1-8B-Instruct-Agent-0.004-128K-code-ds-auto,0.7204816553411615,0.4817795525811035,0.14350453172205438,0.2483221476510067,0.33,0.35480385638297873
EpistemeAI/Fireball-Meta-Llama-3.1-8B-Instruct-Math,0.46229559790245434,0.49829504320793055,0.10800604229607251,0.2911073825503356,0.3640729166666667,0.33311170212765956
EpistemeAI/Fireball-Meta-Llama-3.2-8B-Instruct-agent-003-128k-code-DPO,0.46109655713506825,0.48010141537970213,0.12537764350453173,0.30033557046979864,0.3998229166666667,0.35206117021276595
EpistemeAI/Fireball-Mistral-Nemo-Base-2407-v1-DPO2,0.18607295309778055,0.49677687590350894,0.036253776,0.29194630872483224,0.4040104166666667,0.33527260638297873
EpistemeAI/Fireball-R1-Llama-3.1-8B,0.4427363839058143,0.36434977901496834,0.311178248,0.2483221476510067,0.32879166666666665,0.11153590425531915
EpistemeAI/Fireball-R1-Llama-3.1-8B-Medical-COT,0.3216111029845255,0.37162741490176326,0.3270392749244713,0.27432885906040266,0.31136458333333333,0.1402094414893617
EpistemeAI/Fireball-R1.1-Llama-3.1-8B,0.3676234613048932,0.33260007841271594,0.13821752265861026,0.2516778523489933,0.3419375,0.11153590425531915
EpistemeAI/Llama-3.2-3B-Agent007-Coder,0.5399562050913798,0.4303758760727905,0.11102719033232629,0.2575503355704698,0.36680208333333336,0.28515625
EpistemeAI/Mistral-Nemo-Instruct-12B-Philosophy-Math,0.069467901,0.5364928342081372,0.09592145,0.3313758389261745,0.42921875,0.32962101063829785
EpistemeAI/OpenReasoner-Llama-3.2-3B-rs1.0,0.7274010735958367,0.45185934849403964,0.13444108761329304,0.27181208053691275,0.3460625,0.31341422872340424
EpistemeAI/Polypsyche-Llama-3.1-8B-Instruct-Agent-0.003-128K-code-ds-auto-Empathy,0.7100903380807368,0.46279874531423665,0.13972809667673716,0.27684563758389263,0.3194895833333333,0.33111702127659576
EpistemeAI/Polypsyche-Llama-3.1-8B-Instruct-Agent-0.003-128K-code-ds-auto-Logic,0.712213593,0.45659361690861294,0.12462235649546828,0.28439597315436244,0.32348958333333333,0.33502327127659576
EpistemeAI/Polypsyche-Llama-3.1-8B-Instruct-Agent-0.003-128K-code-ds-auto-divergent,0.6915306941138402,0.4524732961901791,0.12915407854984895,0.26677852348993286,0.35775,0.32903922872340424
EpistemeAI/Reasoning-Llama-3.1-CoT-RE1-NMT,0.4828532737580731,0.47357563863974517,0.1299093655589124,0.2609060402684564,0.31821875,0.33427526595744683
EpistemeAI/Reasoning-Llama-3.1-CoT-RE1-NMT-V2-ORPO,0.4553263119633683,0.4804219047211424,0.12915407854984895,0.3070469798657718,0.393125,0.3597905585106383
EpistemeAI/Reasoning-Llama-3.2-1B-Instruct-v1.2,0.40871443325930756,0.3324495305251265,0.05060423,0.2609060402684564,0.3221875,0.11785239361702128
EpistemeAI/Reasoning-Llama-3.2-1B-Instruct-v1.3,0.3272816127874041,0.3262818751942827,0.05060423,0.25838926174496646,0.326,0.11727061170212766
EpistemeAI/Reasoning-Llama-3.2-3B-Math-Instruct-RE1,0.5119538380386264,0.43810846923178864,0.10800604229607251,0.26426174496644295,0.34352083333333333,0.2789228723404255
EpistemeAI/Reasoning-Llama-3.2-3B-Math-Instruct-RE1-ORPO,0.7289746760816855,0.451818625,0.15332326283987915,0.27348993288590606,0.3486666666666667,0.3100066489361702
EpistemeAI/ReasoningCore-1.0-3B-Instruct-r01-Reflect-Math,0.5902893212232432,0.436379591,0.14803625377643503,0.2600671140939597,0.3314270833333333,0.28233045212765956
EpistemeAI/ReasoningCore-3B-0,0.7341454008696924,0.44460707451155984,0.15861027190332325,0.2726510067114094,0.35539583333333336,0.3172373670212766
EpistemeAI/ReasoningCore-3B-Instruct-r01-Reflect,0.7334960128015887,0.44496323889512146,0.1540785498489426,0.27348993288590606,0.3527291666666667,0.31441156914893614
EpistemeAI/ReasoningCore-3B-R01,0.29760590787998065,0.43725189001258497,0.1299093655589124,0.2609060402684564,0.31945833333333334,0.25914228723404253
EpistemeAI/ReasoningCore-3B-RE1-V2,0.7393161256576994,0.44623884450165807,0.15634441087613293,0.27348993288590606,0.3540625,0.31806848404255317
EpistemeAI/ReasoningCore-3B-RE1-V2A,0.5732534120577845,0.4189899823502799,0.092900302,0.27768456375838924,0.33520833333333333,0.2736037234042553
EpistemeAI/ReasoningCore-3B-RE1-V2B,0.5051097753959495,0.41678877951897175,0.10725075528700906,0.26174496644295303,0.3448229166666667,0.26728723404255317
EpistemeAI/ReasoningCore-3B-RE1-V2C,0.5057092957796425,0.41774567831526244,0.097432024,0.2609060402684564,0.34215625,0.2691156914893617
EpistemeAI/ReasoningCore-3B-T1-V1,0.7207564816908026,0.4516908992961786,0.14577039274924472,0.276006711,0.35403125,0.31200132978723405
EpistemeAI/ReasoningCore-3B-T1_1,0.7274509412802475,0.45239424517060806,0.1540785498489426,0.276006711,0.3553645833333334,0.3116688829787234
EpistemeAI2/Athene-codegemma-2-7b-it-alpaca-v1.2,0.4351177098986245,0.41754154460978427,0.042296073,0.2709731543624161,0.41696875000000005,0.22972074468085107
EpistemeAI2/Fireball-12B-v1.2,0.13553925805750963,0.5018583230653281,0.041540785,0.2986577181208054,0.4173125,0.33369348404255317
EpistemeAI2/Fireball-Alpaca-Llama3.1-8B-Philos,0.498640274,0.4977581192690881,0.11858006042296072,0.29278523489932884,0.42766666666666664,0.3405917553191489
EpistemeAI2/Fireball-Alpaca-Llama3.1.01-8B-Philos,0.42117913802045237,0.49561092312727917,0.13595166163141995,0.28859060402684567,0.43706249999999996,0.33834773936170215
EpistemeAI2/Fireball-Alpaca-Llama3.1.03-8B-Philos,0.3880814017916905,0.49508699339363266,0.1283987915407855,0.2785234899328859,0.42801041666666667,0.3355219414893617
EpistemeAI2/Fireball-Alpaca-Llama3.1.04-8B-Philos,0.40843960690966635,0.4930009712421776,0.12009063444108761,0.2902684563758389,0.43721875,0.3402593085106383
EpistemeAI2/Fireball-Alpaca-Llama3.1.06-8B-Philos-dpo,0.4865756193566404,0.48807730539009225,0.13066465256797583,0.2978187919463087,0.3931875,0.3614527925531915
EpistemeAI2/Fireball-Alpaca-Llama3.1.07-8B-Philos-Math,0.5079079065767719,0.4847020640542447,0.12009063444108761,0.2961409395973154,0.40630208333333334,0.35305851063829785
EpistemeAI2/Fireball-Alpaca-Llama3.1.08-8B-C-R1-KTO-Reflection,0.39522577871159636,0.49553052334314723,0.12462235649546828,0.29949664429530204,0.4048125,0.35929188829787234
EpistemeAI2/Fireball-Alpaca-Llama3.1.08-8B-Philos-C-R1,0.5316382753316755,0.4827931104634334,0.12386706948640483,0.29697986577181207,0.4103020833333333,0.3523105053191489
EpistemeAI2/Fireball-Llama-3.1-8B-Philos-Reflection,0.3596047376516532,0.4897693552241443,0.1283987915407855,0.30788590604026844,0.3957291666666667,0.3550531914893617
EpistemeAI2/Fireball-MathMistral-Nemo-Base-2407-v2dpo,0.30972043067948596,0.43276373285682107,0.037009063,0.2634228187919463,0.4029583333333333,0.11477726063829788
EpistemeAI2/Fireball-Meta-Llama-3.1-8B-Instruct-Agent-0.003-128K-code-math,0.5515465631191904,0.48075580310342053,0.1351963746223565,0.30453020134228187,0.36925,0.3420046542553192
EpistemeAI2/Fireball-Meta-Llama-3.1-8B-Instruct-Agent-0.005-128K-code-COT,0.4633195476890207,0.4790834283312441,0.11706948640483383,0.31208053691275167,0.37743750000000004,0.3564660904255319
EpistemeAI2/Fireball-Phi-3-medium-4k-inst-Philos,0.5312880933700359,0.6177842639287514,0.17069486404833836,0.33221476510067116,0.41390625,0.45985704787234044
Eric111/CatunaMayo,0.407415657,0.5243635518600797,0.084592145,0.29194630872483224,0.45398958333333334,0.3178191489361702
Eric111/CatunaMayo-DPO,0.4214539643700936,0.5223991323844243,0.081570997,0.29194630872483224,0.44503125,0.3169880319148936
Etherll/Chocolatine-3B-Instruct-DPO-Revised-Ties,0.3724694920588483,0.5410649663618229,0.16314199395770393,0.3238255033557047,0.4649375,0.39777260638297873
Etherll/Chocolatine-3B-Instruct-DPO-Revised-Ties-v2,0.37399322686028624,0.5410649663618229,0.16314199395770393,0.3238255033557047,0.4649375,0.39777260638297873
Etherll/Herplete-LLM-Llama-3.1-8b,0.46719149634082013,0.5013428726325629,0.027945619335347432,0.2860738255033557,0.38599999999999995,0.34815492021276595
Etherll/Herplete-LLM-Llama-3.1-8b-Ties,0.6163679038285084,0.5337975953250876,0.16012084592145015,0.31711409395973156,0.40171874999999996,0.375249335
Etherll/Qwen2.5-7B-della-test,0.7624968417133207,0.5447331985391859,0.48942598187311176,0.3087248322147651,0.40469791666666666,0.4360871010638298
Etherll/Qwen2.5-Coder-7B-Instruct-Ties,0.5005385709916355,0.4895144464043051,0.29154078549848944,0.3296979865771812,0.43728125,0.3503158244680851
Etherll/Replete-LLM-V3-Llama-3.1-8b,0.5262924595628488,0.4543377420594779,0.22734138972809667,0.2684563758389262,0.3516458333333334,0.34699135638297873
Etherll/SuperHermes,0.5459015412438996,0.5289531792679852,0.16540785498489427,0.3238255033557047,0.44004166666666666,0.39486369680851063
Eurdem/Defne-llama3.1-8B,0.5036115285220991,0.5320979090308238,0.16012084592145015,0.2961409395973154,0.43309375,0.3865525265957447
FINGU-AI/Chocolatine-Fusion-14B,0.6949028577507679,0.641322853,0.3851963746223565,0.3716442953020134,0.49402083333333335,0.5261801861702128
FINGU-AI/L3-8B,0.7517309627344335,0.4985585187130108,0.2545317220543807,0.2953020134228188,0.38283333333333336,0.36394614361702127
FINGU-AI/Phi-4-RRStock,0.28554125276488607,0.6443442865581455,0.0581571,0.3800335570469799,0.44794791666666667,0.48828125
FINGU-AI/Q-Small-3B,0.4145345461154182,0.43185314557630744,0.083081571,0.26677852348993286,0.40054166666666663,0.27900598404255317
FINGU-AI/QwQ-Buddy-32B-Alpha,0.34464221598691475,0.642442234,0.3851963746223565,0.37919463087248323,0.5059895833333333,0.5294215425531915
FINGU-AI/RomboUltima-32B,0.6671509372908327,0.6938448333620042,0.5385196374622356,0.3716442953020134,0.4836354166666667,0.578873005
FINGU-AI/Ultimos-32B,0.1592197591280026,0.2905531373728777,0,0.24916107382550334,0.32860416666666664,0.11112034574468085
FallenMerick/Chewy-Lemon-Cookie-11B,0.4875242135312083,0.5251122307375103,0.054380664652567974,0.27936241610738255,0.45455208333333336,0.3267121010638298
Felladrin/Llama-160M-Chat-v1,0.15754642127333254,0.30360811146348365,0.006042296,0.2575503355704698,0.366125,0.11361369680851063
Felladrin/Minueza-32M-UltraChat,0.13756277787381924,0.2941478734048925,0.004531722,0.2558724832214765,0.37418749999999995,0.11328125
FlofloB/100k_fineweb_continued_pretraining_Qwen2.5-0.5B-Instruct_Unsloth_merged_16bit,0.30832191917445706,0.3323387445789459,0.040785498,0.26929530201342283,0.33021875,0.14976728723404256
FlofloB/10k_continued_pretraining_Phi-3-mini-4k-instruct_Unsloth_merged_16bit,0.509730847,0.5214989784123593,0.097432024,0.29949664429530204,0.43095833333333333,0.37691156914893614
FlofloB/10k_continued_pretraining_Qwen2.5-0.5B-Instruct_Unsloth_merged_16bit,0.28154408081667753,0.3305518729746925,0.030966767371601207,0.27936241610738255,0.33021875,0.15408909574468085
FlofloB/40k_continued_pretraining_Qwen2.5-0.5B-Instruct_Unsloth_merged_16bit,0.3015775919006015,0.33246082656550385,0.033232628,0.2676174496644295,0.3408229166666667,0.14852061170212766
FlofloB/83k_continued_pretraining_Qwen2.5-0.5B-Instruct_Unsloth_merged_16bit,0.28693976426991497,0.33465340701604496,0.030211480362537766,0.27348993288590606,0.3289479166666667,0.15550199468085107
FlofloB/smollm2-135M_pretrained_1000k_fineweb,0.14845388014911545,0.2917939408206228,0.009063444,0.2625838926174497,0.35806249999999995,0.1163563829787234
FlofloB/smollm2-135M_pretrained_1000k_fineweb_uncovai_human_removed,0.15537329840379083,0.3066426145674803,0.006042296,0.25083892617449666,0.35803125,0.11427859042553191
FlofloB/smollm2-135M_pretrained_1000k_fineweb_uncovai_selected,0.14678054229444543,0.29317781029884354,0.006797583,0.26593959731543626,0.4047604166666667,0.11569148936170212
FlofloB/smollm2-135M_pretrained_1200k_fineweb,0.15809607397261488,0.29409841468035297,0.006797583,0.26426174496644295,0.3713645833333333,0.10762965425531915
FlofloB/smollm2-135M_pretrained_1200k_fineweb_uncovai_human_removed,0.15777138,0.29496212100634955,0.000755287,0.2651006711409396,0.36999999999999994,0.11394614361702128
FlofloB/smollm2-135M_pretrained_1200k_fineweb_uncovai_selected,0.15847063569107744,0.29604672415652145,0.00755287,0.2634228187919463,0.3567291666666667,0.11643949468085106
FlofloB/smollm2-135M_pretrained_1400k_fineweb,0.17638089158987041,0.2921781950918249,0.011329305135951661,0.26593959731543626,0.3873333333333333,0.1079621010638298
FlofloB/smollm2-135M_pretrained_1400k_fineweb_uncovai_human_removed,0.17066051410258115,0.2992388897714206,0.010574018126888218,0.2609060402684564,0.3939375,0.11045545212765957
FlofloB/smollm2-135M_pretrained_1400k_fineweb_uncovai_selected,0.15384956360235286,0.291672958,0.010574018126888218,0.2684563758389262,0.37406249999999996,0.11369680851063829
FlofloB/smollm2-135M_pretrained_200k_fineweb_uncovai_human_removed,0.14747979804695985,0.30287372123209483,0.003776435,0.25838926174496646,0.35784375,0.11195146276595745
FlofloB/smollm2-135M_pretrained_200k_fineweb_uncovai_selected,0.13451530827094332,0.2927186496606003,0.00755287,0.25083892617449666,0.36603125,0.11311502659574468
FlofloB/smollm2-135M_pretrained_400k_fineweb,0.1511267880335288,0.29723404576965046,0.012084592145015106,0.2525167785234899,0.3794270833333333,0.11627327127659574
FlofloB/smollm2-135M_pretrained_400k_fineweb_uncovai_human_removed,0.155648125,0.3048804422828362,0.009063444,0.2550335570469799,0.38599999999999995,0.11377992021276596
FlofloB/smollm2-135M_pretrained_400k_fineweb_uncovai_selected,0.15842076800666677,0.2925171720555518,0.006797583,0.25419463087248323,0.38199999999999995,0.1157746010638298
FlofloB/smollm2-135M_pretrained_600k_fineweb,0.16391618682872555,0.3013718229200533,0.006042296,0.26593959731543626,0.38085416666666666,0.11261635638297872
FlofloB/smollm2-135M_pretrained_600k_fineweb_uncovai_human_removed,0.16414114549395603,0.30001678726257036,0.009063444,0.2625838926174497,0.3793333333333333,0.1146941489361702
FlofloB/smollm2-135M_pretrained_600k_fineweb_uncovai_selected,0.16059389087620846,0.2983444769655102,0.00755287,0.2609060402684564,0.3846354166666666,0.11619015957446809
FlofloB/smollm2-135M_pretrained_800k_fineweb,0.16414114549395603,0.29594449748780255,0.008308157,0.24916107382550334,0.370125,0.11519281914893617
FlofloB/smollm2-135M_pretrained_800k_fineweb_uncovai_human_removed,0.1622927166584662,0.3038096660271284,0.006797583,0.2525167785234899,0.3992708333333333,0.11377992021276596
FlofloB/smollm2-135M_pretrained_800k_fineweb_uncovai_selected,0.14742993036254914,0.2942808065535252,0.004531722,0.26174496644295303,0.3766354166666666,0.11303191489361702
FlofloB/smollm2_pretrained_200k_fineweb,0.15270039051937748,0.299468427,0.003776435,0.24748322147651006,0.3699375,0.11594082446808511
FlofloB/test_continued_pretraining_Phi-3-mini-4k-instruct_Unsloth_merged_16bit,0.521546164,0.5240829189778252,0.11027190332326284,0.311241611,0.42441666666666666,0.3720910904255319
FuJhen/ft-openhermes-25-mistral-7b-irca-dpo-pairs,0.5420041046645123,0.47730323895548116,0.048338369,0.2785234899328859,0.417375,0.2956283244680851
FuJhen/mistral-instruct-7B-DPO,0.49684171332065585,0.46239050561386214,0.038519637,0.27768456375838924,0.4015625,0.30335771276595747
FuJhen/mistral_7b_v0.1_structedData_e2e,0.17268403391889076,0.4113914854984489,0.004531722,0.27936241610738255,0.3722916666666667,0.2810837765957447
FuJhen/mistral_7b_v0.1_structedData_viggo,0.17832905579418165,0.45238634545986817,0.028700906344410877,0.2835570469798658,0.37381250000000005,0.2942154255319149
FuseAI/FuseChat-7B-v2.0,0.3423194900641409,0.4954212795868764,0.061178248,0.30201342281879195,0.4796666666666667,0.3162400265957447
FuseAI/FuseChat-Llama-3.1-8B-Instruct,0.7204816553411615,0.5119887898349903,0.24773413897280966,0.3053691275167785,0.38200000000000006,0.37333776595744683
FuseAI/FuseChat-Llama-3.2-3B-Instruct,0.684886102,0.46583679221755164,0.24244712990936557,0.2961409395973154,0.39139583333333333,0.31316489361702127
FuseAI/FuseChat-Qwen-2.5-7B-Instruct,0.5905641475728844,0.552599884,0.4561933534743202,0.2961409395973154,0.3873645833333333,0.41181848404255317
GalrionSoftworks/MN-LooseCannon-12B-v1,0.5417791459992819,0.5128183808679557,0.085347432,0.28523489932885904,0.41384375,0.3195644946808511
GalrionSoftworks/MagnusIntellectus-12B-v1,0.4421368635221213,0.5323010476246133,0.064954683,0.28439597315436244,0.4428020833333333,0.34208776595744683
GenVRadmin/AryaBhatta-GemmaOrca-2-Merged,0.30637375497014585,0.3887493166323577,0.049848943,0.2684563758389262,0.4550208333333334,0.23844747340425532
GenVRadmin/AryaBhatta-GemmaOrca-Merged,0.30637375497014585,0.4130633897394575,0.051359517,0.2558724832214765,0.3523854166666667,0.22282247340425532
GenVRadmin/AryaBhatta-GemmaUltra-Merged,0.30207737691547315,0.4141445378464817,0.053625378,0.25335570469798663,0.42785416666666665,0.2265625
GenVRadmin/llama38bGenZ_Vikas-Merged,0.30002947734234053,0.4535981003984562,0.057401813,0.2953020134228188,0.44016666666666665,0.26221742021276595
GoToCompany/gemma2-9b-cpt-sahabatai-v1-instruct,0.6550607942481504,0.5954551751157878,0.2054380664652568,0.3347315436241611,0.4778645833333333,0.4263630319148936
GoToCompany/llama3-8b-cpt-sahabatai-v1-instruct,0.52384451,0.4951292004509417,0.12764350453172205,0.26677852348993286,0.44884375,0.3453291223404255
Goekdeniz-Guelmez/Josiefied-Qwen2.5-0.5B-Instruct-abliterated-v1,0.347189901,0.32683063456958195,0.089123867,0.2516778523489933,0.32625,0.16414561170212766
Goekdeniz-Guelmez/Josiefied-Qwen2.5-1.5B-Instruct-abliterated-v1,0.47685806992114255,0.418600732,0.2084592145015106,0.24328859060402686,0.3674895833333333,0.27825797872340424
Goekdeniz-Guelmez/Josiefied-Qwen2.5-1.5B-Instruct-abliterated-v2,0.4215537,0.40418921704436744,0.1268882175226586,0.23993288590604026,0.37685416666666666,0.25615026595744683
Goekdeniz-Guelmez/Josiefied-Qwen2.5-1.5B-Instruct-abliterated-v3,0.42525055740989465,0.4053446177133173,0.13066465256797583,0.24328859060402686,0.37018749999999995,0.25556848404255317
Goekdeniz-Guelmez/Josiefied-Qwen2.5-14B-Instruct-abliterated-v4,0.8291666112581284,0.6355637424320617,0.5422960725075529,0.3422818791946309,0.4286666666666667,0.5018284574468085
Goekdeniz-Guelmez/Josiefied-Qwen2.5-7B-Instruct-abliterated-v2,0.7813811797142693,0.5309672164610734,0.45317220543806647,0.2986577181208054,0.43539583333333337,0.4119847074468085
Goekdeniz-Guelmez/j.o.s.i.e.v4o-1.5b-dpo-stage1-v1,0.41883092417009093,0.41242101633634826,0.12009063444108761,0.25083892617449666,0.3528541666666667,0.2554853723404255
Goekdeniz-Guelmez/josie-3b-v6.0,0.6009554648333089,0.4496147842264783,0.2938066465256798,0.2902684563758389,0.386125,0.32197473404255317
Goekdeniz-Guelmez/josie-7b-v6.0,0.7411645544931892,0.5104855208094123,0.43580060422960726,0.2827181208053691,0.41539583333333335,0.3806515957446808
Goekdeniz-Guelmez/josie-7b-v6.0-step2000,0.7627716680629618,0.5097811950503962,0,0.2802013422818792,0.45793750000000005,0.40325797872340424
GreenNode/GreenNode-small-9B-it,0.7436125037123721,0.599383874,0.17447129909365558,0.3196308724832215,0.42041666666666666,0.3927027925531915
GritLM/GritLM-7B-KTO,0.5310132670203948,0.48529372,0.027190332326283987,0.2978187919463087,0.37102083333333336,0.26803523936170215
GritLM/GritLM-8x7B-KTO,0.5714049832222946,0.5820304362331497,0.12235649546827794,0.2961409395973154,0.42165625,0.36477726063829785
Groq/Llama-3-Groq-8B-Tool-Use,0.6098230472922956,0.4863384977901497,0.060422961,0.2676174496644295,0.36603125000000003,0.33992686170212766
Gryphe/Pantheon-RP-1.0-8b-Llama-3,0.39325212657969744,0.4539075127777334,0.063444109,0.276006711,0.3832395833333333,0.30668218085106386
Gryphe/Pantheon-RP-1.5-12b-Nemo,0.47630841722186024,0.519582217,0.049093656,0.2726510067114094,0.44203125000000004,0.3302027925531915
Gryphe/Pantheon-RP-1.6-12b-Nemo,0.44805671174705336,0.5204007434392454,0.046072508,0.27768456375838924,0.4287604166666667,0.33111702127659576
Gryphe/Pantheon-RP-1.6-12b-Nemo-KTO,0.4636187537954849,0.5276980814125921,0.052870090634441085,0.2953020134228188,0.4247916666666667,0.33818151595744683
Gryphe/Pantheon-RP-Pure-1.6.2-22b-Small,0.6931042965996888,0.5304537230538597,0.20241691842900303,0.3288590604026846,0.37647916666666664,0.39419880319148937
GuilhermeNaturaUmana/Nature-Reason-1.2-reallysmall,0.4985405391029136,0.5644838945274894,0.25755287009063443,0.30033557046979864,0.43728125,0.44290226063829785
Gunulhona/Gemma-Ko-Merge,0.6415721397004392,0.5813027258981727,0.18806646525679757,0.33557046979865773,0.40469791666666666,0.3878823138297872
Gunulhona/Gemma-Ko-Merge-PEFT,0.28803906966847964,0.5154093999781059,0,0.32466442953020136,0.40801041666666665,0.38173204787234044
HPAI-BSC/Llama3-Aloe-8B-Alpha,0.5081073773144147,0.48308532966126966,0.061178248,0.29446308724832215,0.3672708333333334,0.3295378989361702
HPAI-BSC/Llama3.1-Aloe-Beta-8B,0.7253276860951166,0.5092760762748857,0.18277945619335348,0.2684563758389262,0.3834583333333333,0.35804521276595747
HPAI-BSC/Qwen2.5-Aloe-Beta-7B,0.4553506917201914,0.5048995904321122,0.3542296072507553,0.2911073825503356,0.42603125000000003,0.4354222074468085
HarbingerX/Zeitgeist-3b-V1,0.6711724889958643,0.4440790761237121,0.10347432024169184,0.28187919463087246,0.3579375,0.3009474734042553
HarbingerX/Zeitgeist-3b-V1.2,0.6754189993661264,0.4440650477102142,0.10120845921450151,0.27768456375838924,0.35790625000000004,0.30560172872340424
Hastagaras/L3.2-JametMini-3B-MK.III,0.6182662003484088,0.45385245294894094,0.14577039274924472,0.2827181208053691,0.3686041666666667,0.2982878989361702
Hastagaras/Llama-3.1-Jamet-8B-MK.I,0.7338207068356406,0.5048666433733161,0.1268882175226586,0.27432885906040266,0.3726041666666667,0.3482380319148936
Hastagaras/Zabuza-8B-Llama-3.1,0.6265342624237025,0.4538915742546196,0.055135952,0.26426174496644295,0.3567916666666667,0.29230385638297873
HelpingAI/Cipher-20B,0.5377575942942504,0.6032432743536918,0.19939577039274925,0.2953020134228188,0.40029166666666666,0.3744182180851064
HelpingAI/Dhanishtha-Large,0.24567370133468086,0.46036539145861094,0.3851963746223565,0.3028523489932886,0.38451041666666663,0.2755152925531915
HelpingAI/Priya-10B,0.40429283190822574,0.4441457310476767,0.018882175,0.2558724832214765,0.3792708333333333,0.24925199468085107
HelpingAI/Priya-3B,0.4525780484669566,0.3961184863327844,0.014350453172205438,0.25671140939597314,0.3713020833333333,0.23387632978723405
HeraiHench/DeepSeek-R1-Qwen-Coder-8B,0.1869472998311148,0.29134447696551025,0,0.2600671140939597,0.37384375,0.11228390957446809
HeraiHench/Double-Down-Qwen-Math-7B,0.1669636564316015,0.2844613514203868,0.000755287,0.2651006711409396,0.37365625,0.11120345744680851
HeraiHench/Marge-Qwen-Math-7B,0.12622175826806206,0.3068846024368302,0.005287009,0.23909395973154363,0.39390624999999996,0.10555186170212766
HeraiHench/Phi-4-slerp-ReasoningRP-14B,0.15754642127333254,0.41957191458446336,0,0.2936241610738255,0.3116145833333333,0.18999335106382978
HiroseKoichi/Llama-Salad-4x8B-V3,0.6653523761397536,0.5244649789001753,0.09592145,0.3028523489932886,0.37403125,0.351811835
HoangHa/Pensez-Llama3.1-8B,0.3886809221753835,0.46691313514505667,0.1148036253776435,0.28859060402684567,0.3596979166666667,0.31258311170212766
HuggingFaceH4/zephyr-7b-alpha,0.5191480826429429,0.45828635059044115,0.019637462235649546,0.2978187919463087,0.3949583333333333,0.2795046542553192
HuggingFaceH4/zephyr-7b-beta,0.49504315216957673,0.431582192,0.028700906344410877,0.2902684563758389,0.3925416666666666,0.2780917553191489
HuggingFaceH4/zephyr-7b-gemma-v0.1,0.3363741539116212,0.4623735014679749,0.081570997,0.29446308724832215,0.37396874999999996,0.2847406914893617
HuggingFaceH4/zephyr-orpo-141b-A35b-v0.1,0.6510891102275296,0.6290439728524093,0.20468277945619334,0.3783557046979866,0.4465208333333333,0.4586103723404255
HuggingFaceTB/SmolLM-1.7B,0.23615673080759053,0.3180516538964782,0.016616314,0.24161073825503357,0.34209375000000003,0.11477726063829788
HuggingFaceTB/SmolLM-1.7B-Instruct,0.23478259905938464,0.28851114363217695,0.021148036253776436,0.2600671140939597,0.3486666666666667,0.11660571808510638
HuggingFaceTB/SmolLM-135M,0.21247622973709757,0.3046054260062988,0.013595166163141994,0.25838926174496646,0.4366041666666667,0.11220079787234043
HuggingFaceTB/SmolLM-135M-Instruct,0.12140121544169469,0.30150816789978757,0.005287009,0.25922818791946306,0.36345833333333327,0.11760305851063829
HuggingFaceTB/SmolLM-360M,0.2133505764704318,0.30645160333152527,0.011329305135951661,0.2676174496644295,0.40178125,0.11236702127659574
HuggingFaceTB/SmolLM-360M-Instruct,0.19516549422199764,0.28851114363217695,0.018126888,0.26426174496644295,0.34717708333333336,0.11660571808510638
HuggingFaceTB/SmolLM2-1.7B,0.2440003634800108,0.3452594377166261,0.026435045317220542,0.27936241610738255,0.3485416666666667,0.2137632978723404
HuggingFaceTB/SmolLM2-1.7B-Instruct,0.5367835121920947,0.3598617531415158,0.0581571,0.27936241610738255,0.342125,0.2053690159574468
HuggingFaceTB/SmolLM2-135M,0.18177657504310785,0.3044234246877141,0.012084592145015106,0.2483221476510067,0.4111770833333333,0.10945811170212766
HuggingFaceTB/SmolLM2-135M-Instruct,0.2883138960181208,0.3124321328066677,0.003021148,0.23573825503355705,0.36621875000000004,0.11145279255319149
HuggingFaceTB/SmolLM2-360M,0.21145227995053123,0.3233478044302361,0.012084592145015106,0.24580536912751677,0.3954270833333333,0.11693816489361702
HuggingFaceTB/SmolLM2-360M-Instruct,0.083031911,0.3052703401844317,0.008308157,0.2651006711409396,0.34228125000000004,0.11261635638297872
HumanLLMs/Humanish-LLama3-8B-Instruct,0.6497903340913221,0.49677096627896544,0.1027190332326284,0.2558724832214765,0.35815624999999995,0.37017952127659576
HumanLLMs/Humanish-Mistral-Nemo-Instruct-2407,0.5451269298793867,0.5261780772532613,0.13670694864048338,0.287751678,0.39676041666666667,0.35206117021276595
HumanLLMs/Humanish-Qwen2.5-7B-Instruct,0.7284250233824031,0.5363681457807072,0.5,0.2986577181208054,0.3980625,0.4398271276595745
IDEA-CCNL/Ziya-LLaMA-13B-v1,0.16968643200042555,0.28770292445409473,0,0.24916107382550334,0.37505208333333334,0.11012300531914894
INSAIT-Institute/BgGPT-Gemma-2-27B-IT-v1.0,0,0.2911778102988436,0,0.2600671140939597,0.35753125,0.11668882978723404
IlyaGusev/gemma-2-2b-it-abliterated,0.533086655,0.4118601326211988,0.061178248,0.2651006711409396,0.37818749999999995,0.25382313829787234
IlyaGusev/gemma-2-9b-it-abliterated,0.747259494,0.590632998,0.17749244712990936,0.34563758389261745,0.4033645833333333,0.39153922872340424
Infinirc/Infinirc-Llama3-8B-2G-Release-v1.0,0.20243398626754788,0.43507435668237937,0.016616314,0.29949664429530204,0.4609375,0.21600731382978725
Intel/neural-chat-7b-v3,0.27779735546128714,0.5048316221363103,0.029456193,0.29194630872483224,0.5054895833333334,0.26986369680851063
Intel/neural-chat-7b-v3-1,0.4686897432146704,0.5051565464054848,0.035498489425981876,0.2902684563758389,0.49789583333333337,0.2677859042553192
Intel/neural-chat-7b-v3-2,0.4988397452093778,0.5032226831964403,0.047583082,0.2902684563758389,0.48952083333333335,0.26670545212765956
Intel/neural-chat-7b-v3-3,0.4762585495374495,0.48766180524289693,0.040785498,0.28942953020134227,0.4859583333333333,0.2624667553191489
IntervitensInc/internlm2_5-20b-llamafied,0.3409952260003457,0.7478466526577329,0.1714501510574018,0.33808724832214765,0.44754166666666667,0.4050864361702128
Invalid-Null/PeiYangMe-0.5,0.14088507382633633,0.27907748194216614,0,0.24412751677852348,0.37381249999999994,0.11087101063829788
Invalid-Null/PeiYangMe-0.7,0.1491032682172192,0.30275310145886614,0.011329305135951661,0.2332214765100671,0.38571874999999994,0.11012300531914894
Isaak-Carter/JOSIEv4o-8b-stage1-v4,0.2552660274737696,0.4724973116620121,0.052870090634441085,0.29194630872483224,0.3654375,0.3316156914893617
Isaak-Carter/Josiefied-Qwen2.5-7B-Instruct-abliterated,0.7317473193349202,0.5396376284460921,0.49244712990936557,0.3028523489932886,0.4086666666666667,0.4276097074468085
Isaak-Carter/Josiefied-Qwen2.5-7B-Instruct-abliterated-v2,0.7841039552830933,0.5310923599182072,0.47205438066465255,0.2986577181208054,0.43539583333333337,0.4128158244680851
J-LAB/Thynk_orpo,0.21017788357114678,0.44631138778709606,0.14803625377643503,0.29278523489932884,0.45147916666666665,0.32313829787234044
JackFram/llama-160m,0.1791036671586945,0.28880217539042424,0.008308157,0.26174496644295303,0.3792083333333333,0.11278257978723404
JackFram/llama-68m,0.17263416623448008,0.29362986509336414,0.006042296,0.25838926174496646,0.3909895833333333,0.11436170212765957
Jacoby746/Casual-Magnum-34B,0.19301675110927893,0.6032046880542974,0.092145015,0.3724832214765101,0.4077604166666666,0.5183676861702128
Jacoby746/Inf-Silent-Kunoichi-v0.1-2x7B,0.38798166642286913,0.51854621,0.070996979,0.28942953020134227,0.42804166666666665,0.3271276595744681
Jacoby746/Inf-Silent-Kunoichi-v0.2-2x7B,0.3636019095998617,0.5209417299963208,0.062688822,0.30033557046979864,0.43197916666666664,0.32721077127659576
Jacoby746/Proto-Athena-4x7B,0.37029636918930664,0.5106547638742905,0.064954683,0.29446308724832215,0.43477083333333333,0.32064494680851063
Jacoby746/Proto-Athena-v0.2-4x7B,0.37524213531208306,0.5067731005424964,0.063444109,0.2986577181208054,0.42128125,0.3197307180851064
Jacoby746/Proto-Harpy-Blazing-Light-v0.1-2x7B,0.4904719477652628,0.5186849053052595,0.074773414,0.2953020134228188,0.44496874999999997,0.33011968085106386
Jacoby746/Proto-Harpy-Spark-v0.1-7B,0.43326928106313467,0.4735771808296548,0.061933534743202415,0.3053691275167785,0.43166666666666664,0.30693151595744683
JayHyeon/Qwen-0.5B-DPO-1epoch,0.26473313031644924,0.31907502434278595,0.028700906344410877,0.2525167785234899,0.33517708333333335,0.15575132978723405
JayHyeon/Qwen-0.5B-DPO-5epoch,0.25701472094043804,0.3112109544868782,0.040030211,0.24328859060402686,0.33796875,0.15325797872340424
JayHyeon/Qwen-0.5B-IRPO-1epoch,0.25891301746033857,0.31638216610052033,0.031722054,0.24664429530201343,0.3286354166666667,0.15001662234042554
JayHyeon/Qwen-0.5B-IRPO-5epoch,0.24867130325314607,0.31891656220326015,0.032477341,0.23993288590604026,0.32866666666666666,0.1506815159574468
JayHyeon/Qwen-0.5B-eDPO-1epoch,0.26233504878167707,0.3180637583450692,0.034743202,0.2424496644295302,0.33269791666666665,0.15525265957446807
JayHyeon/Qwen-0.5B-eDPO-5epoch,0.24774708883540117,0.3096491823869347,0.023413897280966767,0.24916107382550334,0.3326354166666667,0.15226063829787234
JayHyeon/Qwen2.5-0.5B-Instruct-SFT,0.27677340567472086,0.3253697801563151,0.039274924,0.2827181208053691,0.33415625,0.15201130319148937
JayHyeon/Qwen2.5-0.5B-Instruct-SFT-DPO-1epoch_v1,0.24687274210206694,0.3260313037664168,0.064954683,0.2726510067114094,0.34336458333333336,0.1574966755319149
JayHyeon/Qwen2.5-0.5B-Instruct-SFT-IRPO-1epoch_v1,0.2605863553150086,0.3308028437367363,0.049848943,0.2802013422818792,0.3288229166666667,0.16256648936170212
JayHyeon/Qwen2.5-0.5B-Instruct-SFT-MDPO-1epoch_v1,0.2529178136234081,0.3261949089625076,0.056646526,0.2684563758389262,0.330125,0.15757978723404256
JayHyeon/Qwen2.5-0.5B-SFT,0.19636453498938372,0.31207478976310743,0.027190332326283987,0.2785234899328859,0.3394270833333333,0.16730385638297873
JayHyeon/Qwen2.5-0.5B-SFT-1e-4,0.2019596891802639,0.3017092819749249,0.018882175,0.25083892617449666,0.3446354166666667,0.16190159574468085
JayHyeon/Qwen2.5-0.5B-SFT-1e-4-2ep,0.2140498322229462,0.3172227797719337,0.026435045317220542,0.24664429530201343,0.34727083333333336,0.15367353723404256
JayHyeon/Qwen2.5-0.5B-SFT-1e-4-3ep,0.22573992561957826,0.3064261556890236,0.026435045317220542,0.2483221476510067,0.36606249999999996,0.15317486702127658
JayHyeon/Qwen2.5-0.5B-SFT-1e-4-5ep,0.19868726091215752,0.31044747322019184,0.019637462235649546,0.2533557046979866,0.3406666666666667,0.15575132978723405
JayHyeon/Qwen2.5-0.5B-SFT-1e-5,0.1985875255433361,0.3139860294769257,0.03776435,0.2684563758389262,0.34603125,0.1697972074468085
JayHyeon/Qwen2.5-0.5B-SFT-1e-5-2ep,0.19706379074189817,0.3224699194774388,0.052870090634441085,0.26929530201342283,0.3367604166666667,0.1651429521276596
JayHyeon/Qwen2.5-0.5B-SFT-1e-5-3ep,0.2241164554493189,0.32468117082421427,0.053625378,0.2701342281879195,0.3353333333333333,0.16888297872340424
JayHyeon/Qwen2.5-0.5B-SFT-1e-5-5ep,0.22918744486850445,0.3259343389530942,0.052114804,0.27936241610738255,0.3235208333333333,0.16879986702127658
JayHyeon/Qwen2.5-0.5B-SFT-2e-4,0.2034335562972912,0.2935549587263229,0.024169184,0.2575503355704698,0.3434270833333333,0.14128989361702127
JayHyeon/Qwen2.5-0.5B-SFT-2e-4-2ep,0.18307535117931534,0.29839616748934167,0.024924471299093656,0.2424496644295302,0.3567604166666667,0.1484375
JayHyeon/Qwen2.5-0.5B-SFT-2e-4-3ep,0.1989620872617987,0.3109875129533253,0.015105740181268883,0.2609060402684564,0.3449479166666667,0.14162234042553193
JayHyeon/Qwen2.5-0.5B-SFT-2e-4-5ep,0.18971994308434953,0.2936418449815176,0.018126888,0.26929530201342283,0.38739583333333333,0.13364361702127658
JayHyeon/Qwen2.5-0.5B-SFT-2e-5,0.2067558522498083,0.3203968601167082,0.037009063,0.26929530201342283,0.3486666666666667,0.16780252659574468
JayHyeon/Qwen2.5-0.5B-SFT-2e-5-2ep,0.2201447714286981,0.3217197270809481,0.040785498,0.27768456375838924,0.33669791666666665,0.17096077127659576
JayHyeon/Qwen2.5-0.5B-SFT-2e-5-2ep-DPOP_3e-7-3ep_0alp_5lam,0.24105262924595627,0.31671815484837784,0.034743202,0.2709731543624161,0.330125,0.15625
JayHyeon/Qwen2.5-0.5B-SFT-2e-5-2ep-DPOP_5e-6-1ep_0alp_5lam,0.23685598656010498,0.3260038632940968,0.045317220543806644,0.276006711,0.3355208333333333,0.15699800531914893
JayHyeon/Qwen2.5-0.5B-SFT-2e-5-2ep-DPOP_5e-6-2ep_0alp_5lam,0.22623971063444992,0.3261540051256346,0.034743202,0.27936241610738255,0.3408229166666667,0.15408909574468085
JayHyeon/Qwen2.5-0.5B-SFT-2e-5-2ep-DPOP_5e-6-3ep_0alp_5lam,0.25079455843827714,0.3199331515135054,0.040785498,0.276006711,0.33545833333333336,0.15550199468085107
JayHyeon/Qwen2.5-0.5B-SFT-2e-5-2ep-DPOP_5e-7-1ep_0alp_5lam,0.238979242,0.31816042712158116,0.040030211,0.2676174496644295,0.33279166666666665,0.15600066489361702
JayHyeon/Qwen2.5-0.5B-SFT-2e-5-2ep-DPOP_5e-7-2ep_0alp_5lam,0.2423015376977531,0.3154080373582542,0.034743202,0.2676174496644295,0.33279166666666665,0.15475398936170212
JayHyeon/Qwen2.5-0.5B-SFT-2e-5-2ep-DPOP_5e-7-3ep_0alp_5lam,0.24932069132124984,0.3189717077702392,0.043806647,0.2651006711409396,0.334125,0.15608377659574468
JayHyeon/Qwen2.5-0.5B-SFT-2e-5-2ep-DPO_1e-6-1ep_0alp_0lam,0.2541667220752049,0.31671883869615397,0.040785498,0.27181208053691275,0.32885416666666667,0.15799534574468085
JayHyeon/Qwen2.5-0.5B-SFT-2e-5-2ep-DPO_1e-6-2ep_0alp_0lam,0.24507418095098782,0.3159533058861391,0.040785498,0.27432885906040266,0.3301875,0.15608377659574468
JayHyeon/Qwen2.5-0.5B-SFT-2e-5-2ep-DPO_1e-6-3ep_0alp_0lam,0.25574032456105356,0.31419826948787827,0.040030211,0.27432885906040266,0.3315208333333333,0.1574966755319149
JayHyeon/Qwen2.5-0.5B-SFT-2e-5-2ep-DPO_1e-7-2ep_0alp_0lam,0.26053648763059795,0.3166968072745491,0.036253776,0.2701342281879195,0.334125,0.15766289893617022
JayHyeon/Qwen2.5-0.5B-SFT-2e-5-2ep-DPO_1e-7-3ep_0alp_0lam,0.25781371206177384,0.31732037273750646,0.035498489425981876,0.2634228187919463,0.32879166666666665,0.1583277925531915
JayHyeon/Qwen2.5-0.5B-SFT-2e-5-2ep-DPO_2e-6-1ep_0alp_0lam,0.23353369060758786,0.3197619098572027,0.038519637,0.2751677852348994,0.32755208333333335,0.1580784574468085
JayHyeon/Qwen2.5-0.5B-SFT-2e-5-2ep-DPO_2e-6-2ep_0alp_0lam,0.24719743613611883,0.32262707839652854,0.05060423,0.276006711,0.32621875,0.15375664893617022
JayHyeon/Qwen2.5-0.5B-SFT-2e-5-2ep-DPO_2e-6-3ep_0alp_0lam,0.2474223948013493,0.32291208173140107,0.041540785,0.2726510067114094,0.32748958333333333,0.15392287234042554
JayHyeon/Qwen2.5-0.5B-SFT-2e-5-2ep-DPO_3e-6-1ep_0alp_0lam,0.24027801788144343,0.32453683161596314,0.04305136,0.28187919463087246,0.32621875,0.1573304521276596
JayHyeon/Qwen2.5-0.5B-SFT-2e-5-2ep-DPO_3e-6-2ep_0alp_0lam,0.23680611887569425,0.3224293761524927,0.046072508,0.27432885906040266,0.33548958333333334,0.15159574468085107
JayHyeon/Qwen2.5-0.5B-SFT-2e-5-2ep-DPO_3e-6-3ep_0alp_0lam,0.23718068059415687,0.32477052921998556,0.047583082,0.2701342281879195,0.3394270833333333,0.1550033244680851
JayHyeon/Qwen2.5-0.5B-SFT-2e-5-2ep-DPO_3e-7-3ep_0alp_0lam,0.24992021170494289,0.31806007750183346,0.041540785,0.2651006711409396,0.3288229166666667,0.15741356382978725
JayHyeon/Qwen2.5-0.5B-SFT-2e-5-2ep-DPO_5e-6-1ep_0alp_0lam,0.23810489501190177,0.32421844512358233,0.049848943,0.27432885906040266,0.3328229166666667,0.15724734042553193
JayHyeon/Qwen2.5-0.5B-SFT-2e-5-2ep-DPO_5e-6-2ep_0alp_0lam,0.2420765790325226,0.3224798177796032,0.040030211,0.2802013422818792,0.3408229166666667,0.14960106382978725
JayHyeon/Qwen2.5-0.5B-SFT-2e-5-2ep-DPO_5e-6-3ep_0alp_0lam,0.23805502732749106,0.32652003776870003,0.044561934,0.276006711,0.34079166666666666,0.14985039893617022
JayHyeon/Qwen2.5-0.5B-SFT-2e-5-2ep-DPO_5e-7_1ep_0alp_0lam,0.25264298727376694,0.3176911636441555,0.043806647,0.27348993288590606,0.33415625,0.15724734042553193
JayHyeon/Qwen2.5-0.5B-SFT-2e-5-2ep-DPO_5e-7_2ep_0alp_0lam,0.24572356901909154,0.316045451,0.044561934,0.2726510067114094,0.33015625,0.15716422872340424
JayHyeon/Qwen2.5-0.5B-SFT-2e-5-2ep-DPO_5e-7_3ep_0alp_0lam,0.2441998342176536,0.3193544697854515,0.048338369,0.27348993288590606,0.33148958333333334,0.1566655585106383
JayHyeon/Qwen2.5-0.5B-SFT-2e-5-2ep-DPO_7e-7_1ep_0alp_0lam,0.26036139664977814,0.31784656431310543,0.035498489425981876,0.276006711,0.3288229166666667,0.15674867021276595
JayHyeon/Qwen2.5-0.5B-SFT-2e-5-2ep-DPO_7e-7_2ep_0alp_0lam,0.24899599728719796,0.3172899997448431,0.039274924,0.2709731543624161,0.3301875,0.15691489361702127
JayHyeon/Qwen2.5-0.5B-SFT-2e-5-2ep-DPO_7e-7_3ep_0alp_0lam,0.26036139664977814,0.3149566664115098,0.03776435,0.27432885906040266,0.3341875,0.15658244680851063
JayHyeon/Qwen2.5-0.5B-SFT-2e-5-2ep-IRPO_1e-7-1ep_1alp_0lam,0.2550410688085391,0.3211026993947845,0.049093656,0.2701342281879195,0.32876041666666667,0.15708111702127658
JayHyeon/Qwen2.5-0.5B-SFT-2e-5-2ep-IRPO_1e-7-2ep_1alp_0lam,0.24779695651981187,0.3197773660515741,0.042296073,0.26677852348993286,0.33145833333333335,0.15866023936170212
JayHyeon/Qwen2.5-0.5B-SFT-2e-5-2ep-IRPO_1e-7-3ep_1alp_0lam,0.247472262,0.32246983072126806,0.040030211,0.2709731543624161,0.330125,0.15558510638297873
JayHyeon/Qwen2.5-0.5B-SFT-2e-5-2ep-IRPO_3e-7-3ep_1alp_0lam,0.2590127528291599,0.3185132309797721,0.036253776,0.2726510067114094,0.3275208333333333,0.15857712765957446
JayHyeon/Qwen2.5-0.5B-SFT-2e-5-2ep-IRPO_5e-6-1ep_1alp_0lam,0.23233464984020177,0.3179474145066817,0.045317220543806644,0.2827181208053691,0.32625,0.15475398936170212
JayHyeon/Qwen2.5-0.5B-SFT-2e-5-2ep-IRPO_5e-6-2ep_1alp_0lam,0.23151017079127825,0.3259705145690442,0.041540785,0.2701342281879195,0.3383125,0.15209441489361702
JayHyeon/Qwen2.5-0.5B-SFT-2e-5-2ep-IRPO_5e-6-3ep_1alp_0lam,0.2298368329366082,0.33204616486918276,0.04305136,0.26593959731543626,0.33288541666666666,0.15674867021276595
JayHyeon/Qwen2.5-0.5B-SFT-2e-5-2ep-IRPO_5e-7-1ep_1alp_0lam,0.24687274210206694,0.3178544697854515,0.041540785,0.27936241610738255,0.33015625,0.1574966755319149
JayHyeon/Qwen2.5-0.5B-SFT-2e-5-2ep-IRPO_5e-7-2ep_1alp_0lam,0.2520434668900739,0.3167822100533442,0.037009063,0.2751677852348993,0.3328229166666667,0.15757978723404256
JayHyeon/Qwen2.5-0.5B-SFT-2e-5-2ep-IRPO_5e-7-3ep_1alp_0lam,0.2665815591519391,0.3190675981811982,0.034743202,0.27181208053691275,0.32885416666666667,0.1566655585106383
JayHyeon/Qwen2.5-0.5B-SFT-2e-5-2ep-MDPO_0.5_1e-7-1ep_0alp_0lam,0.24992021170494289,0.31779941873624934,0.037009063,0.2651006711409396,0.334125,0.15625
JayHyeon/Qwen2.5-0.5B-SFT-2e-5-2ep-MDPO_0.5_1e-7-2ep_0alp_0lam,0.24170201731406002,0.3178391594145879,0.040030211,0.2684563758389262,0.33279166666666665,0.1574966755319149
JayHyeon/Qwen2.5-0.5B-SFT-2e-5-2ep-MDPO_0.5_1e-7-3ep_0alp_0lam,0.2562401095759252,0.31904280434381205,0.042296073,0.26593959731543626,0.334125,0.15757978723404256
JayHyeon/Qwen2.5-0.5B-SFT-2e-5-2ep-MDPO_1e-6-3ep_0alp_0lam,0.2408276705807258,0.31647277641099675,0.04305136,0.27348993288590606,0.3315208333333333,0.1556682180851064
JayHyeon/Qwen2.5-0.5B-SFT-2e-5-2ep-MDPO_1e-6_1ep_0alp_0lam,0.24812165055386376,0.3204166266783764,0.047583082,0.276006711,0.3301875,0.15915890957446807
JayHyeon/Qwen2.5-0.5B-SFT-2e-5-2ep-MDPO_1e-6_2ep_0alp_0lam,0.2544914161092568,0.3185709286639082,0.049848943,0.27181208053691275,0.32885416666666667,0.15608377659574468
JayHyeon/Qwen2.5-0.5B-SFT-2e-5-2ep-MDPO_2e-6-3ep_0alp_0lam,0.2519935992056632,0.320368681,0.039274924,0.2726510067114094,0.32615625,0.15375664893617022
JayHyeon/Qwen2.5-0.5B-SFT-2e-5-2ep-MDPO_2e-6_1ep_0alp_0lam,0.23146030310686755,0.32128474090743103,0.045317220543806644,0.2802013422818792,0.32221875,0.15824468085106383
JayHyeon/Qwen2.5-0.5B-SFT-2e-5-2ep-MDPO_2e-6_2ep_0alp_0lam,0.25149381419079153,0.31867127828365593,0.04305136,0.27181208053691275,0.32888541666666665,0.15392287234042554
JayHyeon/Qwen2.5-0.5B-SFT-2e-5-2ep-MDPO_3e-6-1ep_0alp_0lam,0.24719743613611883,0.3213274785812292,0.034743202,0.2726510067114094,0.3261875,0.15882646276595744
JayHyeon/Qwen2.5-0.5B-SFT-2e-5-2ep-MDPO_3e-6-2ep_0alp_0lam,0.24599839536873275,0.32337658694524307,0.03776435,0.27936241610738255,0.33021875,0.15334109042553193
JayHyeon/Qwen2.5-0.5B-SFT-2e-5-2ep-MDPO_3e-6-3ep_0alp_0lam,0.25236816092412573,0.3255638228201855,0.053625378,0.27768456375838924,0.33679166666666666,0.15309175531914893
JayHyeon/Qwen2.5-0.5B-SFT-2e-5-2ep-MDPO_5e-6-1ep_0alp_0lam,0.2264646692996804,0.3252098558034601,0.047583082,0.27348993288590606,0.32615625,0.1568317819148936
JayHyeon/Qwen2.5-0.5B-SFT-2e-5-2ep-MDPO_5e-6-2ep_0alp_0lam,0.23016152697066006,0.3224479825736107,0.043806647,0.27684563758389263,0.34079166666666666,0.15001662234042554
JayHyeon/Qwen2.5-0.5B-SFT-2e-5-2ep-MDPO_5e-6-3ep_0alp_0lam,0.25236816092412573,0.3278027492189594,0.040785498,0.27768456375838924,0.33945833333333336,0.15209441489361702
JayHyeon/Qwen2.5-0.5B-SFT-2e-5-2ep-MDPO_5e-7-3ep_0alp_0lam,0.2657570801030156,0.31752113645211816,0.036253776,0.26174496644295303,0.3301875,0.1574966755319149
JayHyeon/Qwen2.5-0.5B-SFT-2e-5-2ep-MDPO_5e-7_1ep_0alp_0lam,0.2487211709375568,0.3189091360416723,0.03776435,0.27181208053691275,0.3275208333333333,0.15949135638297873
JayHyeon/Qwen2.5-0.5B-SFT-2e-5-2ep-MDPO_5e-7_2ep_0alp_0lam,0.2560151509106947,0.3158776856286612,0.03776435,0.27684563758389263,0.3275208333333333,0.15616688829787234
JayHyeon/Qwen2.5-0.5B-SFT-2e-5-2ep-MDPO_7e-7-3ep_0alp_0lam,0.2498703440205322,0.31561997255280577,0.040030211,0.2701342281879195,0.3301875,0.15558510638297873
JayHyeon/Qwen2.5-0.5B-SFT-2e-5-2ep-MDPO_7e-7_1ep_0alp_0lam,0.249595518,0.31774285416798703,0.045317220543806644,0.2625838926174497,0.33148958333333334,0.1566655585106383
JayHyeon/Qwen2.5-0.5B-SFT-2e-5-2ep-MDPO_7e-7_2ep_0alp_0lam,0.25149381419079153,0.3172338500122228,0.043806647,0.2701342281879195,0.3275208333333333,0.15533577127659576
JayHyeon/Qwen2.5-0.5B-SFT-2e-5-3ep,0.22808813946993975,0.3239538094779519,0.045317220543806644,0.26174496644295303,0.330125,0.17461768617021275
JayHyeon/Qwen2.5-0.5B-SFT-2e-5-5ep,0.23478259905938464,0.33076056644270485,0.05060423,0.26426174496644295,0.34088541666666666,0.16954787234042554
JayHyeon/Qwen2.5-0.5B-SFT-2e-5-5ep-MDPO_5e-7_3ep_0alp_0lam,0.25259311958935626,0.323809171,0.039274924,0.2676174496644295,0.3528229166666667,0.15741356382978725
JayHyeon/Qwen2.5-0.5B-SFT-2e-5-5ep-MDPO_5e-7_3ep_0alp_0lam_1ep,0.24812165055386376,0.31748404240871353,0.038519637,0.2625838926174497,0.34752083333333333,0.15965757978723405
JayHyeon/Qwen2.5-0.5B-SFT-2e-5-5ep-MDPO_5e-7_3ep_0alp_0lam_2ep,0.25476624245889795,0.3199073234678175,0.038519637,0.2651006711409396,0.34348958333333335,0.15616688829787234
JayHyeon/Qwen2.5-0.5B-SFT-2e-5-5ep-MDPO_7e-7_3ep_0alp_0lam,0.2423015376977531,0.32193163799444524,0.033987915407854986,0.2701342281879195,0.35152083333333334,0.15633311170212766
JayHyeon/Qwen2.5-0.5B-SFT-2e-5-5ep-MDPO_7e-7_3ep_0alp_0lam_1ep,0.24927082363683917,0.3190945593427599,0.039274924,0.2684563758389262,0.34752083333333333,0.15915890957446807
JayHyeon/Qwen2.5-0.5B-SFT-2e-5-5ep-MDPO_7e-7_3ep_0alp_0lam_2ep,0.24779695651981187,0.3218405915852565,0.041540785,0.26929530201342283,0.35152083333333334,0.15558510638297873
JayHyeon/Qwen2.5-0.5B-SFT-5e-5,0.2009856070781083,0.31093810553451656,0.033987915407854986,0.2676174496644295,0.33809375,0.16722074468085107
JayHyeon/Qwen2.5-0.5B-SFT-5e-5-2ep,0.21747186354428472,0.3179879277889672,0.03776435,0.2600671140939597,0.33679166666666666,0.16273271276595744
JayHyeon/Qwen2.5-0.5B-SFT-5e-5-3ep,0.2198699450790569,0.32974820176156994,0.030211480362537766,0.2533557046979866,0.35933333333333334,0.1651429521276596
JayHyeon/Qwen2.5-0.5B-SFT-5e-5-5ep,0.2077299343519639,0.3275980298873716,0.027190332326283987,0.2684563758389262,0.3766354166666666,0.15866023936170212
JayHyeon/Qwen2.5-0.5B-SFT-7e-5,0.20925366915340185,0.3158179005969299,0.030211480362537766,0.25671140939597314,0.33669791666666665,0.1622340425531915
JayHyeon/Qwen2.5-0.5B-SFT-7e-5-2ep,0.2156234347087949,0.3100411318318588,0.039274924,0.2424496644295302,0.3367291666666667,0.15674867021276595
JayHyeon/Qwen2.5-0.5B-SFT-7e-5-3ep,0.23805502732749106,0.3199313632207049,0.033232628,0.23657718120805368,0.3553645833333334,0.15217752659574468
JayHyeon/Qwen2.5-0.5B-SFT-7e-5-5ep,0.21197644472222593,0.32002953673668666,0.021903323,0.24580536912751677,0.37127083333333327,0.1628158244680851
JayHyeon/Qwen2.5-0.5B-SFT-DPO-1epoch_v1,0.20245947419513555,0.326814314,0.036253776,0.2726510067114094,0.3209166666666667,0.13297872340425532
JayHyeon/Qwen2.5-0.5B-SFT-MDPO-1epoch_v1,0.1964144026737944,0.32925816453885065,0.046827795,0.276006711,0.32615625,0.13372672872340424
JayHyeon/Qwen_0.5-DPOP_1e-6-3ep_0alp_5lam,0.253242508,0.3140431891367934,0.049093656,0.27432885906040266,0.33145833333333335,0.15658244680851063
JayHyeon/Qwen_0.5-DPOP_1e-7-3ep_0alp_5lam,0.26695612087040166,0.3188575312560274,0.040785498,0.26677852348993286,0.32879166666666665,0.15625
JayHyeon/Qwen_0.5-DPOP_3e-6-1ep_0alp_5lam,0.24807178286945303,0.32608064671010917,0.043806647,0.2600671140939597,0.3368229166666667,0.15649933510638298
JayHyeon/Qwen_0.5-DPOP_3e-6-2ep_0alp_5lam,0.23832985367713222,0.32184656431310543,0.04305136,0.27936241610738255,0.3341875,0.15034906914893617
JayHyeon/Qwen_0.5-DPOP_3e-6-3ep_0alp_5lam,0.24714756845170813,0.32244323308961736,0.040030211,0.2701342281879195,0.33276041666666667,0.15334109042553193
JayHyeon/Qwen_0.5-DPOP_3e-7-1ep_0alp_5lam,0.24474948691693596,0.3181429193838813,0.043806647,0.26174496644295303,0.334125,0.15649933510638298
JayHyeon/Qwen_0.5-DPOP_3e-7-2ep_0alp_5lam,0.2551408041773605,0.3194064593640778,0.044561934,0.26174496644295303,0.32615625,0.1566655585106383
JayHyeon/Qwen_0.5-DPOP_3e-7-3ep_0alp_5lam,0.25379216035674235,0.31530652457997205,0.041540785,0.2676174496644295,0.326125,0.1583277925531915
JayHyeon/Qwen_0.5-DPOP_5e-7-1ep_0alp_5lam,0.24022815019703275,0.3168335157841944,0.03776435,0.27181208053691275,0.33279166666666665,0.1568317819148936
JayHyeon/Qwen_0.5-DPOP_5e-7-2ep_0alp_5lam,0.24839647690350491,0.3210570160312575,0.043806647,0.2701342281879195,0.3288229166666667,0.1573304521276596
JayHyeon/Qwen_0.5-DPOP_5e-7-3ep_0alp_5lam,0.25781371206177384,0.32030958605054793,0.042296073,0.2709731543624161,0.32885416666666667,0.1583277925531915
JayHyeon/Qwen_0.5-DPO_1e-6-3ep_0alp_0lam,0.23163539408768735,0.3258499805340021,0.052870090634441085,0.26929530201342283,0.322125,0.15799534574468085
JayHyeon/Qwen_0.5-DPO_1e-7-3ep_0alp_0lam,0.23598163982677073,0.3225125170893353,0.043806647,0.2709731543624161,0.32221875,0.1595744680851064
JayHyeon/Qwen_0.5-DPO_3e-6-1ep_0alp_0lam,0.23370878158840763,0.3132229900705577,0.034743202,0.2609060402684564,0.3235208333333333,0.15325797872340424
JayHyeon/Qwen_0.5-DPO_3e-6-2ep_0alp_0lam,0.25693936532843964,0.32760017293049276,0.054380664652567974,0.27181208053691275,0.3155833333333333,0.15649933510638298
JayHyeon/Qwen_0.5-DPO_3e-6-3ep_0alp_0lam,0.24599839536873275,0.32674094707635526,0.04305136,0.2684563758389262,0.3209166666666667,0.15433843085106383
JayHyeon/Qwen_0.5-DPO_3e-7-1ep_0alp_0lam,0.2529178136234081,0.32292563083414066,0.055135952,0.2676174496644295,0.3195208333333333,0.15965757978723405
JayHyeon/Qwen_0.5-DPO_3e-7-2ep_0alp_0lam,0.25046986440422525,0.3255735108237258,0.047583082,0.27181208053691275,0.3194895833333333,0.15990691489361702
JayHyeon/Qwen_0.5-DPO_3e-7-3ep_0alp_0lam,0.2387044153955948,0.3258394284267221,0.044561934,0.27432885906040266,0.31685416666666666,0.1589095744680851
JayHyeon/Qwen_0.5-DPO_5e-7-1ep_0alp_0lam,0.253242508,0.32182747858122923,0.063444109,0.2684563758389262,0.32085416666666666,0.15932513297872342
JayHyeon/Qwen_0.5-DPO_5e-7-2ep_0alp_0lam,0.24562383365027018,0.3299192088381941,0.053625378,0.2709731543624161,0.318125,0.16015625
JayHyeon/Qwen_0.5-DPO_5e-7-3ep_0alp_0lam,0.24225167001334236,0.32712145602920534,0.051359517,0.27432885906040266,0.318125,0.15949135638297873
JayHyeon/Qwen_0.5-IPO_5e-7-1ep_0alp_0lam,0.2573892826589006,0.3279091360416723,0.055891238670694864,0.26929530201342283,0.31685416666666666,0.16505984042553193
JayHyeon/Qwen_0.5-IPO_5e-7-3ep_0alp_0lam,0.3072481017034801,0.32638442794247285,0.0581571,0.25671140939597314,0.31564583333333335,0.1624002659574468
JayHyeon/Qwen_0.5-IRPO_1e-6-3ep_1alp_0lam,0.25509093649294984,0.3242353334886223,0.046827795,0.26677852348993286,0.31825,0.15741356382978725
JayHyeon/Qwen_0.5-IRPO_1e-7-3ep_1alp_0lam,0.26358395723347383,0.3198054258965539,0.051359517,0.276006711,0.32615625,0.15857712765957446
JayHyeon/Qwen_0.5-IRPO_3e-6-1ep_1alp_0lam,0.23228478215579107,0.3254731912466387,0.037009063,0.25083892617449666,0.31688541666666664,0.16115359042553193
JayHyeon/Qwen_0.5-IRPO_3e-6-2ep_1alp_0lam,0.24137732328000816,0.3314225693635648,0.034743202,0.2516778523489933,0.33415625,0.15317486702127658
JayHyeon/Qwen_0.5-IRPO_3e-6-3ep_1alp_0lam,0.2677805999193252,0.3361518077587983,0.051359517,0.25419463087248323,0.33815625,0.15608377659574468
JayHyeon/Qwen_0.5-IRPO_3e-7-1ep_1alp_0lam,0.25606501859510544,0.3231121828613069,0.053625378,0.27181208053691275,0.31955208333333335,0.1589095744680851
JayHyeon/Qwen_0.5-IRPO_3e-7-3ep_1alp_0lam,0.2639086512675257,0.3257435380157632,0.047583082,0.2701342281879195,0.32085416666666666,0.15866023936170212
JayHyeon/Qwen_0.5-IRPO_5e-7-1ep_1alp_0lam,0.2517686405404327,0.3213578303108222,0.057401813,0.27348993288590606,0.31688541666666664,0.1584940159574468
JayHyeon/Qwen_0.5-IRPO_5e-7-2ep_1alp_0lam,0.24382527249919106,0.3266053460297184,0.061933534743202415,0.2726510067114094,0.31955208333333335,0.15541888297872342
JayHyeon/Qwen_0.5-IRPO_5e-7-3ep_1alp_0lam,0.24654804806801509,0.32458923603023143,0.052870090634441085,0.27181208053691275,0.31821875,0.15633311170212766
JayHyeon/Qwen_0.5-MDPO_0.1_3e-6-3ep_0alp_0lam,0.2505695997730466,0.32614538576285174,0.049848943,0.28187919463087246,0.33818750000000003,0.15217752659574468
JayHyeon/Qwen_0.5-MDPO_0.1_5e-7-3ep_0alp_0lam,0.24567370133468086,0.3179765517720094,0.034743202,0.2634228187919463,0.3315208333333333,0.15658244680851063
JayHyeon/Qwen_0.5-MDPO_0.3_3e-6-3ep_0alp_0lam,0.24539887498503968,0.32157618750132033,0.05060423,0.2802013422818792,0.33818750000000003,0.1544215425531915
JayHyeon/Qwen_0.5-MDPO_0.3_5e-7-3ep_0alp_0lam,0.2341830786756916,0.3189252460411593,0.040030211,0.2701342281879195,0.33015625,0.15799534574468085
JayHyeon/Qwen_0.5-MDPO_0.5_1e-5-3ep_0alp_0lam,0.23196008812173918,0.3233548545784329,0.039274924,0.27432885906040266,0.33688541666666666,0.15425531914893617
JayHyeon/Qwen_0.5-MDPO_0.5_3e-7-1ep_0alp_0lam,0.24175188499847072,0.3175499101875348,0.042296073,0.2625838926174497,0.3288229166666667,0.15799534574468085
JayHyeon/Qwen_0.5-MDPO_0.5_3e-7-2ep_0alp_0lam,0.24932069132124984,0.3196623899087389,0.042296073,0.2701342281879195,0.33148958333333334,0.15708111702127658
JayHyeon/Qwen_0.5-MDPO_0.5_3e-7-3ep_0alp_0lam,0.2520434668900739,0.3197552188491219,0.042296073,0.2634228187919463,0.3261875,0.15508643617021275
JayHyeon/Qwen_0.5-MDPO_0.5_4e-6-3ep_0alp_0lam,0.25803867072700437,0.3248229336342538,0.047583082,0.2751677852348993,0.34215625,0.15392287234042554
JayHyeon/Qwen_0.5-MDPO_0.5_6e-6-3ep_0alp_0lam,0.23196008812173918,0.326545451,0.038519637,0.27097315436241615,0.33948958333333334,0.15367353723404256
JayHyeon/Qwen_0.5-MDPO_0.5_7e-6-3ep_0alp_0lam,0.2487710386219675,0.3272739110084265,0.046072508,0.27181208053691275,0.33415625,0.15309175531914893
JayHyeon/Qwen_0.5-MDPO_0.5_7e-7-3ep_0alp_0lam,0.25236816092412573,0.3129690310926447,0.044561934,0.2709731543624161,0.32885416666666667,0.15641622340425532
JayHyeon/Qwen_0.5-MDPO_0.7_3e-6-3ep_0alp_0lam,0.2513940788219702,0.322095658,0.043806647,0.2751677852348993,0.33148958333333334,0.15383976063829788
JayHyeon/Qwen_0.5-MDPO_0.7_5e-7-3ep_0alp_0lam,0.24567370133468086,0.3180087717709833,0.038519637,0.26677852348993286,0.3275208333333333,0.15724734042553193
JayHyeon/Qwen_0.5-MDPO_0.9_5e-7-3ep_0alp_0lam,0.26363382491788456,0.31806866682195567,0.047583082,0.26593959731543626,0.3235208333333333,0.15741356382978725
JayHyeon/Qwen_0.5-VDPO_3e-6-1ep_3vpo_const,0.24829674153468353,0.3174312444218736,0.03776435,0.25419463087248323,0.33279166666666665,0.1558344414893617
JayHyeon/Qwen_0.5-VDPO_5e-7-1ep_0alp_0lam,0.2517686405404327,0.3218020653711833,0.052870090634441085,0.27181208053691275,0.32348958333333333,0.15949135638297873
JayHyeon/Qwen_0.5-VDPO_5e-7-1ep_10vpo_const,0.25361706937592254,0.3234331515135053,0.049093656,0.276006711,0.32355208333333335,0.15965757978723405
JayHyeon/Qwen_0.5-VDPO_5e-7-1ep_1vpo_const,0.24479935460134664,0.32395300683134437,0.060422961,0.2751677852348993,0.32485416666666667,0.15866023936170212
JayHyeon/Qwen_0.5-VDPO_5e-7-1ep_3vpo_const,0.25046986440422525,0.322699454,0.046827795,0.2709731543624161,0.3209166666666667,0.1589095744680851
JayHyeon/Qwen_0.5-VDPO_5e-7-3ep_0alp_0lam,0.24719743613611883,0.325505796,0.049848943,0.2751677852348993,0.32079166666666664,0.15866023936170212
JayHyeon/Qwen_0.5-VDPO_5e-7-3ep_1vpo_const,0.24165214962964932,0.3255889369754366,0.0581571,0.2726510067114094,0.32745833333333335,0.15625
JayHyeon/Qwen_0.5-VDPO_5e-7-3ep_3vpo_const,0.2526928549581776,0.32354099176995715,0.053625378,0.2785234899328859,0.32348958333333333,0.15799534574468085
JayHyeon/Qwen_0.5-VIPO_5e-7-1ep_0alp_0lam,0.26685638550158025,0.3313735254746672,0.070996979,0.2676174496644295,0.3168229166666667,0.16339760638297873
JayHyeon/Qwen_0.5-VIPO_5e-7-1ep_10vpo_const,0.270228549,0.3299802970903615,0.074018127,0.2751677852348993,0.32079166666666664,0.1634807180851064
JayHyeon/Qwen_0.5-VIPO_5e-7-1ep_1vpo_const,0.24802191518504235,0.33086196042215565,0.067975831,0.26426174496644295,0.3208229166666667,0.16489361702127658
JayHyeon/Qwen_0.5-VIPO_5e-7-1ep_30vpo_const,0.26223531341285566,0.3281993681712964,0.074018127,0.26929530201342283,0.322125,0.16339760638297873
JayHyeon/Qwen_0.5-VIPO_5e-7-1ep_3vpo_const,0.2608611816646498,0.32980236442597805,0.064954683,0.2701342281879195,0.31679166666666664,0.1651429521276596
JayHyeon/Qwen_0.5-VIPO_5e-7-3ep_0alp_0lam,0.2930347034756668,0.3219547893625387,0.062688822,0.2684563758389262,0.3115833333333333,0.1590757978723404
JayHyeon/Qwen_0.5-VIPO_5e-7-3ep_10vpo_const,0.28813880503730105,0.32553831509236264,0.072507553,0.2751677852348993,0.31024999999999997,0.15816156914893617
JayHyeon/Qwen_0.5-VIPO_5e-7-3ep_1vpo_const,0.2887383254209941,0.3237016212336586,0.074773414,0.2802013422818792,0.31425,0.16090425531914893
JayHyeon/Qwen_0.5-VIPO_5e-7-3ep_30vpo_const,0.2905368865720732,0.3254390641560331,0.077039275,0.27348993288590606,0.3129166666666667,0.15741356382978725
JayHyeon/Qwen_0.5-VIPO_5e-7-3ep_3vpo_const,0.2904870188876625,0.32381698216947513,0.070241692,0.27348993288590606,0.30894791666666666,0.15915890957446807
JayHyeon/Qwen_0.5-cDPO_5e-7-3ep_0vpo_const_0.1,0.23925406809487715,0.3244192088381941,0.051359517,0.27768456375838924,0.3221875,0.1573304521276596
JayHyeon/Qwen_0.5-cDPO_5e-7-3ep_0vpo_const_0.3,0.247472262,0.32090616030928304,0.046072508,0.28104026845637586,0.3275208333333333,0.1566655585106383
JayHyeon/Qwen_0.5-rDPO_3e-6-1ep_0vpo_const_0.1,0.232135179,0.32779679775418075,0.047583082,0.2575503355704698,0.3021875,0.14960106382978725
JayHyeon/Qwen_0.5-rDPO_5e-7-3ep_0vpo_const_0.1,0.2541667220752049,0.3253117533747236,0.052870090634441085,0.2709731543624161,0.318125,0.16090425531914893
JayHyeon/Qwen_0.5-rDPO_5e-7-3ep_0vpo_const_0.3,0.273875539,0.3245102552473828,0.046072508,0.25083892617449666,0.3089166666666667,0.15965757978723405
Jimmy19991222/Llama-3-Instruct-8B-SimPO-v0.2,0.6540368444615842,0.498371103,0.061933534743202415,0.3145973154362416,0.40125000000000005,0.3686003989361702
Jimmy19991222/llama-3-8b-instruct-gapo-v2-bert-f1-beta10-gamma0.3-lr1.0e-6-1minus-rerun,0.6717221416951467,0.48797965672899357,0.060422961,0.29446308724832215,0.4040729166666667,0.36336436170212766
Jimmy19991222/llama-3-8b-instruct-gapo-v2-bert_f1-beta10-gamma0.3-lr1.0e-6-scale-log,0.6555605792630221,0.49345840367294164,0.054380664652567974,0.30453020134228187,0.4000104166666667,0.3657746010638298
Jimmy19991222/llama-3-8b-instruct-gapo-v2-bert_p-beta10-gamma0.3-lr1.0e-6-scale-log,0.6315055164740666,0.4916414793938901,0.064954683,0.2860738255033557,0.3935,0.3611203457446808
Jimmy19991222/llama-3-8b-instruct-gapo-v2-bleu-beta0.1-no-length-scale-gamma0.4,0.6284580468711907,0.4986088445592742,0.051359517,0.29278523489932884,0.40137500000000004,0.3544714095744681
Jimmy19991222/llama-3-8b-instruct-gapo-v2-rouge2-beta10-1minus-gamma0.3-rerun,0.6677504576745258,0.4940463886115545,0.061178248,0.3062080536912752,0.3987083333333334,0.3657746010638298
Jimmy19991222/llama-3-8b-instruct-gapo-v2-rouge2-beta10-gamma0.3-lr1.0e-6-scale-log,0.6605063453857986,0.49160075581298046,0.06570997,0.3036912751677852,0.4000416666666667,0.3664394946808511
Jimmy19991222/llama-3-8b-instruct-gapo-v2-rougeL-beta10-gamma0.3-lr1.0e-6-scale-log,0.649190814,0.4952489348573605,0.064199396,0.30201342281879195,0.3961354166666667,0.37109375
Joseph717171/Hermes-3-Llama-3.1-8B_TIES_with_Base_Embeds_Initialized_to_Special_Instruct_Toks_dtypeF32,0.6185410266980501,0.5177452540141246,0.051359517,0.2827181208053691,0.4369375,0.31441156914893614
Joseph717171/Llama-3.1-SuperNova-8B-Lite_TIES_with_Base,0.8096328851890761,0.5147423127141911,0.18353474320241692,0.30956375838926176,0.4109895833333333,0.38804853723404253
Josephgflowers/Cinder-Phi-2-V1-F16-gguf,0.23565694579271884,0.4396616219689493,0.024169184,0.28187919463087246,0.34345833333333337,0.2160904255319149
Josephgflowers/Differential-Attention-Liquid-Metal-Tinyllama,0.22269245601670234,0.292556113,0.032477341,0.25083892617449666,0.33555208333333336,0.12142619680851063
Josephgflowers/TinyLlama-Cinder-Agent-v1,0.26695612087040166,0.31160367351776513,0.034743202,0.24412751677852348,0.33945833333333336,0.11610704787234043
Josephgflowers/TinyLlama-v1.1-Cinders-World,0.24692260978647768,0.29979653176003074,0.034743202,0.24412751677852348,0.3356145833333333,0.11984707446808511
Josephgflowers/TinyLlama_v1.1_math_code-world-test-1,0.007843633,0.31463497508928434,0.019637462235649546,0.23406040268456377,0.34990625000000003,0.11319813829787234
Josephgflowers/Tinyllama-STEM-Cinder-Agent-v1,0.21257596510591897,0.30843808427144626,0.067220544,0.2348993288590604,0.334125,0.10862699468085106
Josephgflowers/Tinyllama-r1,0.2119265770378152,0.3014631984266974,0.032477341,0.25671140939597314,0.33148958333333334,0.11344747340425532
JungZoona/T3Q-qwen2.5-14b-v1.0-e3,0.732396707,0.7585971930826706,0.2862537764350453,0.41694630872483224,0.5911041666666667,0.5884308510638298
Junhoee/Qwen-Megumin,0.7141118897857683,0.528526812,0.4901812688821752,0.2961409395973154,0.39803125,0.41988031914893614
KSU-HW-SEC/Llama3-70b-SVA-FT-1415,0.6179913739987677,0.6650146340680478,0.21978851963746224,0.375,0.4565416666666667,0.5242686170212766
KSU-HW-SEC/Llama3-70b-SVA-FT-500,0.6105223030448099,0.6692236023098005,0.21374622356495468,0.3808724832214765,0.45114583333333336,0.522689495
KSU-HW-SEC/Llama3-70b-SVA-FT-final,0.6164676391973297,0.6650146340680478,0.21978851963746224,0.375,0.4565416666666667,0.5242686170212766
KSU-HW-SEC/Llama3.1-70b-SVA-FT-1000step,0.7238039512936785,0.6903120365165111,0.32099697885196377,0.3959731543624161,0.45917708333333335,0.5251828457446809
Khetterman/DarkAtom-12B-v3,0.6173419859306639,0.5153709655381875,0.11102719033232629,0.2978187919463087,0.4468020833333333,0.3546376329787234
Khetterman/Kosmos-8B-v1,0.41291107594515886,0.5233522858623628,0.098942598,0.2986577181208054,0.3918854166666667,0.366938165
Kimargin/GPT-NEO-1.3B-wiki,0.19206815693471102,0.3026339952046975,0.014350453172205438,0.24496644295302014,0.3882604166666666,0.10987367021276596
KingNish/Qwen2.5-0.5b-Test-ft,0.26708134416681073,0.3231533857529747,0.035498489425981876,0.2634228187919463,0.342125,0.16888297872340424
KingNish/Reasoning-0.5b,0.217421996,0.33536255853174524,0.021903323,0.2676174496644295,0.35133333333333333,0.16414561170212766
KingNish/Reasoning-Llama-3b-v0.1,0.6224628430342602,0.43433592509582786,0.1299093655589124,0.25922818791946306,0.31676041666666666,0.3029421542553192
KingNish/qwen-1b-continued,0.12547263483113694,0.29909543894796364,0.009063444,0.2676174496644295,0.38587499999999997,0.1260804521276596
KingNish/qwen-1b-continued-v2,0.1578711153073844,0.31194932022650246,0.010574018126888218,0.25,0.33927083333333335,0.11926529255319149
KingNish/qwen-1b-continued-v2.1,0.11268323603594019,0.30416583041069006,0.009063444,0.2676174496644295,0.41539583333333335,0.1278257978723404
KingNish/qwen-1b-continued-v2.2,0.14125963554479892,0.30586579449667844,0.015105740181268883,0.25671140939597314,0.35130208333333335,0.1262466755319149
Kquant03/CognitiveFusion2-4x7B-BF16,0.35665700341759865,0.41078286111483786,0.057401813,0.2860738255033557,0.4145520833333333,0.27925531914893614
Kquant03/L3-Pneuma-8B,0.2374056392593873,0.49550433176754827,0.05060423,0.3070469798657718,0.41715624999999995,0.31840093085106386
Krystalan/DRT-o1-14B,0.4067662690549963,0.637927538,0.4826283987915408,0.3523489932885906,0.47951041666666666,0.5178690159574468
Krystalan/DRT-o1-7B,0.3928276971768242,0.5467693339610741,0.4478851963746224,0.3213087248322148,0.50865625,0.41514295212765956
Kukedlc/NeuralExperiment-7b-MagicCoder-v7.5,0.4552509563513699,0.3988446544778517,0.066465257,0.2961409395973154,0.4281979166666667,0.2824135638297872
Kukedlc/NeuralLLaMa-3-8b-DT-v0.1,0.4371412297149342,0.4986771544360115,0.08081571,0.3028523489932886,0.40711458333333334,0.379155585
Kukedlc/NeuralLLaMa-3-8b-ORPO-v0.3,0.5275912356990563,0.4557141539616392,0.048338369,0.23909395973154363,0.37003125,0.3056848404255319
Kukedlc/NeuralSynthesis-7B-v0.1,0.4184563624516283,0.5144745481048844,0.063444109,0.28104026845637586,0.43328125,0.304936835
Kukedlc/NeuralSynthesis-7B-v0.3,0.4078400865259733,0.5138078814382175,0.077794562,0.2802013422818792,0.4345833333333333,0.30501994680851063
Kukedlc/NeuralSynthesis-7b-v0.4-slerp,0.3947259936967247,0.5142932549151301,0.062688822,0.27768456375838924,0.43324999999999997,0.3042719414893617
Kukedlc/Qwen-2.5-7b-Spanish-o1-CoT,0.4210295349672203,0.5601947823443537,0.2726586102719033,0.32046979865771813,0.4776770833333333,0.4363364361702128
Kumar955/Hemanth-llm,0.5045102550122564,0.522494907,0.070241692,0.2827181208053691,0.4485625,0.3112533244680851
L-RAGE/3_PRYMMAL-ECE-7B-SLERP-V1,0.27422572108671656,0.422793975,0.10800604229607251,0.28187919463087246,0.3841354166666667,0.29247007978723405
LEESM/llama-2-7b-hf-lora-oki100p,0.25129434345314877,0.34916752720369776,0.016616314,0.26929530201342283,0.3687291666666666,0.18558843085106383
LEESM/llama-2-7b-hf-lora-oki10p,0.22701432199896276,0.3530929513059229,0.016616314,0.25419463087248323,0.34752083333333333,0.16788563829787234
LEESM/llama-3-8b-bnb-4b-kowiki231101,0.16848739123303944,0.4130805653617178,0.013595166163141994,0.2709731543624161,0.3551458333333333,0.24251994680851063
LEESM/llama-3-Korean-Bllossom-8B-trexlab-oki10p,0.21372513818889433,0.43430121169320707,0.046827795,0.2751677852348993,0.38692708333333337,0.3176529255319149
LGAI-EXAONE/EXAONE-3.0-7.8B-Instruct,0.7192826145737754,0.4174432647784512,0.30438066465256797,0.26593959731543626,0.366125,0.35771276595744683
LGAI-EXAONE/EXAONE-3.5-2.4B-Instruct,0.7950449252428002,0.4092347113723405,0.3678247734138973,0.26593959731543626,0.366125,0.32804188829787234
LGAI-EXAONE/EXAONE-3.5-32B-Instruct,0.8391833668000904,0.5760913742720142,0.5128398791540786,0.287751678,0.38066666666666665,0.4636801861702128
LGAI-EXAONE/EXAONE-3.5-7.8B-Instruct,0.8136045692096969,0.4727592304359862,0.47507552870090636,0.2575503355704698,0.3779375,0.4133144946808511
LLM360/K2,0.2252157608478836,0.4971835676523677,0.027190332326283987,0.27684563758389263,0.39799999999999996,0.30044880319148937
LLM360/K2-Chat,0.5151763986223221,0.5358099630242067,0.10347432024169184,0.3062080536912752,0.457,0.3371010638297872
LLM4Binary/llm4decompile-1.3b-v2,0.22678936333373229,0.3271808417267589,0.012839879,0.23573825503355705,0.4071770833333333,0.12092752659574468
Lambent/qwen2.5-reinstruct-alternate-lumen-14B,0.47938137475232384,0.6458988582965893,0.4622356495468278,0.3766778523489933,0.47700000000000004,0.538813165
Langboat/Mengzi3-8B-Chat,0.513977358,0.4683725003203179,0.090634441,0.27432885906040266,0.4077916666666667,0.31416223404255317
Lawnakk/BBA100,0.2075803312987318,0.2825701502983552,0.009818731,0.24412751677852348,0.40196875,0.11220079787234043
Lawnakk/BBALAW1,0.19054442213327305,0.28723681696502185,0.009818731,0.24328859060402686,0.4152708333333333,0.11211768617021277
Lawnakk/BBALAW1.0,0.13511482865463637,0.28276697965906106,0,0.2558724832214765,0.3525729166666667,0.11278257978723404
Lawnakk/BBALAW1.2,0.13543952268868825,0.28112730419661675,0,0.26426174496644295,0.35790625000000004,0.11053856382978723
Lawnakk/BBALAW1.3,0.13543952268868825,0.28269808045232453,0,0.2609060402684564,0.36190625000000004,0.109375
Lawnakk/BBALAW1.6,0.5245437660961804,0.555356285,0.36027190332326287,0.3238255033557047,0.43684375,0.45071476063829785
Lawnakk/BBALAW1.61,0.5771253607095839,0.5548582474785428,0.36631419939577037,0.31711409395973156,0.4355104166666666,0.4470578457446808
Lawnakk/BBALAW1.62,0.5046099903810778,0.5580519941056026,0.2824773413897281,0.3196308724832215,0.4343333333333333,0.45445478723404253
Lawnakk/BBALAW1.63,0.44073835201709244,0.5540633758841665,0.37009063444108764,0.31208053691275167,0.4303333333333333,0.4470578457446808
Lawnakk/BBALAW1.64,0.13946107439371977,0.27790701865141654,0,0.2483221476510067,0.3446666666666667,0.11153590425531915
LenguajeNaturalAI/leniachat-gemma-2b-v0,0.21497404664069114,0.30740211895412034,0.011329305135951661,0.26593959731543626,0.36590625000000004,0.11702127659574468
LenguajeNaturalAI/leniachat-qwen2-1.5B-v0,0.22211842356059697,0.36835590195612017,0.012839879,0.26174496644295303,0.3749895833333334,0.18799867021276595
LeroyDyer/CheckPoint_A,0.45127927233074905,0.4747699745968042,0.058912387,0.2835570469798658,0.4230833333333333,0.28798204787234044
LeroyDyer/CheckPoint_B,0.4439852923576111,0.47799475378324896,0.071752266,0.2902684563758389,0.38984375,0.29072473404255317
LeroyDyer/CheckPoint_C,0.34768968558979063,0.45864215446207585,0.055135952,0.2709731543624161,0.4346145833333333,0.30211103723404253
LeroyDyer/CheckPoint_R1,0.17278376928771216,0.4225419506658359,0.04305136,0.27432885906040266,0.4031458333333333,0.22049534574468085
LeroyDyer/LCARS_AI_001,0.31094495937445976,0.42578875825590146,0.023413897280966767,0.2634228187919463,0.43836458333333334,0.2670378989361702
LeroyDyer/LCARS_AI_1x4_003_SuperAI,0.41111251479407973,0.49198503573704794,0.057401813,0.2827181208053691,0.4506145833333333,0.29720744680851063
LeroyDyer/LCARS_AI_StarTrek_Computer,0.35825609383103496,0.4446191188748297,0.040785498,0.2676174496644295,0.3950208333333333,0.24584441489361702
LeroyDyer/LCARS_TOP_SCORE,0.43706587410293574,0.5127371051825098,0.067220544,0.2860738255033557,0.42928125,0.3031083776595745
LeroyDyer/Mixtral_AI_SwahiliTron_7b,0.1533996462718919,0.3055092453201354,0.013595166163141994,0.2651006711409396,0.34203125,0.12076130319148937
LeroyDyer/SpydazWebAI_Human_AGI,0.3388221031308041,0.3374862127508733,0.014350453172205438,0.2827181208053691,0.39663541666666663,0.1478557180851064
LeroyDyer/SpydazWebAI_Human_AGI_001,0.31181930610779396,0.3433421938604874,0.019637462235649546,0.2986577181208054,0.39939583333333334,0.14261968085106383
LeroyDyer/SpydazWeb_AI_CyberTron_Ultra_7b,0.15557276914143361,0.48107736108561827,0.013595166163141994,0.29278523489932884,0.41362499999999996,0.2865691489361702
LeroyDyer/SpydazWeb_AI_HumanAGI_001_M2,0.39395138233221183,0.4888172059118469,0.038519637,0.28942953020134227,0.4503020833333333,0.300531915
LeroyDyer/SpydazWeb_AI_HumanAGI_002,0.40876430094371824,0.5043871825389313,0.066465257,0.28691275167785235,0.48648958333333336,0.3058510638297872
LeroyDyer/SpydazWeb_AI_HumanAI_001,0.22516589316347294,0.33440360243051986,0.016616314,0.28859060402684567,0.38603125,0.1270777925531915
LeroyDyer/SpydazWeb_AI_HumanAI_006,0.14300832901146734,0.3301800420981355,0.010574018126888218,0.2802013422818792,0.3567916666666667,0.11353058510638298
LeroyDyer/SpydazWeb_AI_HumanAI_007,0.3351751131442351,0.3415665794743605,0.022658610271903322,0.28859060402684567,0.40962499999999996,0.13522273936170212
LeroyDyer/SpydazWeb_AI_HumanAI_009_CHAT,0.2973310815303395,0.3306728717792965,0.016616314,0.28104026845637586,0.41375,0.1432845744680851
LeroyDyer/SpydazWeb_AI_HumanAI_010_CHAT,0.2506948230694557,0.33363164762455844,0.018126888,0.25922818791946306,0.41371874999999997,0.14303523936170212
LeroyDyer/SpydazWeb_AI_HumanAI_011_INSTRUCT,0.3148667757106699,0.3522609512356862,0.014350453172205438,0.27936241610738255,0.3831458333333333,0.15949135638297873
LeroyDyer/SpydazWeb_AI_HumanAI_011_INSTRUCT_ML,0.37524213531208306,0.39840187861283577,0.025679758,0.29278523489932884,0.42391666666666666,0.2018783244680851
LeroyDyer/SpydazWeb_AI_HumanAI_011_INSTRUCT_ML_r1,0.4049677079039171,0.48583341042911066,0.055135952,0.29278523489932884,0.3921354166666667,0.2956283244680851
LeroyDyer/SpydazWeb_AI_HumanAI_012_INSTRUCT_IA,0.30355124403250044,0.4575107149412439,0.044561934,0.3011744966442953,0.42534374999999996,0.23287898936170212
LeroyDyer/SpydazWeb_AI_HumanAI_012_INSTRUCT_MX,0.3065987136353764,0.3158421938604874,0.015105740181268883,0.2911073825503356,0.34438541666666667,0.11070478723404255
LeroyDyer/SpydazWeb_AI_HumanAI_012_INSTRUCT_XA,0.35788153211257245,0.4476544560399054,0.042296073,0.30956375838926176,0.41340625,0.23761635638297873
LeroyDyer/SpydazWeb_AI_HumanAI_RP,0.2541168543907942,0.33230179059744286,0.012839879,0.2751677852348993,0.3882604166666666,0.1323969414893617
LeroyDyer/SpydazWeb_AI_HumanAI_TextVision,0.3062740196013245,0.33536617928965984,0.014350453172205438,0.29194630872483224,0.39384375,0.13871343085106383
LeroyDyer/SpydazWeb_HumanAI_M1,0.3582062261466243,0.35632705798398107,0.024924471299093656,0.2676174496644295,0.36711458333333336,0.1663065159574468
LeroyDyer/SpydazWeb_HumanAI_M2,0.3750171766468526,0.39308772552915555,0.028700906344410877,0.27936241610738255,0.3751458333333333,0.2010472074468085
LeroyDyer/SpydazWeb_HumanAI_M3,0.1578711153073844,0.31272572546166244,0.009063444,0.2709731543624161,0.3914270833333333,0.11486037234042554
LeroyDyer/_Spydaz_Web_AI_12,0.2764985793250797,0.31633960292107943,0.013595166163141994,0.2684563758389262,0.35815624999999995,0.11369680851063829
LeroyDyer/_Spydaz_Web_AI_14,0.1811770546594148,0.2988848127354542,0.012084592145015106,0.26593959731543626,0.3395208333333333,0.11394614361702128
LeroyDyer/_Spydaz_Web_AI_AGI_R1_001,0.4505046609662362,0.4609124425176902,0.063444109,0.2676174496644295,0.42559375,0.2734375
LeroyDyer/_Spydaz_Web_AI_AGI_R1_002,0.5306885729863429,0.4682582050072746,0.0581571,0.2684563758389262,0.42546875,0.28939494680851063
LeroyDyer/_Spydaz_Web_AI_AGI_R1_MUSR,0.478606763,0.4671769411194033,0.060422961,0.28439597315436244,0.48689583333333336,0.2828291223404255
LeroyDyer/_Spydaz_Web_AI_AGI_R1_MasterCoder,0.41425972,0.4689417813020516,0.061178248,0.276006711,0.47197916666666667,0.27194148936170215
LeroyDyer/_Spydaz_Web_AI_AGI_R1_Math_001,0.4571492528712705,0.48178882135920675,0.069486405,0.27684563758389263,0.47784375000000007,0.2681183510638298
LeroyDyer/_Spydaz_Web_AI_AGI_R1_Math_003,0.6200148938150774,0.4755509035158693,0.069486405,0.28104026845637586,0.42019791666666667,0.29986702127659576
LeroyDyer/_Spydaz_Web_AI_AGI_R1_Math_AdvancedStudent,0.5950854842927876,0.4927473238025393,0.054380664652567974,0.29194630872483224,0.5198229166666667,0.2999501329787234
LeroyDyer/_Spydaz_Web_AI_AGI_R1_Math_Student,0.5735781060918363,0.48808115770970123,0.051359517,0.2902684563758389,0.50975,0.292719415
LeroyDyer/_Spydaz_Web_AI_AGI_R1_Math_Teacher,0.5772250960784053,0.4805094960871836,0.054380664652567974,0.2860738255033557,0.5222395833333334,0.2956283244680851
LeroyDyer/_Spydaz_Web_AI_AGI_R1_OmG_001,0.5817963004827191,0.4907982146977475,0.05060423,0.30033557046979864,0.4486041666666667,0.29055851063829785
LeroyDyer/_Spydaz_Web_AI_AGI_R1_OmG_002,0.54615088,0.4655028607746287,0.049848943,0.2785234899328859,0.45108333333333334,0.28665226063829785
LeroyDyer/_Spydaz_Web_AI_AGI_R1_OmG_Coder,0.4923702442851634,0.46376531085099754,0.054380664652567974,0.27348993288590606,0.5624583333333334,0.28897938829787234
LeroyDyer/_Spydaz_Web_AI_AGI_R1_OmG_Math,0.5033112142448702,0.4676503002757066,0.047583082,0.2827181208053691,0.4325729166666667,0.29130651595744683
LeroyDyer/_Spydaz_Web_AI_AGI_R1_OmG_MathMaster,0.5558429411738631,0.47422312505675873,0.053625378,0.287751678,0.45098958333333333,0.2672041223404255
LeroyDyer/_Spydaz_Web_AI_AGI_R1_Student_Coder,0.5449518388985669,0.4650844324968853,0.06570997,0.28439597315436244,0.43883333333333335,0.27684507978723405
LeroyDyer/_Spydaz_Web_AI_AGI_R1_Teacher_Coder,0.5081572449988254,0.47965526444811907,0.064954683,0.2911073825503356,0.4338125,0.28449135638297873
LeroyDyer/_Spydaz_Web_AI_AGI_R1_Top_Student,0.6039530667517742,0.49877449828070924,0.072507553,0.2726510067114094,0.5397916666666667,0.30244348404255317
LeroyDyer/_Spydaz_Web_AI_AGI_R1_X1,0.427323945,0.47589342126093026,0.056646526,0.2600671140939597,0.4231770833333333,0.2890625
LeroyDyer/_Spydaz_Web_AI_AGI_R1_X2,0.5433782364127182,0.4785559277736029,0.061178248,0.2978187919463087,0.46953125,0.29205452127659576
LeroyDyer/_Spydaz_Web_AI_AGI_RP_R1,0.5426036250482054,0.4701061648636955,0.060422961,0.26929530201342283,0.42013541666666665,0.28939494680851063
LeroyDyer/_Spydaz_Web_AI_BIBLE_002,0.21949538336059432,0.3289070186514165,0.017371601208459216,0.28439597315436244,0.34069791666666666,0.13680186170212766
LeroyDyer/_Spydaz_Web_AI_ChatML_002,0.24122772022677608,0.3106383598957094,0.011329305135951661,0.2575503355704698,0.3623125,0.10945811170212766
LeroyDyer/_Spydaz_Web_AI_ChatQA,0.1414591062824417,0.32359493837413505,0.009818731,0.26593959731543626,0.3447291666666667,0.14752327127659576
LeroyDyer/_Spydaz_Web_AI_ChatQA_003,0.22091938279321088,0.3171811407815537,0.010574018126888218,0.2709731543624161,0.38184375,0.11328125
LeroyDyer/_Spydaz_Web_AI_TEMP_,0.47953097780555587,0.495695749,0.12386706948640483,0.27936241610738255,0.42175,0.3120844414893617
LeroyDyer/_Spydaz_Web_AI_Top_Teacher_,0.44038817005545283,0.48909617780536035,0.11555891238670694,0.27768456375838924,0.4366041666666667,0.3149933510638298
LightningRodLabs/Flashlight-v1.0,0.6745446526327921,0.6876833310149727,0.49697885196374625,0.3422818791946309,0.41009375,0.5402260638297872
LightningRodLabs/Flashlight-v1.1,0.6720967034136092,0.6901141327534415,0.5324773413897281,0.33976510067114096,0.4047604166666667,0.5415558510638298
LightningRodLabs/Flashlight-v1.2,0.4359920566319587,0.3264526807518731,0.1555891238670695,0.23573825503355705,0.45536458333333335,0.24850398936170212
Lil-R/2_PRYMMAL-ECE-2B-SLERP-V1,0.5823459531820016,0.4287069505821554,0.091389728,0.3062080536912752,0.43746875,0.2677859042553192
Lil-R/2_PRYMMAL-ECE-2B-SLERP-V2,0.5542693386880144,0.43764741906109417,0.094410876,0.2978187919463087,0.44816666666666666,0.2744348404255319
Lil-R/2_PRYMMAL-ECE-7B-SLERP,0.5577412376937636,0.5556642048146725,0.3632930513595166,0.3104026845637584,0.43960416666666663,0.45071476063829785
Lil-R/2_PRYMMAL-ECE-7B-SLERP-V1,0.10733742026711349,0.30525797550329686,0.000755287,0.25083892617449666,0.3910833333333333,0.11236702127659574
Lil-R/2_PRYMMAL-ECE-7B-SLERP-V2,0.10733742026711349,0.30525797550329686,0.000755287,0.25083892617449666,0.3910833333333333,0.11236702127659574
Lil-R/2_PRYMMAL-ECE-7B-SLERP-V3,0.22346706738121516,0.357839881,0.006042296,0.25671140939597314,0.4107083333333333,0.18168218085106383
Lil-R/PRYMMAL-ECE-1B-SLERP-V1,0.2874395492847866,0.41904526564708194,0.10347432024169184,0.276006711,0.39743749999999994,0.2925531914893617
Lil-R/PRYMMAL-ECE-7B-SLERP-V8,0.1258471965495995,0.2955092966258663,0.009818731,0.25,0.36314583333333333,0.11278257978723404
LilRg/10PRYMMAL-3B-slerp,0.1945903535951276,0.5320377091634505,0.14954682779456194,0.3213087248322148,0.45290625,0.3881316489361702
LilRg/ECE-1B-merge-PRYMMAL,0.27122811916825135,0.42345600176908743,0.10120845921450151,0.28104026845637586,0.3801041666666667,0.2906416223404255
LilRg/ECE_Finetunning,0.044538491,0.47321596790730514,0.045317220543806644,0.2827181208053691,0.38394791666666667,0.3191489361702128
LilRg/PRYMMAL-6B-slerp,0.11533065599276586,0.28676215692036117,0,0.24580536912751677,0.36975,0.1107878989361702
LilRg/PRYMMAL-ECE-7B-SLERP-V3,0.12432346174816154,0.2957239084980124,0.009818731,0.25671140939597314,0.36714583333333334,0.11269946808510638
LilRg/PRYMMAL-ECE-7B-SLERP-V4,0.12492298213185458,0.2957239084980124,0.009818731,0.25671140939597314,0.36714583333333334,0.11269946808510638
LilRg/PRYMMAL-ECE-7B-SLERP-V5,0.12492298213185458,0.2957239084980124,0.009818731,0.25671140939597314,0.36714583333333334,0.11269946808510638
LilRg/PRYMMAL-ECE-7B-SLERP-V6,0.12432346174816154,0.2957239084980124,0.009818731,0.25671140939597314,0.36714583333333334,0.11269946808510638
LilRg/PRYMMAL-ECE-7B-SLERP-V7,0.12492298213185458,0.2957239084980124,0.009818731,0.25671140939597314,0.36714583333333334,0.11269946808510638
LilRg/PRYMMAL-slerp-Merge,0.304400103,0.5364156271768925,0.16163141993957703,0.32046979865771813,0.46347916666666666,0.3863031914893617
LimYeri/CodeMind-Llama3-8B-unsloth_v2-merged,0.6946280314011268,0.48600920882996324,0.066465257,0.2651006711409396,0.3316145833333333,0.3505651595744681
LimYeri/CodeMind-Llama3-8B-unsloth_v3-merged,0.6762933460994606,0.4908161460506797,0.067975831,0.25838926174496646,0.3356145833333333,0.34956781914893614
LimYeri/CodeMind-Llama3-8B-unsloth_v4-one-DPO-merged,0.6492406813920397,0.48526582322240047,0.067975831,0.2684563758389262,0.3607916666666667,0.3353557180851064
LimYeri/CodeMind-Llama3-8B-unsloth_v4-one-merged,0.32108693821283085,0.47387586084568856,0.055135952,0.30956375838926176,0.40692708333333333,0.33527260638297873
LimYeri/CodeMind-Llama3.1-8B-unsloth-merged,0.6490157227268093,0.4694777854416285,0.10876132930513595,0.26426174496644295,0.37523958333333335,0.33402593085106386
Locutusque/CollectiveLM-Falcon-3-7B,0.3918281271470808,0.5105131374222629,0.21827794561933533,0.32550335570469796,0.3887291666666666,0.35987367021276595
Locutusque/Hercules-6.0-Llama-3.1-8B,0.6630041622893922,0.48133037900119535,0.16691842900302115,0.26426174496644295,0.362125,0.3614527925531915
Locutusque/Hercules-6.1-Llama-3.1-8B,0.6006806384836678,0.46562423765034017,0.17598187311178248,0.2609060402684564,0.35533333333333333,0.36685505319148937
Locutusque/Llama-3-NeuralHercules-5.0-8B,0.4489310584803876,0.3940474241916672,0.04305136,0.2684563758389262,0.3880729166666667,0.29330119680851063
Locutusque/Llama-3-Yggdrasil-2.0-8B,0.5370583385417359,0.47724551424666856,0.083081571,0.2625838926174497,0.39765625,0.316655585
Locutusque/TinyMistral-248M-v2.5,0.1336409615376091,0.30385761123260785,0.009818731,0.25083892617449666,0.37815624999999997,0.11353058510638298
Luni/StarDust-12b-v1,0.5459259210007226,0.5366139363101082,0.076283988,0.276006711,0.43244791666666665,0.34117353723404253
Luni/StarDust-12b-v2,0.5628620947973599,0.5419479534912178,0.068731118,0.2936241610738255,0.4338125,0.3439162234042553
Lunzima/NQLSG-Qwen2.5-14B-MegaFusion-v3,0.7048697456083193,0.6478481476573447,0.4161631419939577,0.38171140939597314,0.48075,0.5393949468085106
Lunzima/NQLSG-Qwen2.5-14B-MegaFusion-v4,0.6943033373670748,0.6419880364363972,0.3466767371601209,0.3716442953020134,0.476875,0.5251828457446809
Lunzima/NQLSG-Qwen2.5-14B-MegaFusion-v5,0.7485084021507378,0.6466679318879384,0.43580060422960726,0.3624161073825503,0.4473020833333334,0.5140458776595744
Lunzima/NQLSG-Qwen2.5-14B-MegaFusion-v6,0.704320093,0.6457646219275207,0.3957703927492447,0.3775167785234899,0.47678125,0.5392287234042553
Lunzima/NQLSG-Qwen2.5-14B-MegaFusion-v6-cpt,0.46634152936430895,0.6214839063250638,0.33157099697885195,0.37583892617449666,0.49373958333333334,0.5204454787234043
Lunzima/NQLSG-Qwen2.5-14B-MegaFusion-v7,0.6793906833867471,0.653127892,0.41012084592145015,0.37919463087248323,0.4833854166666667,0.5375664893617021
Lunzima/NQLSG-Qwen2.5-14B-MegaFusion-v7-rebase,0.693054429,0.6422587980411637,0.3406344410876133,0.375,0.48881250000000004,0.5276761968085106
Lunzima/NQLSG-Qwen2.5-14B-MegaFusion-v8,0.7874761189200211,0.6419472828128271,0.5558912386706949,0.33557046979865773,0.43936458333333334,0.5206117021276596
Lunzima/NQLSG-Qwen2.5-14B-MegaFusion-v8.5,0.5928624937388352,0.6451310724242122,0.36555891238670696,0.3800335570469799,0.47696875,0.5290059840425532
Lunzima/NQLSG-Qwen2.5-14B-MegaFusion-v8.6,0.5919382793210903,0.6457173605698173,0.4070996978851964,0.38422818791946306,0.49532291666666667,0.5399767287234043
Lunzima/NQLSG-Qwen2.5-14B-MegaFusion-v8.7,0.7874761189200211,0.6482757721443902,0.540785498,0.35151006711409394,0.4380625,0.524185505
Lunzima/NQLSG-Qwen2.5-14B-MegaFusion-v8.8,0.7027963581075989,0.6565626437486437,0.42371601208459214,0.37583892617449666,0.4911979166666667,0.5323304521276596
Lunzima/NQLSG-Qwen2.5-14B-MegaFusion-v8.9,0.7993413032974729,0.6483097746745584,0.5370090634441088,0.3296979865771812,0.43282291666666667,0.5199468085106383
Lunzima/NQLSG-Qwen2.5-14B-MegaFusion-v9,0.523519816,0.6545588984302916,0.43655589123867067,0.3884228187919463,0.4805625,0.542220745
Lunzima/NQLSG-Qwen2.5-14B-MegaFusion-v9-stock,0.6513639365771708,0.6570671029574323,0.41842900302114805,0.38422818791946306,0.4819583333333333,0.5412234042553191
Lunzima/NQLSG-Qwen2.5-14B-MegaFusion-v9.1,0.8002655177152178,0.6554749578648256,0.5468277945619335,0.34312080536912754,0.43539583333333337,0.5250997340425532
Lunzima/NQLSG-Qwen2.5-14B-MegaFusion-v9.2,0.7862272104682243,0.6537693501484436,0.5332326283987915,0.35570469798657717,0.43809375,0.5283410904255319
Lunzima/NQLSG-Qwen2.5-14B-OriginalFusion,0.6141947809589667,0.6592166466793806,0.42749244712990936,0.3808724832214765,0.51215625,0.5238530585106383
Lyte/Llama-3.1-8B-Instruct-Reasoner-1o1_v0.3,0.7098155117310957,0.4949521619329585,0.1903323262839879,0.2701342281879195,0.346125,0.36178523936170215
Lyte/Llama-3.2-1B-Instruct-COT-RL-Expriement1-EP04,0.5773503193748144,0.3515036874279285,0.080060423,0.2600671140939597,0.32355208333333335,0.18425864361702127
Lyte/Llama-3.2-3B-Overthinker,0.6407975283359264,0.4320093097952517,0.15634441087613293,0.25922818791946306,0.34190625,0.29853723404255317
M4-ai/TinyMistral-248M-v3,0.16386631914431488,0.2884549938995566,0.004531722,0.2407718120805369,0.3793333333333333,0.11319813829787234
MEscriva/ECE-PRYMMAL-0.5B-FT-V5-MUSR-Mathis,0.086629033,0.305728612,0.010574018126888216,0.2516778523489933,0.40171874999999996,0.11544215425531915
MLP-KTLim/llama-3-Korean-Bllossom-8B,0.5112800702136997,0.49004556470187666,0.10196374622356495,0.2625838926174497,0.3674583333333334,0.359375
MTSAIR/Cotype-Nano,0.3747922179816221,0.3864940969601492,0.097432024,0.2701342281879195,0.3289166666666667,0.24767287234042554
MTSAIR/MultiVerse_70B,0.5249183278146429,0.6183134284931178,0.19259818731117825,0.3540268456375839,0.47398958333333335,0.48603723404255317
Magpie-Align/Llama-3-8B-Magpie-Align-SFT-v0.1,0.4361416596851908,0.4615102744527366,0.057401813,0.2625838926174497,0.32773958333333336,0.2863198138297872
Magpie-Align/Llama-3-8B-Magpie-Align-SFT-v0.3,0.5063586838477463,0.45715808996720547,0.07326284,0.26593959731543626,0.34237500000000004,0.2902260638297872
Magpie-Align/Llama-3-8B-Magpie-Align-v0.1,0.4118117705465941,0.4811441560714845,0.033987915407854986,0.2751677852348993,0.3046979166666667,0.3006150265957447
Magpie-Align/Llama-3-8B-Magpie-Align-v0.3,0.44970566984490046,0.456960507,0.056646526,0.2651006711409396,0.34060416666666665,0.31341422872340424
Magpie-Align/Llama-3.1-8B-Magpie-Align-SFT-v0.1,0.47820671374176077,0.4764157817799906,0.089879154,0.2609060402684564,0.3397395833333334,0.29429853723404253
Magpie-Align/Llama-3.1-8B-Magpie-Align-v0.1,0.4457838535086903,0.46223963164680143,0.066465257,0.2634228187919463,0.31406249999999997,0.32621343085106386
Magpie-Align/MagpieLM-8B-Chat-v0.1,0.3700714105240761,0.4172338260055306,0.061178248,0.26174496644295303,0.3500625,0.3194813829787234
Magpie-Align/MagpieLM-8B-SFT-v0.1,0.4720619068515982,0.45528501595553356,0.075528701,0.2676174496644295,0.3648854166666667,0.2989527925531915
MagusCorp/grpo_lora_enem_llama3_7b,0.4723622211288271,0.48014581980384746,0.1216012084592145,0.30956375838926176,0.397125,0.35738031914893614
ManoloPueblo/ContentCuisine_1-7B-slerp,0.3907044419916932,0.5188437309746964,0.07326284,0.3028523489932886,0.46719791666666666,0.30535239361702127
ManoloPueblo/LLM_MERGE_CC2,0.3853087585384557,0.5209367401710429,0.064199396,0.30453020134228187,0.45929166666666665,0.30319148936170215
ManoloPueblo/LLM_MERGE_CC3,0.3958751667797001,0.5246290546274339,0.079305136,0.30956375838926176,0.4671666666666667,0.3155751329787234
MarinaraSpaghetti/NemoReRemix-12B,0.33425089872649016,0.5536511805668158,0.090634441,0.3179530201342282,0.4501458333333333,0.3597905585106383
MarinaraSpaghetti/Nemomix-v4.0-12B,0.5574664113441224,0.5274986611124783,0.10800604229607251,0.29194630872483224,0.42444791666666665,0.36128656914893614
Marsouuu/MiniMathExpert-2_61B-ECE-PRYMMAL-Martial,0.25484159807089635,0.3952730330493959,0.074018127,0.2751677852348993,0.40832291666666665,0.22739361702127658
Marsouuu/MiniQwenMathExpert-ECE-PRYMMAL-Martial,0.2794961812435449,0.42301343044108936,0.11404833836858005,0.28187919463087246,0.38673958333333336,0.2922207446808511
Marsouuu/MistralBase-4x7B-MoE-ECE-PRYMMAL-Martial,0.16973629968483622,0.3464368053320647,0.014350453172205438,0.25922818791946306,0.3990833333333333,0.13788231382978725
Marsouuu/general3B-ECE-PRYMMAL-Martial,0.27222658102722996,0.5394350977017502,0.15483383685800603,0.3196308724832215,0.4700520833333333,0.38763297872340424
Marsouuu/general3Bv2-ECE-PRYMMAL-Martial,0.5692817280371636,0.5636569831901026,0.36706948640483383,0.3104026845637584,0.43960416666666663,0.4498005319148936
Marsouuu/lareneg1_78B-ECE-PRYMMAL-Martial,0.2794961812435449,0.42301343044108936,0.11404833836858005,0.28187919463087246,0.38673958333333336,0.2922207446808511
Marsouuu/lareneg3B-ECE-PRYMMAL-Martial,0.330329082,0.5453325807578268,0.15181268882175228,0.32466442953020136,0.47246875,0.37666223404255317
Marsouuu/lareneg3Bv2-ECE-PRYMMAL-Martial,0.5753267995585047,0.562336015,0.36555891238670696,0.3196308724832215,0.4369375,0.45113031914893614
MaziyarPanahi/Calme-4x7B-MoE-v0.1,0.4315205875964663,0.5102819889174134,0.080060423,0.28187919463087246,0.4198854166666666,0.3056848404255319
MaziyarPanahi/Calme-4x7B-MoE-v0.2,0.4294472,0.5110766802558263,0.074018127,0.27936241610738255,0.43176041666666665,0.30576795212765956
MaziyarPanahi/Llama-3-70B-Instruct-v0.1,0.47143800671108216,0.5366257615951637,0.18051359516616314,0.28439597315436244,0.4433020833333334,0.4617686170212766
MaziyarPanahi/Llama-3-8B-Instruct-v0.10,0.7667433520835827,0.4924311866686311,0.057401813,0.3087248322147651,0.42143749999999996,0.38622007978723405
MaziyarPanahi/Llama-3-8B-Instruct-v0.8,0.7527549125209998,0.49627836815949883,0.077794562,0.3053691275167785,0.42019791666666667,0.3853058510638298
MaziyarPanahi/Llama-3-8B-Instruct-v0.9,0.763046494,0.4936132794870085,0.07326284,0.30788590604026844,0.4148020833333333,0.3845578457446808
MaziyarPanahi/Qwen1.5-MoE-A2.7B-Wikihow,0.29543278501043896,0.3920071454890602,0.082326284,0.2751677852348993,0.35021875,0.23803191489361702
MaziyarPanahi/Qwen2-7B-Instruct-v0.1,0.33522498082864577,0.5123061019250074,0.2212990936555891,0.28523489932885904,0.44347916666666665,0.3857214095744681
MaziyarPanahi/Qwen2-7B-Instruct-v0.8,0.27747266142723526,0.4637108491317945,0.17673716012084592,0.2936241610738255,0.4293125,0.3566323138297872
MaziyarPanahi/calme-2.1-llama3.1-70b,0.8434298771703524,0.644755327,0.41012084592145015,0.32802013422818793,0.43803125000000004,0.5282579787234043
MaziyarPanahi/calme-2.1-phi3-4b,0.552520645,0.5595320442699866,0.13141993957703926,0.3296979865771812,0.40153124999999995,0.3745844414893617
MaziyarPanahi/calme-2.1-phi3.5-4b,0.5659095644002359,0.5483695590203843,0.2039274924471299,0.34395973154362414,0.3994583333333333,0.3935339095744681
MaziyarPanahi/calme-2.1-qwen2-72b,0.8162774770941104,0.6965560971922596,0.4078549848942598,0.3808724832214765,0.47321875,0.5414727393617021
MaziyarPanahi/calme-2.1-qwen2-7b,0.3816119008674761,0.5045925887362795,0.2311178247734139,0.28942953020134227,0.44369791666666664,0.3692652925531915
MaziyarPanahi/calme-2.1-qwen2.5-72b,0.8662360315075112,0.7261624327092416,0.5913897280966768,0.36325503355704697,0.42984375,0.5619182180851063
MaziyarPanahi/calme-2.1-rys-78b,0.8135547015252862,0.7097861139530462,0.3942598187311178,0.39429530201342283,0.4693125,0.5443816489361702
MaziyarPanahi/calme-2.2-llama3-70b,0.8208486814984242,0.6435431762417703,0.2394259818731118,0.3414429530201342,0.4445729166666667,0.5206948138297872
MaziyarPanahi/calme-2.2-llama3.1-70b,0.8592667455684251,0.6792920009427085,0.43655589123867067,0.32466442953020136,0.45415625000000004,0.5414727393617021
MaziyarPanahi/calme-2.2-phi3-4b,0.5069083365470286,0.5529604896487258,0.14501510574018128,0.3213087248322148,0.3975625,0.3813996010638298
MaziyarPanahi/calme-2.2-qwen2-72b,0.8008151704145002,0.6939595229335245,0.45317220543806647,0.37416107382550334,0.4508020833333333,0.54346742
MaziyarPanahi/calme-2.2-qwen2-7b,0.35972996094806226,0.5214913750127922,0.21450151057401812,0.2911073825503356,0.43582291666666667,0.3898769946808511
MaziyarPanahi/calme-2.2-qwen2.5-72b,0.8476763875406145,0.7276399007138082,0.5891238670694864,0.35906040268456374,0.4206666666666667,0.561751995
MaziyarPanahi/calme-2.2-rys-78b,0.7986420475449585,0.7081014602379213,0.4070996978851964,0.40687919463087246,0.45356250000000004,0.53856383
MaziyarPanahi/calme-2.3-llama3-70b,0.8010401290797307,0.6399173489368603,0.2326283987915408,0.33808724832214765,0.42612500000000003,0.5204454787234043
MaziyarPanahi/calme-2.3-llama3.1-70b,0.8604657863358112,0.6871653740091753,0.39274924471299094,0.34395973154362414,0.45682291666666663,0.5363198138297872
MaziyarPanahi/calme-2.3-phi3-4b,0.49264507063480456,0.5537867816134527,0.1472809667673716,0.3179530201342282,0.3988333333333333,0.3828125
MaziyarPanahi/calme-2.3-qwen2-72b,0.3849840645044039,0.6576306700720502,0.31722054380664655,0.3716442953020134,0.4112395833333333,0.5418882978723404
MaziyarPanahi/calme-2.3-qwen2-7b,0.3824862476008103,0.5064049035932394,0.20694864048338368,0.29697986577181207,0.4422395833333333,0.3611203457446808
MaziyarPanahi/calme-2.3-rys-78b,0.8065854155862002,0.7107763314317289,0.39803625377643503,0.40436241610738255,0.45492708333333337,0.5475398936170213
MaziyarPanahi/calme-2.4-llama3-70b,0.5027371817887649,0.6418191966839487,0.24471299093655588,0.33976510067114096,0.4287916666666667,0.5203623670212766
MaziyarPanahi/calme-2.4-qwen2-7b,0.32995452067181746,0.5101416326251771,0.20317220543806647,0.2835570469798658,0.44528125,0.3976894946808511
MaziyarPanahi/calme-2.4-rys-78b,0.8010899967641414,0.7279510956242796,0.4070996978851964,0.40268456375838924,0.5770624999999999,0.7002160904255319
MaziyarPanahi/calme-2.5-qwen2-7b,0.31449221399220734,0.4886561146965678,0.2258308157099698,0.3104026845637584,0.45646875,0.3681848404255319
MaziyarPanahi/calme-2.6-qwen2-7b,0.3442676542684522,0.4930243946403894,0.1216012084592145,0.2843959731543625,0.4586145833333333,0.3731715425531915
MaziyarPanahi/calme-2.7-qwen2-7b,0.3592301759331906,0.4883170901309997,0.13821752265861026,0.2911073825503356,0.48242708333333334,0.3705119680851064
MaziyarPanahi/calme-3.1-baguette-3b,0.6234369251364158,0.46833341042911075,0.25604229607250756,0.2860738255033557,0.40079166666666666,0.33992686170212766
MaziyarPanahi/calme-3.1-instruct-3b,0.43359397509718656,0.4812730148043098,0.17749244712990936,0.2860738255033557,0.39520833333333333,0.355718085
MaziyarPanahi/calme-3.1-instruct-78b,0.8135547015252862,0.7305154498840408,0.39274924471299094,0.3959731543624161,0.5890624999999999,0.718500665
MaziyarPanahi/calme-3.1-llamaloi-3b,0.7375175645066203,0.4587340004998879,0.1729607250755287,0.28104026845637586,0.35152083333333334,0.3204787234042553
MaziyarPanahi/calme-3.2-baguette-3b,0.6338282423968404,0.47086227,0.2824773413897281,0.29446308724832215,0.40209374999999997,0.3337765957446808
MaziyarPanahi/calme-3.2-instruct-3b,0.5533196363426819,0.4865641110376735,0.21676737160120846,0.2835570469798658,0.40469791666666666,0.36527593085106386
MaziyarPanahi/calme-3.2-instruct-78b,0.8062607215521482,0.7318616272092674,0.4033232628398791,0.40268456375838924,0.6023645833333333,0.7303025265957447
MaziyarPanahi/calme-3.3-baguette-3b,0.6359514975819713,0.4678217295957521,0.3806646525679758,0.2802013422818792,0.39282291666666663,0.3341921542553192
MaziyarPanahi/calme-3.3-instruct-3b,0.6423212631373645,0.46933409427688694,0.37386706948640486,0.2827181208053691,0.40742708333333333,0.33053523936170215
Minami-su/Amara-o1-7B-Qwen,0.7389914316236474,0.5199420077880453,0.5181268882175226,0.2936241610738255,0.40066666666666667,0.4083277925531915
Minami-su/Amara-o2-7B-Qwen,0.7146615424850509,0.5173432604435285,0.4086102719033233,0.2634228187919463,0.37809374999999995,0.41647273936170215
Minami-su/test-7B-00,0.6690492338107332,0.44661237656101793,0.4516616314199396,0.3028523489932886,0.41260416666666666,0.3587932180851064
Minami-su/test-7B-01,0.6736204382150472,0.4422359420239754,0.4554380664652568,0.3070469798657718,0.41530208333333335,0.35355718085106386
Minami-su/test-v2-7B-00,0.6747197436136119,0.4415989344595353,0.4418429003021148,0.29194630872483224,0.41542708333333334,0.3472406914893617
ModelCloud/Llama-3.2-1B-Instruct-gptqmodel-4bit-vortex-v1,0.5268919799465418,0.3252726665015006,0.060422961,0.2533557046979866,0.3249166666666667,0.17644614361702127
ModelSpace/GemmaX2-28-9B-v0.1,0.003921816,0.3687226427280163,0.027190332326283987,0.27684563758389263,0.35365625,0.2230718085106383
MoonRide/Llama-3.2-3B-Khelavaster,0.4924954675815725,0.45156712929620335,0.16163141993957703,0.27768456375838924,0.36990625000000005,0.31216755319148937
Mostafa8Mehrabi/llama-3.2-1b-Insomnia-ChatBot-merged,0.13206735905176042,0.3003508901818665,0.00755287,0.23657718120805368,0.33815625,0.11311502659574468
MrRobotoAI/MrRoboto-ProLong-8b-v4i,0.3834603297029659,0.45854865,0.055135952,0.28942953020134227,0.401375,0.3068484042553192
MrRobotoAI/MrRoboto-ProLongBASE-pt8-unaligned-8b,0.34754008253655855,0.4515254903058233,0.042296073,0.28104026845637586,0.42788541666666663,0.2565658244680851
MultivexAI/Gladiator-Mini-Exp-1211-3B,0.687608878,0.44843752663028075,0.13746223564954682,0.2726510067114094,0.326,0.3151595744680851
MultivexAI/Gladiator-Mini-Exp-1221-3B-Instruct,0.6078748830879843,0.4369766992416903,0.1351963746223565,0.2634228187919463,0.31145833333333334,0.3048537234042553
MultivexAI/Gladiator-Mini-Exp-1221-3B-Instruct-V2,0.6215386286165153,0.438883391,0.14123867069486404,0.2634228187919463,0.30082291666666666,0.3025265957446808
MultivexAI/Gladiator-Mini-Exp-1222-3B-Instruct,0.6163180361440976,0.4373182371021645,0.14123867069486404,0.2634228187919463,0.31276041666666665,0.30169547872340424
MultivexAI/Phi-3.5-Mini-Instruct-MultiVex-v0.25-GGUF,0.14398241111362298,0.29077474506950557,0.006042296,0.2550335570469799,0.3641979166666667,0.11087101063829788
Mxode/NanoLM-0.3B-Instruct-v1,0.1536744726215331,0.30282462164767127,0.014350453172205438,0.27181208053691275,0.41552083333333334,0.11053856382978723
Mxode/NanoLM-0.3B-Instruct-v1.1,0.17827918810977095,0.3014403673764691,0.013595166163141994,0.25,0.42733333333333334,0.11211768617021277
Mxode/NanoLM-0.3B-Instruct-v2,0.1667885654507817,0.29211039456850646,0.006797583,0.2609060402684564,0.3954583333333333,0.11344747340425532
Mxode/NanoLM-1B-Instruct-v1.1,0.23952889444451833,0.31835012059590373,0.036253776,0.2634228187919463,0.34327083333333336,0.12150930851063829
Mxode/NanoLM-1B-Instruct-v2,0.2629844368497808,0.3123145400715591,0.041540785,0.2634228187919463,0.35520833333333335,0.12375332446808511
NAPS-ai/naps-gemma-2-27b-v-0.1.0,0,0.2911778102988436,0,0.2600671140939597,0.35753125,0.11677194148936171
NAPS-ai/naps-gemma-2-27b-v0.1.0,0,0.2911778102988436,0,0.2600671140939597,0.35753125,0.11677194148936171
NAPS-ai/naps-llama-3_1-8b-instruct-v0.3,0.5390818583580456,0.4900525115527062,0.1903323262839879,0.29949664429530204,0.37870833333333337,0.33984375
NAPS-ai/naps-llama-3_1-8b-instruct-v0.4,0.7344202272193336,0.4861833360906734,0.19637462235649547,0.27936241610738255,0.4421145833333333,0.3474900265957447
NAPS-ai/naps-llama-3_1-instruct-v0.5.0,0.5020124381086628,0.4147584365689691,0.036253776,0.2684563758389262,0.37127083333333327,0.26138630319148937
NAPS-ai/naps-llama-3_1_instruct-v0.6.0,0.3280063564675062,0.45284530156109354,0.064199396,0.28187919463087246,0.37390624999999994,0.3240525265957447
NAPS-ai/naps-llama3.1-70B-v0.2-fp16,0.1844993506119319,0.3040736853180832,0,0.23909395973154363,0.34860416666666666,0.10987367021276596
NCSOFT/Llama-VARCO-8B-Instruct,0.4470327619604871,0.5022879316026018,0.10649546827794562,0.29697986577181207,0.3840729166666666,0.31898271276595747
NJS26/NJS_777,0.18809647291409015,0.21782097894078087,0,0.2063758389261745,0.35378125,0.11627327127659574
NLPark/AnFeng_v3.1-Avocet,0.5096311121158525,0.582852329,0.1593655589123867,0.32466442953020136,0.44757291666666665,0.44381648936170215
NLPark/B-and-W_Flycatcher-3AD1E,0.49084650948372543,0.6065117528534355,0.23791540785498488,0.33053691275167785,0.44227083333333334,0.4740691489361702
NLPark/Shi-Ci-Robin-Test_3AD80,0.7226547782107031,0.6704805157570325,0.3157099697885196,0.3598993288590604,0.46959375000000003,0.5120511968085106
NTQAI/NxMobileLM-1.5B-SFT,0.6392239258500778,0.39571778,0.084592145,0.25922818791946306,0.35552083333333334,0.28174867021276595
NTQAI/Nxcode-CQ-7B-orpo,0.40072119753365515,0.4143023249178217,0.021903323,0.25419463087248323,0.39396875,0.16115359042553193
NYTK/PULI-GPTrio,0.21797164855915638,0.30600290906237543,0.012084592145015106,0.26593959731543626,0.38187499999999996,0.11369680851063829
NYTK/PULI-LlumiX-32K,0.1699612583500667,0.31893582242949375,0.012839879,0.2533557046979866,0.39641666666666664,0.16805186170212766
Naveenpoliasetty/llama3-8B-V2,0.4122616878770551,0.5188657580065063,0.078549849,0.2902684563758389,0.40813541666666664,0.3737533244680851
NbAiLab/nb-llama-3.1-8B-Instruct,0.362502604,0.32466553135589526,0.022658610271903322,0.27348993288590606,0.32076041666666666,0.1196808510638298
NbAiLab/nb-llama-3.1-8B-sft,0.36157838978355206,0.3281509048328078,0.021903323,0.25419463087248323,0.3287291666666667,0.12217420212765957
Nekochu/Llama-3.1-8B-German-ORPO,0.4610710692074806,0.4982577044334462,0.11706948640483383,0.3162751677852349,0.46475,0.33934507978723405
Nekochu/Llama-3.1-8B-french-DPO,0.46564227361179444,0.5110888403999433,0.097432024,0.2911073825503356,0.4215625,0.3414228723404255
Nekochu/Luminia-13B-v3,0.25231829323971505,0.41121515510929624,0.018126888,0.2701342281879195,0.3983333333333334,0.22149268617021275
Nekochu/Luminia-8B-RP,0.5574165436597118,0.5218151030627874,0.13595166163141995,0.29697986577181207,0.3997604166666666,0.3631150265957447
NeverSleep/Lumimaid-v0.2-12B,0.10993497253952846,0.5395610525850818,0.056646526,0.3145973154362416,0.48211458333333335,0.3511469414893617
NeverSleep/Lumimaid-v0.2-8B,0.5038109992597419,0.5237767601226618,0.14350453172205438,0.311241611,0.4303020833333333,0.36361369680851063
Nexesenex/Dolphin3.0-Llama3.1-1B-abliterated,0.5311883580012146,0.3240787338568713,0.038519637,0.2407718120805369,0.32367708333333334,0.1373005319148936
Nexesenex/Llama_3.1_8b_DeepDive_3_Prev_v1.0,0.6809144181881852,0.5155095936229447,0.1865558912386707,0.2911073825503356,0.3665833333333333,0.34375
Nexesenex/Llama_3.1_8b_DeepDive_3_R1_Prev_v1.0,0.7100903380807368,0.51203649,0.19259818731117825,0.30033557046979864,0.37576041666666665,0.34408244680851063
Nexesenex/Llama_3.1_8b_DobHerWild_R1_v1.1R,0.759999025,0.525696415,0.23187311178247735,0.29949664429530204,0.38521875,0.36884973404255317
Nexesenex/Llama_3.1_8b_DoberWild_v2.01,0.7995662619627034,0.5250767747736031,0.2001510574018127,0.3028523489932886,0.4011875,0.3790724734042553
Nexesenex/Llama_3.1_8b_DoberWild_v2.02,0.7746368524404137,0.531273699,0.19939577039274925,0.29446308724832215,0.39458333333333334,0.3764128989361702
Nexesenex/Llama_3.1_8b_DoberWild_v2.03,0.7764354135914928,0.5294434267893284,0.20770392749244712,0.3045302013422819,0.39058333333333334,0.37217420212765956
Nexesenex/Llama_3.1_8b_DodoWild_v2.01,0.7977677008116243,0.5252760762748857,0.1986404833836858,0.3036912751677852,0.40896874999999994,0.3738364361702128
Nexesenex/Llama_3.1_8b_DodoWild_v2.02,0.8016895171478344,0.5261737638679802,0.22734138972809667,0.30453020134228187,0.39706249999999993,0.37608045212765956
Nexesenex/Llama_3.1_8b_DodoWild_v2.03,0.7941207108250552,0.530825004,0.22205438066465258,0.30788590604026844,0.3958541666666667,0.37857380319148937
Nexesenex/Llama_3.1_8b_DodoWild_v2.10,0.8053863748188141,0.5278362703806528,0.1971299093655589,0.2961409395973154,0.41566666666666663,0.3854720744680851
Nexesenex/Llama_3.1_8b_Dolermed_R1_V1.01,0.7533544329046928,0.5312389177563648,0.20166163141993956,0.3053691275167785,0.37470833333333337,0.3732546542553192
Nexesenex/Llama_3.1_8b_Dolermed_R1_V1.03,0.7564019025075688,0.5316448098766001,0.20921450151057402,0.3179530201342282,0.3800416666666666,0.37200797872340424
Nexesenex/Llama_3.1_8b_Dolermed_V1.01,0.50865703,0.5193615033347353,0.13444108761329304,0.29446308724832215,0.39448958333333334,0.3570478723404255
Nexesenex/Llama_3.1_8b_Dolerstormed_V1.04,0.7889001183526376,0.5195180641442355,0.19259818731117825,0.3221476510067114,0.4029583333333333,0.3888796542553192
Nexesenex/Llama_3.1_8b_Hermedash_R1_V1.04,0.7871514248859692,0.5191641616026265,0.1865558912386707,0.32298657718120805,0.4110520833333333,0.38821476063829785
Nexesenex/Llama_3.1_8b_Hermedive_R1_V1.01,0.5001141415887622,0.5170855986734039,0.17749244712990936,0.2827181208053691,0.40084374999999994,0.34266954787234044
Nexesenex/Llama_3.1_8b_Hermedive_R1_V1.03,0.6647528557560606,0.5140787918844759,0.18580060422960726,0.2978187919463087,0.3613125,0.3488198138297872
Nexesenex/Llama_3.1_8b_Hermedive_V1.01,0.5061592131101034,0.4918197968512548,0.1646525679758308,0.28942953020134227,0.36965624999999996,0.3550531914893617
Nexesenex/Llama_3.1_8b_Mediver_V1.01,0.18847103463255274,0.44148325896745977,0.001510574,0.27768456375838924,0.38978124999999997,0.2993683510638298
Nexesenex/Llama_3.1_8b_Medusa_v1.01,0.7685419132346618,0.5017727187674992,0.14652567975830816,0.29194630872483224,0.40667708333333336,0.3531416223404255
Nexesenex/Llama_3.1_8b_Smarteaz_0.2_R1,0.6345529860769425,0.5112504828088763,0.26057401812688824,0.30033557046979864,0.4188020833333333,0.3645279255319149
Nexesenex/Llama_3.1_8b_Smarteaz_V1.01,0.8151283040111349,0.5241273021389002,0.23413897280966767,0.30956375838926176,0.37892708333333336,0.3735871010638298
Nexesenex/Llama_3.1_8b_Stormeder_v1.04,0.7852531283660686,0.5207086605445487,0.18504531722054382,0.32046979865771813,0.3948958333333334,0.38522273936170215
Nexesenex/Llama_3.1_8b_Typhoon_v1.03,0.8078343240379969,0.5313965802672672,0.22734138972809667,0.3070469798657718,0.38146875,0.3842253989361702
Nexesenex/Llama_3.2_1b_AquaSyn_0.1,0.2741004977903075,0.3284363786988483,0.021903323,0.2483221476510067,0.34603125,0.1377992021276596
Nexesenex/Llama_3.2_1b_AquaSyn_0.11,0.24312601674667658,0.3111956727868642,0.023413897280966767,0.2651006711409396,0.3367604166666667,0.1116190159574468
Nexesenex/Llama_3.2_1b_Dolto_0.1,0.5433782364127182,0.3350056502150862,0.037009063,0.23741610738255034,0.342125,0.13638630319148937
Nexesenex/Llama_3.2_1b_Odyssea_V1,0.2552660274737696,0.3009715832098017,0.014350453172205438,0.25838926174496646,0.33936458333333336,0.11527593085106383
Nexesenex/Llama_3.2_1b_Odyssea_V1.01,0.24954564998648032,0.3044651612138552,0.017371601208459216,0.2558724832214765,0.34203125,0.11519281914893617
Nexesenex/Llama_3.2_1b_OpenTree_R1_0.1,0.5366339091388627,0.3279521771600605,0.047583082,0.2525167785234899,0.31307291666666665,0.16747007978723405
Nexesenex/Llama_3.2_1b_OrcaSun_V1,0.5948605256275571,0.355031362,0.059667674,0.23657718120805368,0.33803125,0.19040890957446807
Nexesenex/Llama_3.2_1b_RandomLego_RP_R1_0.1,0.5542693386880144,0.34277067367168224,0.056646526,0.25,0.3249166666666667,0.15633311170212766
Nexesenex/Llama_3.2_1b_SunOrca_V1,0.542953807,0.34306447662530104,0.067220544,0.27432885906040266,0.32625,0.18841422872340424
Nexesenex/Llama_3.2_1b_Sydonia_0.1,0.21967047434141412,0.31210928710549807,0.020392749,0.22818791946308725,0.33818750000000003,0.12242353723404255
Nexesenex/Llama_3.2_1b_Syneridol_0.2,0.21574865800520399,0.3138849872298115,0.021903323,0.2348993288590604,0.33428125000000003,0.12267287234042554
Nexesenex/Llama_3.2_1b_Synopsys_0.1,0.17638089158987041,0.31619439082949846,0.016616314,0.23909395973154363,0.34609375000000003,0.12308843085106383
Nexesenex/Llama_3.2_1b_Synopsys_0.11,0.28421698870109086,0.31019707628668325,0.012839879,0.2625838926174497,0.35133333333333333,0.11228390957446809
Nexesenex/Llama_3.2_3b_Kermes_v1,0.4851759996808468,0.4409910297279671,0.030966767371601207,0.27348993288590606,0.40702083333333333,0.2547373670212766
Nexesenex/Llama_3.2_3b_Kermes_v2,0.5753766672429155,0.44554539692939316,0.054380664652567974,0.2651006711409396,0.37781249999999994,0.2734375
Nexesenex/Llama_3.2_3b_Kermes_v2.1,0.5583906257618674,0.44638999626044323,0.052114804,0.27936241610738255,0.3963541666666666,0.26919880319148937
Nexesenex/Nemotron_W_4b_Halo_0.1,0.3627275628665275,0.4135101667655742,0.042296073,0.28020134228187926,0.41651041666666666,0.25049867021276595
Nexesenex/Nemotron_W_4b_MagLight_0.1,0.4230275668559422,0.42314083807225433,0.040030211,0.2835570469798658,0.41120833333333334,0.2544880319148936
Nexesenex/Qwen_2.5_3b_Smarteaz_0.01a,0.4011954946209391,0.4636652015725344,0.1805135951661631,0.27768456375838924,0.43204166666666666,0.2859873670212766
Nexesenex/pankajmathur_orca_mini_v9_6_1B-instruct-Abliterated-LPL,0.5889905450870357,0.3562492190965966,0.074773414,0.26677852348993286,0.33955208333333337,0.1802692819148936
Nexusflow/NexusRaven-V2-13B,0.1790781792311068,0.39488604640507335,0.029456193,0.2600671140939597,0.3736875,0.18716755319148937
NikolaSigmoid/AceMath-1.5B-Instruct-1epoch,0.2848918646967823,0.426284784,0.30513595166163143,0.27768456375838924,0.39251041666666664,0.23761635638297873
NikolaSigmoid/AceMath-1.5B-Instruct-dolphin-r1-200,0.18080249294095221,0.28148007801214714,0,0.2558724832214765,0.37495833333333334,0.11427859042553191
NikolaSigmoid/DeepSeek-R1-Distill-Qwen-1.5B-500,0.17485715678843247,0.2601595454586609,0,0.24580536912751677,0.33796875,0.1124501329787234
NikolaSigmoid/acemath-200,0.2848918646967823,0.426284784,0.30513595166163143,0.27768456375838924,0.39251041666666664,0.23761635638297873
NikolaSigmoid/phi-4-14b,0.056078982,0.669500081,0.2938066465256798,0.4035234899328859,0.5046875000000001,0.52784242
NikolaSigmoid/phi-4-1steps,0.052756686,0.6707359457278651,0.2983383685800604,0.40184563758389263,0.5020520833333334,0.52734375
NikolaSigmoid/phi-4-300steps,0.056078982,0.6701123802649077,0.2945619335347432,0.4052013422818792,0.5033541666666667,0.5287566489361702
Nitral-AI/Captain-Eris-BMO_Violent-GRPO-v0.420,0.6312805578088361,0.5078530730075063,0.13141993957703926,0.30956375838926176,0.4228020833333333,0.359624335
Nitral-AI/Captain-Eris_BMO-Violent-12B,0.615218731,0.5104372825851065,0.13670694864048338,0.30956375838926176,0.42553124999999997,0.35713098404255317
Nitral-AI/Captain-Eris_Violet-GRPO-v0.420,0.6261597007052399,0.515921407,0.10800604229607251,0.2986577181208054,0.42791666666666667,0.35347406914893614
Nitral-AI/Captain-Eris_Violet-V0.420-12B,0.43391866913123844,0.5478099417611365,0.10725075528700906,0.311241611,0.43306249999999996,0.3722573138297872
Nitral-AI/Captain_BMO-12B,0.4750595087700634,0.5285960650424973,0.13972809667673716,0.3196308724832215,0.37480208333333337,0.3568816489361702
Nitral-AI/Hathor_Stable-v0.2-L3-8B,0.7174840534226963,0.5285819178301682,0.10498489425981873,0.28691275167785235,0.3780625,0.36959773936170215
Nitral-AI/Hathor_Tahsin-L3-8B-v0.85,0.7110145524984818,0.5279036861109899,0.10045317220543806,0.28523489932885904,0.3646666666666667,0.37200797872340424
Nitral-AI/Nera_Noctis-12B,0.45617517076911485,0.5193675192746302,0.087613293,0.2634228187919463,0.39790624999999996,0.3468251329787234
Nohobby/MS-Schisandra-22B-v0.1,0.6331289866443259,0.5789949714896523,0.22280966767371602,0.33221476510067116,0.39284375,0.4095744680851064
Nohobby/MS-Schisandra-22B-v0.2,0.6382997114323329,0.5841215984231857,0.20317220543806647,0.33557046979865773,0.40747916666666667,0.4136469414893617
Norquinal/Alpha,0.2802951723648808,0.3373652507108038,0.057401813,0.2651006711409396,0.36308333333333337,0.30028257978723405
Norquinal/Bravo,0.3024519386339357,0.3558431980261287,0.057401813,0.28187919463087246,0.38686458333333335,0.312749335
Norquinal/Charlie,0.3060989286205047,0.3515288346438244,0.0581571,0.2709731543624161,0.3736875,0.30925864361702127
Norquinal/Delta,0.253842028,0.3434783285415976,0.061178248,0.2609060402684564,0.3776875,0.2958776595744681
Norquinal/Echo,0.31579099012841483,0.35304654390055795,0.057401813,0.27936241610738255,0.3804479166666667,0.30950797872340424
Norquinal/Foxtrot,0.3011531624977283,0.3558026577191667,0.0581571,0.28691275167785235,0.3804166666666667,0.30501994680851063
Norquinal/Golf,0.3533601953926692,0.35332648991705207,0.053625378,0.2902684563758389,0.338,0.30560172872340424
Norquinal/Hotel,0.3215113676157041,0.36785702492059275,0.052870090634441085,0.27936241610738255,0.3288229166666667,0.3156582446808511
NotASI/FineTome-Llama3.2-1B-0929,0.39907223943580805,0.3246274874705644,0.036253776,0.2726510067114094,0.3487604166666667,0.1428690159574468
NotASI/FineTome-Llama3.2-3B-1002,0.5474496558021605,0.4319470614025341,0.062688822,0.25083892617449666,0.3685104166666667,0.24368351063829788
NotASI/FineTome-v1.5-Llama3.2-1B-1007,0.39237777984636324,0.32405671121485663,0.031722054,0.25,0.34745833333333337,0.1427027925531915
NotASI/FineTome-v1.5-Llama3.2-3B-1007,0.5507719517546776,0.4312372935321582,0.064199396,0.26174496644295303,0.3645416666666667,0.2448470744680851
NousResearch/DeepHermes-3-Mistral-24B-Preview,0.45357761849669986,0.6488196385442672,0.25755287009063443,0.3699664429530201,0.4503333333333333,0.45902593085106386
NousResearch/Hermes-2-Pro-Llama-3-8B,0.5361839918084017,0.507112624,0.083836858,0.29278523489932884,0.4262395833333333,0.30518617021276595
NousResearch/Hermes-2-Pro-Mistral-7B,0.5668337788179807,0.4995435330498075,0.060422961,0.27348993288590606,0.43759375,0.29463098404255317
NousResearch/Hermes-2-Theta-Llama-3-8B,0.6517883659800441,0.5206672260911865,0.096676737,0.3036912751677852,0.3948958333333334,0.33685172872340424
NousResearch/Hermes-3-Llama-3.1-70B,0.7661438316998896,0.6755780641387483,0.20996978851963746,0.3615771812080537,0.4948958333333333,0.47265625
NousResearch/Hermes-3-Llama-3.1-8B,0.6170172918966121,0.5177452540141246,0.047583082,0.2978187919463087,0.4369375,0.3139128989361702
NousResearch/Hermes-3-Llama-3.2-3B,0.3824862476008103,0.43519901506714875,0.039274924,0.2751677852348993,0.40302083333333333,0.25440492021276595
NousResearch/Nous-Hermes-2-Mistral-7B-DPO,0.5762510139762497,0.48526536654652347,0.047583082,0.29278523489932884,0.3999791666666667,0.3015292553191489
NousResearch/Nous-Hermes-2-Mixtral-8x7B-DPO,0.5896898008395501,0.5538851384033822,0.12235649546827794,0.3213087248322148,0.4595416666666667,0.3666057180851064
NousResearch/Nous-Hermes-2-Mixtral-8x7B-SFT,0.5730783210769648,0.5057868454026635,0.021148036253776436,0.30201342281879195,0.421375,0.30659906914893614
NousResearch/Nous-Hermes-2-SOLAR-10.7B,0.5278660620486975,0.5414294841140173,0.057401813,0.2936241610738255,0.43728125,0.3458277925531915
NousResearch/Nous-Hermes-llama-2-7b,0.17290788441335658,0.3823937686034717,0.009063444,0.2634228187919463,0.42571875,0.19398271276595744
NousResearch/Yarn-Llama-2-13b-128k,0.16546430138698653,0.3826816443733663,0.017371601208459216,0.25838926174496646,0.34575,0.23204787234042554
NousResearch/Yarn-Llama-2-7b-128k,0.14847825990593846,0.32480295375597734,0.015105740181268883,0.2600671140939597,0.39669791666666665,0.1791057180851064
NousResearch/Yarn-Llama-2-7b-64k,0.1699856381068897,0.3326277865253592,0.015861027190332326,0.26426174496644295,0.393875,0.17985372340425532
NousResearch/Yarn-Mistral-7b-128k,0.19336693307091848,0.4314467711273296,0.031722054,0.2986577181208054,0.4070520833333333,0.289311835
NousResearch/Yarn-Mistral-7b-64k,0.2079548930171944,0.42931904551037814,0.037009063,0.2902684563758389,0.41238541666666667,0.2913896276595745
NousResearch/Yarn-Solar-10b-32k,0.19421579187666504,0.4986859152325069,0.030211480362537766,0.3028523489932886,0.4146458333333333,0.32721077127659576
NousResearch/Yarn-Solar-10b-64k,0.1988867316498003,0.49219907954226505,0.028700906344410877,0.30201342281879195,0.40143750000000006,0.3148271276595745
Novaciano/ASTAROTH-3.2-1B,0.5612884923115112,0.3542962056805596,0.07326284,0.2558724832214765,0.31421875,0.19090757978723405
Novaciano/BLAST_PROCESSING-3.2-1B,0.3921783091087204,0.3460318843168258,0.074773414,0.26593959731543626,0.3351458333333333,0.19414893617021275
Novaciano/Cerberus-3.2-1B,0.5016877440746109,0.4164937678626939,0.0581571,0.25838926174496646,0.32888541666666665,0.1663065159574468
Novaciano/Cultist-3.2-1B,0.5294895322189568,0.3399311286410264,0.058912387,0.2609060402684564,0.3330104166666667,0.17137632978723405
Novaciano/FuseChat-3.2-1B-GRPO_Creative_RP,0.559814625,0.3487816706572648,0.080060423,0.2558724832214765,0.33288541666666666,0.17345412234042554
Novaciano/Fusetrix-3.2-1B-GRPO_RP_Creative,0.5366339091388627,0.3434595088038714,0.1148036253776435,0.25,0.3209166666666667,0.17578125
Novaciano/Fusetrix-Dolphin-3.2-1B-GRPO_Creative_RP,0.5342856952885011,0.35023897852759145,0.10498489425981873,0.2684563758389262,0.3183125,0.1823470744680851
Novaciano/HarmfulProject-3.2-1B,0.3873821460391761,0.32744993658117816,0.047583082,0.26677852348993286,0.341875,0.18226396276595744
Novaciano/LEWD-Mental-Cultist-3.2-1B,0.5308636639671627,0.35127188813594756,0.052870090634441085,0.25671140939597314,0.32228125,0.1768617021276596
Novaciano/La_Mejor_Mezcla-3.2-1B,0.5509969104199081,0.34879364478381225,0.089879154,0.2575503355704698,0.3196145833333333,0.18292885638297873
Novaciano/Sigil-Of-Satan-3.2-1B,0.5494233079340594,0.3545862332731657,0.054380664652567974,0.2609060402684564,0.3276145833333333,0.18550531914893617
NucleusAI/nucleus-22B-token-500B,0.025654153202391873,0.29198007801214715,0,0.25,0.3510520833333333,0.11619015957446809
NyxKrage/Microsoft_Phi-4,0.058526931,0.6690562305322874,0.2990936555891239,0.40604026845637586,0.5033541666666667,0.5286735372340425
OEvortex/Emotional-llama-8B,0.3516369898535885,0.4838573702054177,0.081570997,0.29446308724832215,0.365875,0.35347406914893614
OEvortex/HelpingAI-15B,0.2030091268944179,0.2936006977853758,0,0.2575503355704698,0.361875,0.11112034574468085
OEvortex/HelpingAI-3B-reloaded,0.46466819150963884,0.4128512897904065,0.013595166163141994,0.2634228187919463,0.3524479166666667,0.25947473404255317
OEvortex/HelpingAI2-9B,0.44131238447319776,0.4844617641983123,0.058912387,0.25838926174496646,0.3710833333333334,0.28997672872340424
OEvortex/HelpingAI2.5-10B,0.32765617450586665,0.4495657491171711,0.020392749,0.26929530201342283,0.37381250000000005,0.25748005319148937
OliveiraJLT/Sagui-7B-Instruct-v0.1,0.28916275482386733,0.3110678914743868,0.015105740181268883,0.2424496644295302,0.4190520833333333,0.14852061170212766
Omkar1102/code-yi,0.21477457590304835,0.2760062695877461,0,0.25083892617449666,0.3802291666666667,0.11261635638297872
OmnicromsBrain/NeuralStar_FusionWriter_4x7b,0.5963842604289951,0.47762434766958123,0.049093656,0.2785234899328859,0.401875,0.2605551861702128
OnlyCheeini/greesychat-turbo,0.023256071667619692,0.30921339082318816,0,0.2600671140939597,0.3314270833333333,0.11377992021276596
Open-Orca/Mistral-7B-OpenOrca,0.4977659277384008,0.4768173517353546,0.035498489425981876,0.27181208053691275,0.38578124999999996,0.26529255319148937
OpenAssistant/oasst-sft-1-pythia-12b,0.10553885911603435,0.314662876,0.015105740181268883,0.2575503355704698,0.33269791666666665,0.11128656914893617
OpenBuddy/openbuddy-falcon3-10b-v24.2-131k,0.5086315420861093,0.6003725722032135,0.21299093655589124,0.29949664429530204,0.41864583333333333,0.3833942819148936
OpenBuddy/openbuddy-llama3-70b-v21.2-32k,0.7010476646409305,0.6507443429944494,0.20317220543806647,0.3422818791946309,0.45796875000000004,0.4832114361702128
OpenBuddy/openbuddy-llama3-8b-v21.1-8k,0.5569666263292509,0.47875007373484046,0.04305136,0.2709731543624161,0.3987708333333333,0.2954621010638298
OpenBuddy/openbuddy-llama3-8b-v21.2-32k,0.6191904147661538,0.4856219845879779,0.078549849,0.27936241610738255,0.377875,0.3298703457446808
OpenBuddy/openbuddy-llama3.1-70b-v22.1-131k,0.7332710541363582,0.6698491606025763,0.3950151057401813,0.375,0.46295833333333336,0.5304188829787234
OpenBuddy/openbuddy-llama3.1-8b-v22.2-131k,0.6657269378582162,0.5006515954024578,0.1148036253776435,0.27936241610738255,0.40810416666666666,0.3310339095744681
OpenBuddy/openbuddy-llama3.1-8b-v22.3-131k,0.5997065563815123,0.5065914870348772,0.12084592145015106,0.27936241610738255,0.40146875,0.3277094414893617
OpenBuddy/openbuddy-llama3.2-1b-v23.1-131k,0.3590052172679601,0.3266563226631131,0.024924471299093656,0.25838926174496646,0.33421875,0.1840093085106383
OpenBuddy/openbuddy-llama3.2-3b-v23.2-131k,0.4319450169993395,0.4072660342069299,0.026435045317220542,0.276006711,0.3263125,0.2479222074468085
OpenBuddy/openbuddy-llama3.3-70b-v24.1-131k,0.812080834,0.6858038620320306,0.44108761329305135,0.43456375838926176,0.4869270833333334,0.5327460106382979
OpenBuddy/openbuddy-mixtral-7bx8-v18.1-32k,0.549347952,0.46561770563515265,0.10800604229607251,0.30453020134228187,0.3830520833333333,0.38040226063829785
OpenBuddy/openbuddy-nemotron-70b-v23.1-131k,0.7555275557742346,0.6749472828128272,0.32099697885196377,0.36325503355704697,0.45375000000000004,0.5174534574468085
OpenBuddy/openbuddy-nemotron-70b-v23.2-131k,0.7226547782107031,0.6704805157570325,0.3157099697885196,0.3598993288590604,0.46959375000000003,0.5120511968085106
OpenBuddy/openbuddy-qwen2.5llamaify-14b-v23.1-200k,0.630880508,0.601319899,0.2537764350453172,0.33305369127516776,0.42404166666666665,0.4673371010638298
OpenBuddy/openbuddy-qwen2.5llamaify-14b-v23.3-200k,0.6131453432448126,0.6080855261046028,0.2311178247734139,0.3271812080536913,0.4345833333333333,0.4794714095744681
OpenBuddy/openbuddy-qwen2.5llamaify-7b-v23.1-200k,0.5672582082208539,0.5509381466888461,0.18882175226586104,0.3145973154362416,0.43632291666666667,0.394780585
OpenBuddy/openbuddy-qwq-32b-v24.1-200k,0.593661485,0.6798496773637743,0.37386706948640486,0.3808724832214765,0.484875,0.5490359042553191
OpenBuddy/openbuddy-qwq-32b-v24.2-200k,0.5969837808126881,0.6771537576509328,0.3776435045317221,0.3766778523489933,0.47179166666666666,0.5446309840425532
OpenBuddy/openbuddy-yi1.5-34b-v21.3-32k,0.5420041046645123,0.6162574860411373,0.1782477341389728,0.348993289,0.44394791666666666,0.4599401595744681
OpenBuddy/openbuddy-zero-14b-v22.3-32k,0.37529200299649373,0.4859759816473639,0.093655589,0.3070469798657718,0.41660416666666666,0.3187333776595745
OpenBuddy/openbuddy-zero-3b-v21.2-32k,0.3802377691192702,0.3934791831798414,0.018882175,0.2600671140939597,0.3566354166666667,0.20337433510638298
OpenBuddy/openbuddy-zero-56b-v21.2-32k,0.5057092957796425,0.6128345897750148,0.16238670694864046,0.3179530201342282,0.4305208333333333,0.43991023936170215
OpenGenerativeAI/Bifrost,0.6347524568145853,0.6849273974523276,0.2545317220543807,0.36828859060402686,0.45976041666666667,0.5159574468085106
OpenGenerativeAI/Bifrost-14B,0.6615302951723648,0.6844897889249308,0.23564954682779457,0.37919463087248323,0.46239583333333334,0.5073969414893617
OpenLLM-France/Lucie-7B,0.24964538535530173,0.3492469872973046,0.014350453172205438,0.2726510067114094,0.39232291666666663,0.14976728723404256
OpenLLM-France/Lucie-7B-Instruct,0.279645784,0.3254036581260458,0.016616314,0.27936241610738255,0.36621875,0.15558510638297873
OpenLLM-France/Lucie-7B-Instruct-human-data,0.29460830596151544,0.328425335,0.021903323,0.2751677852348993,0.37285416666666665,0.14295212765957446
OpenLLM-France/Lucie-7B-Instruct-v1.1,0.3038759380665523,0.38158765227444885,0.031722054,0.28187919463087246,0.37502083333333336,0.1864195478723404
OpenLeecher/llama3-8b-lima,0.43706587410293574,0.4295828632822993,0.05060423,0.23825503355704697,0.37127083333333327,0.26263297872340424
OpenScholar/Llama-3.1_OpenScholar-8B,0.6064010159709571,0.5207740834450674,0.16540785498489427,0.28187919463087246,0.4275104166666667,0.370844415
Orenguteng/Llama-3.1-8B-Lexi-Uncensored,0.7776843220432896,0.5057261652642643,0.15709969788519637,0.27181208053691275,0.3871145833333333,0.37898936170212766
Orenguteng/Llama-3.1-8B-Lexi-Uncensored-V2,0.7791581891603169,0.5084008018783934,0.1971299093655589,0.2827181208053691,0.3842916666666667,0.3780751329787234
Orion-zhen/Qwen2.5-7B-Instruct-Uncensored,0.7204317876567508,0.5473918652157296,0.4773413897280967,0.3028523489932886,0.43613541666666666,0.4426529255319149
Orion-zhen/phi-4-abliterated,0.057602716,0.6698239306664778,0.3021148036253776,0.40436241610738255,0.500625,0.5291722074468085
P0x0/Astra-v1-12B,0.28059437847134494,0.5214506484138984,0.11329305135951662,0.313758389,0.4051875,0.3460771276595745
PJMixers/LLaMa-3-CursedStock-v2.0-8B,0.6330791189599152,0.52711595,0.094410876,0.27432885906040266,0.38562500000000005,0.3556349734042553
PJMixers-Dev/L3.2-Instruct-Thinking-v0.1-1B,0.46276989498973836,0.33018063718974094,0.054380664652567974,0.2575503355704698,0.32621875,0.14827127659574468
PJMixers-Dev/LLaMa-3.1-Instruct-Interleaved-Zeroed-13B,0.7871015572015585,0.5073267838961463,0.2001510574018127,0.29194630872483224,0.3869895833333333,0.3767453457446808
PJMixers-Dev/LLaMa-3.1-RomboTiesTest-8B,0.7825303527972447,0.5073267838961463,0.2001510574018127,0.29194630872483224,0.3869895833333333,0.3767453457446808
PJMixers-Dev/LLaMa-3.1-RomboTiesTest2-8B,0.7825303527972447,0.5073267838961463,0.2001510574018127,0.29194630872483224,0.3869895833333333,0.3767453457446808
PJMixers-Dev/LLaMa-3.2-Instruct-JankMix-v0.1-SFT-3B,0.693054429,0.4556166737589294,0.1216012084592145,0.27432885906040266,0.37003125000000003,0.312749335
PJMixers-Dev/LLaMa-3.2-Instruct-JankMix-v0.2-SFT-3B,0.6291573026237051,0.45814952191015346,0.1299093655589124,0.2726510067114094,0.365875,0.3115026595744681
PJMixers-Dev/LLaMa-3.2-Instruct-JankMix-v0.2-SFT-HailMary-v0.1-KTO-3B,0.6503898544750152,0.45107942950222196,0.12613293051359517,0.27181208053691275,0.3687291666666667,0.3107546542553192
PJMixers-Dev/LLaMa-3.2-Instruct-JankMixBread-v0.1-3B,0.5040858256093831,0.4483158594793648,0.13066465256797583,0.2827181208053691,0.3515520833333334,0.308344415
PJMixers-Dev/Qwen2.5-RomboTiesTest-7B,0.7558023821238757,0.5398673461520839,0.4962235649546828,0.2978187919463087,0.4033645833333333,0.4285239361702128
Parissa3/test-model,0.3882564927725103,0.5193916761801759,0.064954683,0.29446308724832215,0.46853125,0.3056848404255319
Pinkstack/PARM-V1.5-base-QwQ-Qwen-2.5-o1-3B,0.5084819390328772,0.47105662040096935,0.1691842900302115,0.29697986577181207,0.44785416666666666,0.35106382978723405
Pinkstack/SuperThoughts-CoT-14B-16k-o1-QwQ,0.051457909458015844,0.6719989821162488,0.4199395770392749,0.3926174496644295,0.4913541666666667,0.52684508
Pinkstack/Superthoughts-lite-1.8B-experimental-o1,0.037519338,0.3434736647957908,0.031722054,0.2751677852348993,0.33539583333333334,0.18508976063829788
Pinkstack/Superthoughts-lite-v1,0.1658643510330368,0.3465571905256149,0.029456193,0.28104026845637586,0.3671770833333334,0.17553191489361702
PocketDoc/Dans-Instruct-CoreCurriculum-12b,0.21914520139895477,0.3788739075240266,0.054380664652567974,0.2827181208053691,0.4095625,0.1219248670212766
PocketDoc/Dans-PersonalityEngine-V1.1.0-12b,0.7074672978807343,0.5361046243199591,0.10498489425981873,0.28691275167785235,0.45867708333333335,0.32621343085106386
PocketDoc/Dans-PersonalityEngine-V1.2.0-24b,0.7886252920029965,0.6421213844206719,0.24546827794561935,0.3187919463087248,0.42996875,0.5025764627659575
PocketDoc/Dans-PersonalityEngine-v1.0.0-8b,0.498190357,0.47325544259149366,0.081570997,0.28523489932885904,0.35415625,0.3065159574468085
PocketDoc/Dans-SakuraKaze-V1.0.0-12b,0.6520133246452745,0.5405357251132225,0.092900302,0.2936241610738255,0.47452083333333334,0.35596742021276595
PowerInfer/SmallThinker-3B-Preview,0.6199650261306666,0.4494922016660919,0.27794561933534745,0.2609060402684564,0.3524791666666667,0.3017785904255319
PranavHarshan/LaMistral-V4,0.623861355,0.5184255342586473,0.068731118,0.32802013422818793,0.3642916666666667,0.35987367021276595
PranavHarshan/MedNarra-X1,0.43384331351924005,0.46371668179774184,0.043806647,0.30788590604026844,0.35403125,0.34308510638297873
Pretergeek/OpenChat-3.5-0106_10.7B_48Layers-Appended,0.5960595663949432,0.4619637884426022,0.079305136,0.3070469798657718,0.42540625,0.3289561170212766
Pretergeek/OpenChat-3.5-0106_10.7B_48Layers-Interleaved,0.5960595663949432,0.4619637884426022,0.077794562,0.30453020134228187,0.42540625,0.3298703457446808
Pretergeek/OpenChat-3.5-0106_32K-PoSE,0.3968991165662664,0.3471309425137119,0.026435045317220542,0.276006711,0.42054166666666665,0.203125
Pretergeek/OpenChat-3.5-0106_8.11B_36Layers-Appended,0.5975833011963811,0.4619637884426022,0.079305136,0.3070469798657718,0.42540625,0.3289561170212766
Pretergeek/OpenChat-3.5-0106_8.11B_36Layers-Interleaved,0.5960595663949432,0.46213045510926887,0.077794562,0.30453020134228187,0.42407291666666663,0.3298703457446808
Pretergeek/OpenChat-3.5-0106_8.99B_40Layers-Appended,0.5960595663949432,0.4619637884426022,0.079305136,0.3070469798657718,0.42540625,0.3289561170212766
Pretergeek/OpenChat-3.5-0106_8.99B_40Layers-Interleaved,0.5975833011963811,0.46213045510926887,0.077794562,0.30453020134228187,0.42407291666666663,0.3298703457446808
Pretergeek/OpenChat-3.5-0106_9.86B_44Layers-Appended,0.5960595663949432,0.4619637884426022,0.079305136,0.3070469798657718,0.42540625,0.3289561170212766
Pretergeek/openchat-3.5-0106_Rebased_Mistral-7B-v0.2,0.37062106322335847,0.36271140677296004,0.045317220543806644,0.27181208053691275,0.4840104166666667,0.2829953457446808
PrimeIntellect/INTELLECT-1,0.1757315035217667,0.27598007801214713,0,0.2533557046979866,0.3339375,0.11228390957446809
PrimeIntellect/INTELLECT-1-Instruct,0,0.28698007801214714,0.022658610271903322,0.2483221476510067,0.3576875,0.10638297872340426
PuxAI/LUA_model,0.22821336276634885,0.2876778102988436,0,0.2600671140939597,0.34838541666666667,0.11228390957446809
PygmalionAI/pygmalion-6b,0.20910406610016974,0.31988944643860034,0.008308157,0.24916107382550334,0.3683541666666667,0.11835106382978723
Q-bert/MetaMath-1B,0.5300391849182392,0.34506863677929517,0.062688822,0.2516778523489933,0.3289166666666667,0.1495179521276596
Quazim0t0/1up-14b,0.6888079185450161,0.6920935635451656,0.4161631419939577,0.3624161073825503,0.4583333333333333,0.5406416223404256
Quazim0t0/Adamant-14B-sce,0.6857604489421402,0.6858943778247303,0.3987915407854985,0.35067114093959734,0.45579166666666665,0.5371509308510638
Quazim0t0/Alice-14B,0.6836371937570092,0.6937748567349198,0.4569486404833837,0.35151006711409394,0.44794791666666667,0.5418882978723404
Quazim0t0/Alien-CoT-14B-sce,0.074863584,0.6395487523790632,0.520392749,0.39177852348993286,0.47852083333333334,0.5170378989361702
Quazim0t0/Aura-8B-Linear,0.794770099,0.5074298101934884,0.18051359516616314,0.26929530201342283,0.3686979166666667,0.3800698138297872
Quazim0t0/Casa-14b-sce,0.6653523761397536,0.6901033460664828,0.4697885196374622,0.33305369127516776,0.43102083333333335,0.5425531914893617
Quazim0t0/Charlie-8B-Linear,0.7380672172059026,0.5141359215016831,0.26510574018126887,0.2709731543624161,0.3485416666666667,0.3572972074468085
Quazim0t0/Chromatic-8b-sce,0.5085074269604649,0.5063171816307924,0.1555891238670695,0.3196308724832215,0.405125,0.37549867021276595
Quazim0t0/CoT_Phi,0.6158681188136367,0.6750841958594904,0.33081570996978854,0.35822147651006714,0.42435416666666664,0.4901097074468085
Quazim0t0/Dyson-14b,0.5856682491345186,0.6862902828866305,0.5392749244712991,0.313758389,0.4259375,0.5398936170212766
Quazim0t0/Edu-14B-Linear,0.6158182511292261,0.6757820996225599,0.24471299093655588,0.31711409395973156,0.43775000000000003,0.508560505
Quazim0t0/Fugazi14b,0.6997987561891337,0.6941017680723065,0.4652567975830816,0.35151006711409394,0.45455208333333336,0.5417220744680851
Quazim0t0/GZA-14B-sce,0.6274086091570367,0.6686539892126272,0.47205438066465255,0.30201342281879195,0.4284791666666667,0.523188165
Quazim0t0/Geedorah-14B,0.6872841837435781,0.6964189914061528,0.44486404833836857,0.34731543624161076,0.45467708333333334,0.5421376329787234
Quazim0t0/GivingTree-8b-sce,0.5006139266036339,0.5040482025572203,0.15256797583081572,0.3221476510067114,0.405125,0.37608045212765956
Quazim0t0/GuiltySpark-14B-ties,0.6854357549080883,0.6914302574038697,0.38368580060422963,0.3649328859060403,0.4557291666666667,0.5399767287234043
Quazim0t0/Halo-14B-sce,0.6753691316817156,0.6875692490185378,0.42900302114803623,0.34731543624161076,0.44007291666666665,0.5376496010638298
Quazim0t0/Heretic1.5b,0.20615633186611523,0.3529180801121154,0.24395770392749244,0.2684563758389262,0.3511458333333333,0.17278922872340424
Quazim0t0/Hyde-14b-sce,0.6715470507143269,0.6885164810743584,0.27341389728096677,0.3414429530201342,0.41409375,0.5300033244680851
Quazim0t0/Imagine-v0.5-16bit,0.2758990589413866,0.6769135492947932,0.13972809667673716,0.3649328859060403,0.43492708333333335,0.535405585
Quazim0t0/Imbue-14b,0.5199725616918665,0.6845292092854045,0.5317220543806647,0.31291946308724833,0.41672916666666665,0.5402260638297872
Quazim0t0/Insom,0.681838633,0.6881456689046391,0.3851963746223565,0.3498322147651007,0.43114583333333334,0.5352393617021277
Quazim0t0/InspectorDeck-14B-sce,0.32408454013129606,0.6668480318764974,0.3164652567975831,0.29697986577181207,0.39815625,0.5260970744680851
Quazim0t0/Jekyl-8b-sce,0.46968931324441365,0.4993588236391566,0.16163141993957703,0.33808724832214765,0.41966666666666663,0.3686003989361702
Quazim0t0/Jigsaw-14B-Linear,0.6480416406246536,0.6864625931836906,0.26510574018126887,0.34060402684563756,0.44826041666666666,0.5233543882978723
Quazim0t0/Katana-8b-sce,0.5107304175144174,0.5074684221457483,0.1510574018126888,0.32466442953020136,0.4037604166666667,0.3770777925531915
Quazim0t0/Knot-CoT-14B-sce,0.4831779677921249,0.6615610657544672,0.3995468277945619,0.2936241610738255,0.41403125,0.515375665
Quazim0t0/Lineage-14B,0.7070428684778609,0.6933789516730196,0.4244712990936556,0.3598993288590604,0.4597291666666667,0.5410571808510638
Quazim0t0/Lo-Phi-14b,0.4941189377518318,0.6851928144814953,0.5196374622356495,0.32802013422818793,0.42323958333333334,0.5369015957446809
Quazim0t0/Loke-14B-sce,0.6847863668399845,0.6923902176707362,0.3904833836858006,0.3649328859060403,0.46366666666666667,0.5401429521276596
Quazim0t0/MFDOOM-14B,0.6736204382150472,0.6916400252742457,0.5264350453172205,0.32298657718120805,0.43765625,0.5425531914893617
Quazim0t0/MFGRIMM-14B,0.6894074389287091,0.690877468,0.5060422960725075,0.3338926174496644,0.43613541666666666,0.5416389627659575
Quazim0t0/Math_Phi4_Reason,0.3220111526305758,0.6240212275403677,0.32779456193353473,0.2902684563758389,0.4034270833333333,0.5029920212765957
Quazim0t0/Mithril-14B-sce,0.6957772044841022,0.6925969240705362,0.3821752265861027,0.3691275167785235,0.4610625,0.5403091755319149
Quazim0t0/Mononoke-14B-sce,0.3502129904209719,0.6744431226588331,0.4697885196374622,0.32298657718120805,0.4154583333333333,0.5297539893617021
Quazim0t0/Motion-8B-Linear,0.7685917809190725,0.5084252652465131,0.18882175226586104,0.2709731543624161,0.36060416666666667,0.3784906914893617
Quazim0t0/Mouse-9B,0.1324917884546337,0.29789470527601253,0.005287009,0.25419463087248323,0.3469583333333333,0.11386303191489362
Quazim0t0/Nova-14b-sce,0.7021968377239058,0.6935261478148286,0.4161631419939577,0.36325503355704697,0.4570625,0.5413065159574468
Quazim0t0/NovaScotia-14b-stock,0.6787412953186434,0.6935261478148286,0.46299093655589124,0.348993289,0.44934375,0.5408909574468085
Quazim0t0/ODB-14b-sce,0.7015973173402128,0.6941928144814953,0.41163142,0.3624161073825503,0.4570625,0.5411402925531915
Quazim0t0/Oasis-14B-ties,0.6936539492989712,0.6914976731342066,0.37537764350453173,0.3649328859060403,0.4570625,0.5404753989361702
Quazim0t0/Origami-14B-sce,0.3259329689667859,0.6620277470720752,0.29154078549848944,0.2835570469798658,0.40348958333333335,0.5244348404255319
Quazim0t0/Phi4.Turn.R1Distill.16bit,0.31264378515671754,0.6563340892011863,0.2311178247734139,0.29446308724832215,0.39021875,0.5256815159574468
Quazim0t0/Phi4.Turn.R1Distill_v1.5.1-Tensors,0.2995296923274689,0.64557025,0.2190332326283988,0.2684563758389262,0.39285416666666667,0.51171875
Quazim0t0/Phi4Basis-14B-sce,0.6501648958097848,0.6909074263536413,0.4788519637462236,0.3288590604026846,0.43378125,0.5389793882978723
Quazim0t0/Ponder-14B-linear,0.6906064796960952,0.6942602302118323,0.4282477341389728,0.35822147651006714,0.45576041666666667,0.5408078457446809
Quazim0t0/RZA-14B-sce,0.4773578549360142,0.6685829139021245,0.5188821752265861,0.2902684563758389,0.41133333333333333,0.538314495
Quazim0t0/Rosemary-14b,0.6915306941138402,0.6955261478148286,0.438821752,0.3565436241610738,0.44921875,0.5396442819148937
Quazim0t0/Rune-14b,0.7015973173402128,0.6937489642141156,0.45845921450151056,0.35151006711409394,0.45328125,0.5411402925531915
Quazim0t0/SZA-14B-sce,0.5659095644002359,0.6888749072998727,0.5241691842900302,0.33053691275167785,0.433875,0.5353224734042553
Quazim0t0/Sake-20b,0.6692741924759638,0.6769823539837527,0.4652567975830816,0.3187919463087248,0.44940625,0.5391456117021277
Quazim0t0/Spok-14b-sce,0.6681748870773991,0.6899172301380289,0.2719033232628399,0.34563758389261745,0.41409375,0.5297539893617021
Quazim0t0/Sumatra-20b,0.673795529,0.6855416597047258,0.36706948640483383,0.3263422818791946,0.4560104166666667,0.5414727393617021
Quazim0t0/SuperNova14b,0.707642389,0.6937489642141156,0.4395770392749245,0.3523489932885906,0.4545208333333333,0.54346742
Quazim0t0/TB0-8B-sce,0.5107304175144174,0.5074684221457483,0.1510574018126888,0.32466442953020136,0.4037604166666667,0.3770777925531915
Quazim0t0/TBL-8B-sce,0.45809895521660304,0.5008187839060233,0.15332326283987915,0.3338926174496644,0.42363541666666665,0.3689328457446808
Quazim0t0/ThinkPhi1.1-Tensors,0.3907543096761038,0.6449416604455037,0.18202416918429004,0.2986577181208054,0.418,0.4907746010638298
Quazim0t0/Venti-20b,0.6641034676879568,0.6901240010129452,0.3391238670694864,0.33221476510067116,0.44797916666666665,0.5386469414893617
Quazim0t0/Venti-Blend-sce,0.6879335718116819,0.6842921511560114,0.40558912386706947,0.3162751677852349,0.43892708333333336,0.5413896276595744
Quazim0t0/Vine-14b-sce,0.673345612,0.6891400252742456,0.5007552870090635,0.3338926174496644,0.4322916666666667,0.5408078457446809
Quazim0t0/Wendy-14B,0.6772175605172055,0.6957587467354328,0.48338368580060426,0.33221476510067116,0.4428020833333333,0.54346742
Quazim0t0/Wu-14b-sce,0.6718218770639681,0.6885164810743585,0.26132930513595165,0.3464765100671141,0.41142708333333333,0.5292553191489362
Quazim0t0/bloom-14b-stock,0.6575087434673332,0.6877869223612597,0.4811178247734139,0.3313758389261745,0.43095833333333333,0.5373171542553191
Quazim0t0/caramel-14B,0.6744947849483814,0.6918707471458787,0.47129909365558914,0.3447986577181208,0.445375,0.5435505319148937
Quazim0t0/graphite-14b-sce,0.3216864585965239,0.6631420093244736,0.30060422960725075,0.28942953020134227,0.398125,0.5280086436170213
Quazim0t0/mocha-14B,0.5893152391210876,0.6894730595527842,0.5264350453172205,0.33053691275167785,0.4271770833333333,0.5383976063829787
Quazim0t0/mosaic-14b-sce,0.6875590100932193,0.6907089244809823,0.4025679758308157,0.3624161073825503,0.45579166666666665,0.5396442819148937
Quazim0t0/tesseract-14b-stock,0.5847939024011845,0.6880007346047826,0.5143504531722054,0.3271812080536913,0.42323958333333334,0.5388962765957447
Quazim0t0/time-14b-stock,0.6699235805440675,0.6897025970028126,0.5083081570996979,0.3347315436241611,0.43232291666666667,0.5418882978723404
Qwen/QwQ-32B,0.39767372793077926,0.29829653176003074,0.1608761329305136,0.2600671140939597,0.42063541666666665,0.11959773936170212
Qwen/QwQ-32B-Preview,0.4035437084713006,0.6691381482252744,0.44939577039274925,0.2818791946308725,0.4109895833333333,0.5678191489361702
Qwen/Qwen1.5-0.5B,0.17056077873375977,0.3153538659142558,0.017371601208459216,0.25419463087248323,0.36162500000000003,0.1307347074468085
Qwen/Qwen1.5-0.5B-Chat,0.18072713732895385,0.3166662152036714,0.006797583,0.26929530201342283,0.3837083333333333,0.12125997340425532
Qwen/Qwen1.5-1.8B,0.2154239639711521,0.3476121558366305,0.031722054,0.3053691275167785,0.36051041666666667,0.18816489361702127
Qwen/Qwen1.5-1.8B-Chat,0.20190982149585324,0.3255912875735599,0.019637462235649546,0.2978187919463087,0.42596875,0.18035239361702127
Qwen/Qwen1.5-110B,0.3421942667677318,0.6099964981780978,0.24697885196374622,0.3523489932885906,0.44084375,0.5360704787234043
Qwen/Qwen1.5-110B-Chat,0.5938864435254014,0.6183800385588633,0.23413897280966767,0.3414429530201342,0.45216666666666666,0.48246343085106386
Qwen/Qwen1.5-14B,0.2905368865720732,0.5080327493808331,0.20241691842900303,0.29446308724832215,0.41864583333333333,0.36436170212765956
Qwen/Qwen1.5-14B-Chat,0.47680820223673187,0.5228587510703555,0.15256797583081572,0.2701342281879195,0.43997916666666664,0.36178523936170215
Qwen/Qwen1.5-32B,0.329729562,0.5715390555959325,0.3028700906344411,0.3296979865771812,0.4277916666666666,0.4499667553191489
Qwen/Qwen1.5-32B-Chat,0.5532199009738605,0.6066899757930234,0.19561933534743203,0.3062080536912752,0.4159791666666666,0.4457280585106383
Qwen/Qwen1.5-4B,0.24447466056729478,0.40538970296725463,0.052870090634441085,0.27684563758389263,0.3604479166666667,0.24601063829787234
Qwen/Qwen1.5-4B-Chat,0.31566576683200576,0.40055485611486114,0.027945619335347432,0.26677852348993286,0.39778125,0.23961103723404256
Qwen/Qwen1.5-7B,0.2684299879874289,0.4559896407693445,0.092900302,0.2986577181208054,0.4103333333333334,0.29163896276595747
Qwen/Qwen1.5-7B-Chat,0.43711574178734647,0.4510053116521351,0.062688822,0.3028523489932886,0.37790624999999994,0.2951296542553192
Qwen/Qwen1.5-MoE-A2.7B,0.265982039,0.4113515433010766,0.092900302,0.25922818791946306,0.40134375000000005,0.2777593085106383
Qwen/Qwen1.5-MoE-A2.7B-Chat,0.37953851336675576,0.4272088620635824,0.063444109,0.27432885906040266,0.38987499999999997,0.29230385638297873
Qwen/Qwen2-0.5B,0.18732186154957736,0.3239117424825444,0.026435045317220542,0.2609060402684564,0.37520833333333337,0.17195811170212766
Qwen/Qwen2-0.5B-Instruct,0.22466610814860127,0.31725179384863494,0.028700906344410877,0.24664429530201343,0.33527083333333335,0.15309175531914893
Qwen/Qwen2-1.5B,0.21132705665412216,0.35747931720577464,0.070241692,0.26426174496644295,0.36581250000000004,0.2551529255319149
Qwen/Qwen2-1.5B-Instruct,0.3371232773485463,0.3852232408376059,0.071752266,0.26174496644295303,0.42928125,0.25008311170212766
Qwen/Qwen2-57B-A14B,0.31126965340851165,0.5618204938684165,0.1865558912386707,0.3062080536912752,0.417375,0.4916057180851064
Qwen/Qwen2-57B-A14B-Instruct,0.6337783747124297,0.5887606963532052,0.28172205438066467,0.3313758389261745,0.43613541666666666,0.45752992021276595
Qwen/Qwen2-72B,0.3823610243044012,0.66173403,0.311178248,0.39429530201342283,0.47036458333333336,0.5730551861702128
Qwen/Qwen2-72B-Instruct,0.7989168738945996,0.697730968,0.4176737160120846,0.3724832214765101,0.4560104166666667,0.5403091755319149
Qwen/Qwen2-7B,0.3148667757106699,0.531531595,0.2039274924471299,0.30453020134228187,0.4439166666666667,0.41830119680851063
Qwen/Qwen2-7B-Instruct,0.5679075962889577,0.5544781563793189,0.2764350453172205,0.2978187919463087,0.39279166666666665,0.38472406914893614
Qwen/Qwen2-Math-72B-Instruct,0.569381463,0.63433766,0.5536253776435045,0.36828859060402686,0.45169791666666664,0.42727726063829785
Qwen/Qwen2-Math-7B,0.2687048143370701,0.386954741,0.24773413897280966,0.2634228187919463,0.35933333333333334,0.1196808510638298
Qwen/Qwen2-VL-72B-Instruct,0.5982326892644849,0.6946287292338682,0.34441087613293053,0.3875838926174497,0.44921875,0.5717253989361702
Qwen/Qwen2-VL-7B-Instruct,0.4599218961245052,0.5464507159069989,0.1986404833836858,0.3196308724832215,0.4375,0.40949135638297873
Qwen/Qwen2.5-0.5B,0.16271714606133947,0.32748148151196615,0.039274924,0.24664429530201343,0.3433333333333333,0.19057513297872342
Qwen/Qwen2.5-0.5B-Instruct,0.307122878,0.3340729214937266,0,0.2575503355704698,0.33288541666666666,0.16971409574468085
Qwen/Qwen2.5-1.5B,0.26743041795768563,0.40779509451366147,0.091389728,0.28523489932885904,0.35759375,0.28548869680851063
Qwen/Qwen2.5-1.5B-Instruct,0.4475569267321817,0.4288982740422907,0.22054380664652568,0.2558724832214765,0.3663125,0.27992021276595747
Qwen/Qwen2.5-14B,0.3694464022127954,0.616051494,0.29003021148036257,0.38171140939597314,0.4502395833333333,0.5248503989361702
Qwen/Qwen2.5-14B-Instruct,0.8157776920792386,0.6390453705906222,0.547583082,0.3221476510067114,0.4100625,0.4904421542553192
Qwen/Qwen2.5-14B-Instruct-1M,0.8413564896696322,0.6198222551365405,0.5302114803625377,0.34312080536912754,0.418,0.4849567819148936
Qwen/Qwen2.5-32B,0.40766499554515356,0.6770522448726507,0.3564954682779456,0.41191275167785235,0.49783333333333335,0.5805352393617021
Qwen/Qwen2.5-32B-Instruct,0.8346121623957765,0.6912525080134339,0.6253776435045317,0.33808724832214765,0.42612500000000003,0.566655585
Qwen/Qwen2.5-3B,0.2689541527591236,0.4612475341011634,0.14803625377643503,0.2978187919463087,0.4303333333333333,0.3203125
Qwen/Qwen2.5-3B-Instruct,0.6474919879253713,0.469276666,0.3678247734138973,0.2726510067114094,0.39679166666666665,0.3254654255319149
Qwen/Qwen2.5-72B,0.4137100670664947,0.6797320670694852,0.39123867069486407,0.4052013422818792,0.477125,0.5968251329787234
Qwen/Qwen2.5-72B-Instruct,0.86383795,0.7272747321744824,0.5981873111782477,0.375,0.42060416666666667,0.5625831117021277
Qwen/Qwen2.5-7B,0.3374479713825982,0.5416303767788616,0.25075528700906347,0.32466442953020136,0.4424270833333333,0.4365026595744681
Qwen/Qwen2.5-7B-Instruct,0.7585251576926999,0.5394231968299095,0.5,0.2911073825503356,0.40203125,0.4286901595744681
Qwen/Qwen2.5-7B-Instruct-1M,0.7447616767953474,0.5403941270576822,0.4335347432024169,0.2978187919463087,0.40869791666666666,0.35048204787234044
Qwen/Qwen2.5-Coder-14B,0.3472652561869174,0.5864860091741232,0.22507552870090636,0.29278523489932884,0.3873645833333333,0.4521276595744681
Qwen/Qwen2.5-Coder-14B-Instruct,0.6907560827493273,0.6140296423661326,0.324773414,0.30453020134228187,0.3914583333333333,0.3939494680851064
Qwen/Qwen2.5-Coder-32B,0.4363411304228336,0.640395507,0.30891238670694865,0.3464765100671141,0.4528125,0.5302526595744681
Qwen/Qwen2.5-Coder-32B-Instruct,0.7265267268625026,0.6625222222405129,0.4954682779456193,0.348993289,0.4385833333333333,0.44132313829787234
Qwen/Qwen2.5-Coder-7B,0.344592348,0.48556405534214747,0.19184290030211482,0.25922818791946306,0.3448541666666667,0.3679355053191489
Qwen/Qwen2.5-Coder-7B-Instruct,0.6101477413263474,0.5007976986224548,0.3716012084592145,0.29194630872483224,0.4072708333333333,0.3351894946808511
Qwen/Qwen2.5-Math-1.5B-Instruct,0.1855731680829089,0.37515353898426174,0.2628398791540785,0.2651006711409396,0.3685416666666667,0.1801030585106383
Qwen/Qwen2.5-Math-72B-Instruct,0.4003466358151926,0.6452266637803764,0.6238670694864048,0.3313758389261745,0.44727083333333334,0.4812167553191489
Qwen/Qwen2.5-Math-7B,0.24599839536873275,0.4454639372840941,0.30513595166163143,0.2936241610738255,0.37809374999999995,0.27177526595744683
Qwen/Qwen2.5-Math-7B-Instruct,0.26358395723347383,0.438762734,0.5808157099697885,0.26174496644295303,0.3647291666666666,0.2819980053191489
RDson/WomboCombo-R1-Coder-14B-Preview,0.628557782,0.6392098699331132,0.5989425981873112,0.3213087248322148,0.4843854166666666,0.5167885638297872
RESMPDEV/EVA-Qwen2.5-1.5B-FRFR,0.308172316,0.3932411333682871,0.1027190332326284,0.27936241610738255,0.3539375,0.27701130319148937
RESMPDEV/Qwen2-Wukong-0.5B,0.1854235650296768,0.308451429,0.001510574,0.23657718120805368,0.3524791666666667,0.13272938829787234
RLHFlow/ArmoRM-Llama3-8B-v0.1,0.18967007539993883,0.2876467446788138,0,0.24916107382550334,0.3948020833333333,0.10779587765957446
RLHFlow/LLaMA3-iterative-DPO-final,0.534010869,0.5058257182733729,0.08836858,0.2835570469798658,0.3672708333333334,0.32571476063829785
RWKV/rwkv-raven-14b,0.076837236,0.3307041176552897,0.004531722,0.22902684563758388,0.3951458333333333,0.11502659574468085
Rakuten/RakutenAI-2.0-mini-instruct,0.6793906833867471,0.2867197270809481,0.052114804,0.26677852348993286,0.3249166666666667,0.11178523936170212
Rakuten/RakutenAI-7B,0.1555971488982566,0.43149052613615435,0.019637462235649546,0.28942953020134227,0.37381250000000005,0.28773271276595747
Rakuten/RakutenAI-7B-chat,0.26855521128383797,0.4316204035758174,0.029456193,0.25671140939597314,0.37895833333333334,0.2798371010638298
Replete-AI/L3-Pneuma-8B,0.24132745559559746,0.4908680380935449,0.054380664652567974,0.3179530201342282,0.4105208333333333,0.3175698138297872
Replete-AI/L3.1-Pneuma-8B,0.707642389,0.504990389,0.21978851963746224,0.3028523489932886,0.3871145833333333,0.36909906914893614
Replete-AI/Llama3-8B-Instruct-Replete-Adapted,0.6915306941138402,0.48702618293318983,0.070996979,0.28104026845637586,0.36339583333333336,0.3390957446808511
Replete-AI/Replete-Coder-Instruct-8b-Merged,0.5387571643239937,0.4461693860075828,0.077794562,0.26929530201342283,0.36603125,0.18051861702127658
Replete-AI/Replete-Coder-Llama3-8B,0.4729362535849324,0.3271277102526684,0.047583082,0.26090604026845643,0.39530208333333333,0.13306183510638298
Replete-AI/Replete-Coder-Qwen2-1.5b,0.30142798884736943,0.34747295666696026,0.038519637,0.2684563758389262,0.4072708333333333,0.21467752659574468
Replete-AI/Replete-LLM-Qwen2-7b,0.090475494,0.29852574011260374,0,0.2533557046979866,0.38476041666666666,0.1157746010638298
Replete-AI/Replete-LLM-Qwen2-7b_Beta-Preview,0.085754686,0.2929321328066677,0,0.2483221476510067,0.3980625,0.1284906914893617
Replete-AI/Replete-LLM-V2-Llama-3.1-8b,0.5514966954347797,0.5339203611594218,0.1404833836858006,0.313758389,0.4000729166666667,0.37533244680851063
RezVortex/JAJUKA-WEWILLNEVERFORGETYOU-3B,0.6858103166265509,0.46189139399865614,0.15483383685800603,0.2575503355704698,0.36302083333333335,0.3143284574468085
RezVortex/Jajuka-3b,0.6925047762159957,0.4593872338446621,0.1593655589123867,0.26593959731543626,0.3670833333333334,0.3137466755319149
Ro-xe/FMixIA-7B-DARE-0,0.3341256754300811,0.5035332799973222,0.052870090634441085,0.28942953020134227,0.45448958333333334,0.3016123670212766
Ro-xe/FMixIA-7B-SLERP-27,0.3765409114482905,0.5150591725181265,0.063444109,0.2953020134228188,0.44115624999999997,0.30078125
Ro-xe/FMixIA-7B-TIES-1,0.34529160405501846,0.5091539642456672,0.056646526,0.28859060402684567,0.46890625,0.2992021276595745
Ro-xe/FMixIA-FrankenMerge-9.5B-PT-9,0.19401632113902223,0.5087851148631056,0.003021148,0.30788590604026844,0.41703124999999996,0.36569148936170215
Rombo-Org/Rombo-LLM-V2.5-Qwen-7b,0.748183708,0.5399745025607596,0.506797583,0.3011744966442953,0.39803125,0.4282746010638298
RubielLabarta/LogoS-7Bx2-MoE-13B-v0.2,0.4378903531518593,0.5206958722481815,0.057401813,0.27768456375838924,0.4226145833333333,0.3087599734042553
SaisExperiments/Evil-Alpaca-3B-L3.2,0.32510848991786234,0.4340757699220565,0.070241692,0.2634228187919463,0.4197604166666667,0.2621343085106383
SaisExperiments/Gemma-2-2B-Opus-Instruct,0.474959773,0.4292846281445681,0.05060423,0.2835570469798658,0.4056875,0.2650432180851064
SaisExperiments/Gemma-2-2B-Stheno-Filtered,0.4196554032190144,0.4149234152222183,0.046072508,0.2701342281879195,0.40029166666666666,0.2629654255319149
SaisExperiments/Not-So-Small-Alpaca-24B,0.6243611395541607,0.5338637679203099,0.18277945619335348,0.35906040268456374,0.42816666666666664,0.36943151595744683
SaisExperiments/QwOwO-7B-V1,0.45562551806983254,0.5431230107025949,0.3859516616314199,0.2600671140939597,0.38348958333333333,0.42237367021276595
SaisExperiments/RightSheep-Llama3.2-3B,0.4156338515139829,0.42407794300783824,0.08081571,0.28691275167785235,0.3767291666666666,0.25398936170212766
Sakalti/Anemoi-3B,0.3803629924156793,0.4921954661921298,0.17749244712990936,0.3053691275167785,0.43706249999999996,0.3765791223404255
Sakalti/Euphrates-14B,0.26468326263203856,0.6137691668744961,0.30513595166163143,0.3934563758389262,0.45157291666666666,0.5255152925531915
Sakalti/Llama3.2-3B-Uranus-1,0.5335365718515761,0.44368258173181263,0.14954682779456194,0.29697986577181207,0.3668645833333333,0.3094248670212766
Sakalti/Magro-7B-v1.1,0.1204016454119514,0.41790625208343796,0.024924471299093656,0.2961409395973154,0.4433229166666666,0.27642952127659576
Sakalti/Neptuno-3B,0.42962229107656574,0.48335808848564965,0.2552870090634441,0.2961409395973154,0.40019791666666665,0.3773271276595745
Sakalti/Neptuno-Alpha,0.3779649108809071,0.49247749379461303,0.18353474320241692,0.3070469798657718,0.43706249999999996,0.3767453457446808
Sakalti/Oxyge1-33B,0.4548265269484966,0.7033278292161169,0.4962235649546828,0.3825503355704698,0.5007812500000001,0.5909242021276596
Sakalti/Phi3.5-Comets-3.8B,0.20942876013422163,0.3335116874180515,0.000755287,0.24916107382550334,0.3763541666666667,0.11527593085106383
Sakalti/Qwen2.5-1B-Instruct,0.17513198313807365,0.30271528035563927,0.006042296,0.2558724832214765,0.33688541666666666,0.12134308510638298
Sakalti/QwenTest-7,0.16718861509683197,0.3063209532879154,0.003776435,0.2600671140939597,0.34218750000000003,0.12117686170212766
Sakalti/SJT-0.5B,0.24247662867857286,0.33055365550588683,0.052114804,0.27181208053691275,0.31958333333333333,0.18907912234042554
Sakalti/SJT-1.5B-Alpha,0.3448671746521452,0.4240819448548446,0.099697885,0.29194630872483224,0.4226145833333333,0.2961269946808511
Sakalti/SJT-1.5B-Alpha-1.1,0.3439429602344003,0.4243160272518483,0.09592145,0.28942953020134227,0.42391666666666666,0.296625665
Sakalti/SJT-1.7B,0.17762980004166723,0.2934008926922806,0.001510574,0.24161073825503357,0.39641666666666664,0.11328125
Sakalti/SJT-14B,0.5494233079340594,0.6536135646865123,0.38444108761329304,0.38674496644295303,0.476625,0.5380651595744681
Sakalti/SJT-2.4B,0.28042039566128985,0.349012396,0.021903323,0.2558724832214765,0.36990624999999994,0.1858377659574468
Sakalti/SJT-24B-Alpha,0.3206370208823699,0.6080838080485248,0.25302114803625375,0.3808724832214765,0.45947916666666666,0.48570478723404253
Sakalti/SJT-2B,0.21507378200951255,0.29364597509285106,0.000755287,0.24161073825503357,0.35641666666666666,0.11868351063829788
Sakalti/SJT-2B-V1.1,0.3977235956151899,0.39838417813569243,0.048338369,0.2676174496644295,0.42993750000000003,0.21243351063829788
Sakalti/SJT-3.7B,0.10776184966998675,0.3393045259885476,0.012084592145015106,0.2558724832214765,0.36171875000000003,0.1505152925531915
Sakalti/SJT-4B,0.4077403511571519,0.4885743296577029,0.11555891238670694,0.29446308724832215,0.4779583333333333,0.328125
Sakalti/SJT-7.5B,0.42232831110342783,0.5367364587851736,0.21676737160120846,0.3263422818791946,0.43988541666666664,0.3951130319148936
Sakalti/SJT-7B-V1.1,0.4702888336281067,0.5418885259534293,0.243202417,0.3338926174496644,0.44106249999999997,0.441156915
Sakalti/SJT-7B-V1.1-Multilingal,0.19494053555676716,0.2919597646466201,0.004531722,0.2600671140939597,0.362125,0.11369680851063829
Sakalti/SJT-8B,0.6534871917623019,0.5281955607099067,0.2537764350453172,0.3296979865771812,0.4079791666666666,0.4266123670212766
Sakalti/SJT-8B-V1.1,0.4620706392372239,0.5120768392487195,0.20694864048338368,0.33640939597315433,0.4266145833333333,0.4231216755319149
Sakalti/SJT-900M,0.2410027615615456,0.31692036321713823,0.013595166163141994,0.2533557046979866,0.35945833333333327,0.11419547872340426
Sakalti/SJT-Moe2x7.5B,0.41166216749336204,0.5370697921185069,0.21450151057401812,0.3263422818791946,0.43988541666666664,0.3953623670212766
Sakalti/SJTPass-2,0.240028679,0.33022032217255354,0.052870090634441085,0.2726510067114094,0.32225,0.1901595744680851
Sakalti/SJTPass-4,0.19129354557019818,0.2963644180215358,0.002265861,0.2600671140939597,0.38981249999999995,0.10829454787234043
Sakalti/SJTPass-5,0.24247662867857286,0.31029599812555747,0.015861027190332326,0.26677852348993286,0.3794270833333333,0.13272938829787234
Sakalti/Saba-Passthrough-2,0.16913677930114318,0.36724803467499195,0.000755287,0.2634228187919463,0.3844479166666666,0.20769614361702127
Sakalti/Saba1-1.8B,0.3332768166243345,0.4147375470428282,0.1540785498489426,0.2827181208053691,0.4238854166666666,0.2925531914893617
Sakalti/Saba1-7B,0.45847351693506566,0.5489063327459239,0.36631419939577037,0.3162751677852349,0.47932291666666665,0.43758311170212766
Sakalti/Saba1.5-1.5B,0.3332768166243345,0.4147375470428282,0.1540785498489426,0.2827181208053691,0.4238854166666666,0.2925531914893617
Sakalti/Saba1.5-Pro-3B,0.23860468002677343,0.3622910501405146,0.027190332326283987,0.2684563758389262,0.44054166666666666,0.19581117021276595
Sakalti/Saba2-14B-Preview,0.4721871301480073,0.649628097,0.31268882175226587,0.3825503355704698,0.4781458333333333,0.5383976063829787
Sakalti/Saba2-3B,0.28651533486704167,0.28011877359000464,0.006042296,0.2617449664429531,0.39269791666666665,0.12101063829787234
Sakalti/Sailor-japanese,0.16046866757979938,0.2912583602962783,0.003021148,0.2533557046979866,0.3911770833333333,0.11643949468085106
Sakalti/Saka-1.5B,0.2726266306732802,0.3987868899865206,0.080060423,0.2902684563758389,0.37390625000000005,0.24152260638297873
Sakalti/Saka-14B,0.7174341857382855,0.6496945295195891,0.4093655589123867,0.3959731543624161,0.48859375,0.53956117
Sakalti/Saka-24B,0.38186123928952953,0.6072116494463233,0.18051359516616314,0.3422818791946309,0.45408333333333334,0.4765625
Sakalti/Saka-7.2B,0.1544989516704566,0.2945156585364917,0,0.23909395973154363,0.37105208333333334,0.11602393617021277
Sakalti/Saka-7.6B,0.45242844541372446,0.5655284792075981,0.3255287009063444,0.3162751677852349,0.4489375,0.45403922872340424
Sakalti/SakaMoe-3x1.6B-Instruct,0.23708094522533543,0.328247997,0.054380664652567974,0.26677852348993286,0.33421875,0.18824800531914893
Sakalti/SakalFusion-7B-Alpha,0.5289653674472622,0.559133673,0.38444108761329304,0.32550335570469796,0.4581458333333333,0.4473902925531915
Sakalti/SakalFusion-7B-Beta,0.18090222830977362,0.2881298650933641,0,0.24328859060402686,0.3872083333333333,0.10895944148936171
Sakalti/Tara-3.8B-v1.1,0.40621661635571393,0.4885743296577029,0.11555891238670694,0.29446308724832215,0.4779583333333333,0.328125
Sakalti/light-1.1-3B,0.27345110972220377,0.28027723572953045,0.011329305135951661,0.2617449664429531,0.3900625,0.12092752659574468
Sakalti/light-3B,0.5337360425892188,0.4831034368803701,0.2590634441087613,0.2953020134228188,0.40149999999999997,0.3774933510638298
Sakalti/light-3b-beta,0.5485489612007252,0.48152297262112204,0.277190332,0.2978187919463087,0.40146875,0.3758311170212766
Sakalti/light-7b-beta,0.6233870574520051,0.5548193064288276,0.3768882175226586,0.3213087248322148,0.42906249999999996,0.445561835
Sakalti/llama-3-yanyuedao-8b-instruct,0.21857116894284942,0.43497849055247495,0.038519637,0.2902684563758389,0.41985416666666664,0.29105718085106386
Sakalti/magro-7B,0.13439008497453425,0.4185526485966236,0.020392749,0.2953020134228188,0.44598958333333333,0.2765126329787234
Sakalti/mergekit-01,0.6233870574520051,0.5548193064288276,0.3768882175226586,0.3213087248322148,0.42906249999999996,0.445561835
Sakalti/mergekit-della_linear-vmeykci,0.1126078804239418,0.28155028620092587,0.010574018126888218,0.2634228187919463,0.38968749999999996,0.10887632978723404
Sakalti/model-3,0.6263846593704703,0.554216994,0.37084592145015105,0.3213087248322148,0.4263958333333333,0.4454787234042553
Sakalti/qwen2.5-2.3B,0.12879493078365403,0.2849449123234445,0.005287009,0.2516778523489933,0.38565625,0.11727061170212766
Sakalti/tara-3.8B,0.4077403511571519,0.4885743296577029,0.11555891238670694,0.29446308724832215,0.4779583333333333,0.328125
Sakalti/ultiima-14B,0.5700563394016764,0.6491153472177067,0.4697885196374622,0.37416107382550334,0.4717604166666667,0.5380651595744681
Sakalti/ultiima-14B-v0.2,0.7069930007934502,0.6472012505703305,0.3995468277945619,0.3825503355704698,0.4793541666666667,0.5387300531914894
Sakalti/ultiima-14B-v0.3,0.7040452665593957,0.639820772,0.39652567975830816,0.3766778523489933,0.47541666666666665,0.5336602393617021
Sakalti/ultiima-14B-v0.4,0.3008284684636764,0.6420007859105136,0.35347432024169184,0.3959731543624161,0.4885625,0.52784242
Sakalti/ultiima-32B,0.6854357549080883,0.7037285782797875,0.4962235649546828,0.3808724832214765,0.4994791666666667,0.5910073138297872
Sakalti/ultiima-72B,0.7140121544169471,0.7217809739144654,0.5354984894259819,0.41442953020134227,0.46518750000000003,0.590591755
Sakalti/ultiima-72B-v1.5,0.6549610588793291,0.7391727188223717,0.4395770392749245,0.41359060402684567,0.46909375000000003,0.6053856382978723
Salesforce/LLaMA-3-8B-SFR-Iterative-DPO-R,0.38156203318306536,0.5011950469666927,0.091389728,0.287751678,0.36333333333333334,0.3172373670212766
SanjiWatsuki/Kunoichi-DPO-v2-7B,0.5431034100630772,0.4415592450869275,0.076283988,0.2961409395973154,0.41883333333333334,0.3106715425531915
SanjiWatsuki/Silicon-Maid-7B,0.5367835121920947,0.4127972831009074,0.064954683,0.2902684563758389,0.41883333333333334,0.308344415
Sao10K/70B-L3.3-Cirrus-x1,0.6680751517085777,0.7028970787833794,0.37386706948640486,0.44966442953020136,0.4841666666666667,0.5378158244680851
Sao10K/Fimbulvetr-11B-v2,0.5100056738343152,0.4544495065184342,0.067975831,0.29194630872483224,0.43536458333333333,0.33011968085106386
Sao10K/L3-70B-Euryale-v2.1,0.7384417789243651,0.6471322811268715,0.21374622356495468,0.3313758389261745,0.42091666666666666,0.5103889627659575
Sao10K/L3-8B-Lunaris-v1,0.6894573066131198,0.5235299282515419,0.090634441,0.3011744966442953,0.3726666666666667,0.3787400265957447
Sao10K/L3-8B-Niitama-v1,0.6790659893526954,0.5302980131787137,0.098187311,0.30788590604026844,0.3806666666666667,0.3700964095744681
Sao10K/L3-8B-Stheno-v3.2,0.6872841837435781,0.522778637,0.092900302,0.3104026845637584,0.3793645833333333,0.3768284574468085
Sao10K/L3-8B-Stheno-v3.3-32K,0.46037181345496614,0.3844012923008206,0.014350453172205438,0.25671140939597314,0.3725416666666667,0.1895777925531915
Sao10K/MN-12B-Lyra-v3,0.4486063644463357,0.4803954360397243,0.093655589,0.27768456375838924,0.40190624999999996,0.32488364361702127
Saxo/Linkbricks-Horizon-AI-Avengers-V1-32B,0.7971681804279312,0.7000545067146033,0.6027190332326284,0.3624161073825503,0.45378125,0.5792885638297872
Saxo/Linkbricks-Horizon-AI-Avengers-V2-32B,0.7956444456264933,0.7023193256341814,0.5664652567975831,0.26593959731543626,0.41663541666666665,0.5719747340425532
Saxo/Linkbricks-Horizon-AI-Avengers-V3-32B,0.8248702332034556,0.6913199237437709,0.6178247734138973,0.33808724832214765,0.42745833333333333,0.56640625
Saxo/Linkbricks-Horizon-AI-Avengers-V4-32B,0.7630963620970137,0.6920204096666581,0.5362537764350453,0.3615771812080537,0.4642604166666667,0.5752160904255319
Saxo/Linkbricks-Horizon-AI-Avengers-V5-32B,0.7515558717536137,0.6928650089977083,0.5460725075528701,0.35570469798657717,0.47086458333333336,0.5762134308510638
Saxo/Linkbricks-Horizon-AI-Avengers-V6-32B,0.8208985491828349,0.6889783858832969,0.622356495,0.3347315436241611,0.42742708333333335,0.5672373670212766
Saxo/Linkbricks-Horizon-AI-Korean-Avengers-V2-27B,0.8145786513118525,0.6463223196116569,0.2802114803625378,0.34731543624161076,0.4139375,0.45985704787234044
Saxo/Linkbricks-Horizon-AI-Korean-Avengers-V3-27B,0.81420409,0.6403963618749583,0.24924471299093656,0.35906040268456374,0.44667708333333334,0.4523769946808511
Saxo/Linkbricks-Horizon-AI-Korean-Superb-22B,0.6766679078179231,0.5625539568927603,0.23716012084592145,0.3263422818791946,0.3907708333333333,0.3871343085106383
Saxo/Linkbricks-Horizon-AI-Korean-Superb-27B,0.7767601076255447,0.6518345685119445,0.2719033232628399,0.3598993288590604,0.47913541666666665,0.4646775265957447
Saxo/Linkbricks-Horizon-AI-Superb-27B,0.7302235845334822,0.6186245528925046,0.22205438066465258,0.3573825503355705,0.465,0.406000665
SeaLLMs/SeaLLM-7B-v2,0.36712367629002157,0.4902100795458318,0.085347432,0.2785234899328859,0.4069583333333333,0.30826130319148937
SeaLLMs/SeaLLM-7B-v2.5,0.4521536190640833,0.49802029594352754,0.10876132930513595,0.276006711,0.42032291666666666,0.3203125
SeaLLMs/SeaLLMs-v3-7B-Chat,0.43766539448662883,0.5266406284595359,0.18580060422960726,0.2986577181208054,0.417375,0.3894614361702128
SenseLLM/ReflectionCoder-CL-34B,0.4007710652180658,0.39529304297033296,0.033232628,0.25083892617449666,0.41548958333333336,0.14237034574468085
SenseLLM/ReflectionCoder-DS-33B,0.3786641666334215,0.3449447540164568,0.030211480362537766,0.27432885906040266,0.3343125,0.12017952127659574
SentientAGI/Dobby-Mini-Leashed-Llama-3.1-8B,0.7847034756667863,0.5138053850165866,0.18580060422960726,0.30201342281879195,0.425375,0.36943151595744683
SentientAGI/Dobby-Mini-Unhinged-Llama-3.1-8B,0.7456858912130924,0.5142440064892148,0.15634441087613293,0.3062080536912752,0.40128125000000003,0.35846077127659576
SeppeV/SmolLM_pretrained_with_sft_trained_with_1pc_data_on_a_preference_dpo,0.095546483,0.3072665948660797,0.012084592145015106,0.25922818791946306,0.40320833333333334,0.11610704787234043
Sharathhebbar24/SSH_355M,0.1423589409433636,0.30985907344593705,0.009063444,0.25838926174496646,0.41775,0.11760305851063829
Sharathhebbar24/chat_gpt2_dpo,0.098619441,0.29022988561565644,0.005287009,0.2600671140939597,0.38184375,0.11419547872340426
Shreyash2010/Uma-4x4B-Instruct-v0.1,0.5516961661724225,0.5511602059856503,0.17749244712990936,0.3347315436241611,0.4441041666666667,0.386968085
Sicarius-Prototyping/Brainy_LLAMA,0.5204224790223274,0.5117131754488634,0.1336858006042296,0.313758389,0.4143333333333334,0.3848902925531915
Sicarius-Prototyping/Micropenis_1B,0.3460662154195313,0.3372377910880025,0.046072508,0.2625838926174497,0.3325416666666667,0.18600398936170212
Sicarius-Prototyping/bacon_and_food,0.5860428108529812,0.47245798883729967,0.098187311,0.30956375838926176,0.3883854166666667,0.3262965425531915
SicariusSicariiStuff/2B-ad,0.4378903531518593,0.40922431523996955,0.05060423,0.28104026845637586,0.40153124999999995,0.2662067819148936
SicariusSicariiStuff/2B_or_not_2B,0.2062316874781136,0.3415917024092019,0.019637462235649546,0.24748322147651006,0.3790833333333334,0.13987699468085107
SicariusSicariiStuff/Dusk_Rainbow,0.3588057465303173,0.47717504280736184,0.074773414,0.3087248322147651,0.40252083333333327,0.3443317819148936
SicariusSicariiStuff/Eximius_Persona_5B,0.6559850086658954,0.4511736018571028,0.10196374622356495,0.26426174496644295,0.38181249999999994,0.31399601063829785
SicariusSicariiStuff/Impish_LLAMA_3B,0.46299485365496884,0.40905101627873225,0.11253776435045318,0.287751678,0.3672708333333334,0.2941323138297872
SicariusSicariiStuff/Impish_Mind_8B,0.31791424531354584,0.46736571616627115,0.10498489425981873,0.30453020134228187,0.4069583333333333,0.3308676861702128
SicariusSicariiStuff/Impish_QWEN_14B-1M,0.7867768631675067,0.6282934814011238,0.39652567975830816,0.35067114093959734,0.46146875000000004,0.50440492
SicariusSicariiStuff/Impish_QWEN_7B-1M,0.6381744881359238,0.537172913,0.30891238670694865,0.2961409395973154,0.40739583333333335,0.4265292553191489
SicariusSicariiStuff/LLAMA-3_8B_Unaligned_BETA,0.3713203189758729,0.4717234028484832,0.083836858,0.3053691275167785,0.41194791666666664,0.3464926861702128
SicariusSicariiStuff/Phi-Line_14B,0.6495653754260917,0.6154430096216078,0.3859516616314199,0.35318791946308725,0.44785416666666666,0.5453789893617021
SicariusSicariiStuff/Phi-lthy4,0.7679423928509688,0.587935702,0.13670694864048338,0.28691275167785235,0.40829166666666666,0.433344415
SicariusSicariiStuff/Qwen2.5-14B_Uncencored,0.31579099012841483,0.6308941945507827,0.31797583081570996,0.38171140939597314,0.45166666666666666,0.526595745
SicariusSicariiStuff/Qwen2.5-14B_Uncensored,0.3173147249298528,0.6308941945507827,0.31797583081570996,0.38171140939597314,0.45166666666666666,0.526595745
SicariusSicariiStuff/Qwen2.5-14B_Uncensored_Instruct,0.3789389929830627,0.5936792404117958,0.3285498489425982,0.3296979865771812,0.36965625,0.5127160904255319
SicariusSicariiStuff/Redemption_Wind_24B,0.25014517037017336,0.642816407,0.18580060422960726,0.38338926174496646,0.4262395833333333,0.543218085
SicariusSicariiStuff/Winged_Imp_8B,0.743012983,0.5120376322048542,0.12009063444108761,0.2827181208053691,0.41483333333333333,0.3638630319148936
SicariusSicariiStuff/Wingless_Imp_8B,0.743012983,0.5120376322048542,0.12009063444108761,0.2827181208053691,0.41483333333333333,0.3638630319148936
SicariusSicariiStuff/Zion_Alpha,0.3324024698910003,0.49321099934509743,0.052114804,0.2902684563758389,0.4726875,0.31316489361702127
SicariusSicariiStuff/dn_ep02,0.5064340394597445,0.5266008759836228,0.1419939577039275,0.31543624161073824,0.43163541666666666,0.39976728723404253
SkyOrbis/SKY-Ko-Llama3.1-8B-lora,0.5058345190760515,0.5088388495224864,0.15483383685800603,0.3213087248322148,0.3997916666666667,0.3777426861702128
SkyOrbis/SKY-Ko-Llama3.1-8B-lora-epoch1,0.5058345190760515,0.5088388495224864,0.15483383685800603,0.3213087248322148,0.3997916666666667,0.3777426861702128
SkyOrbis/SKY-Ko-Llama3.2-1B-lora-epoch3,0.3247084402718121,0.3166586087861201,0.027190332326283987,0.2516778523489933,0.33815625,0.12790890957446807
SkyOrbis/SKY-Ko-Llama3.2-1B-lora-epoch5,0.4359920566319587,0.34060156188911545,0.052114804,0.25922818791946306,0.3471458333333333,0.19456449468085107
SkyOrbis/SKY-Ko-Llama3.2-1B-lora-v2-epoch3,0.4359920566319587,0.34060156188911545,0.052114804,0.25922818791946306,0.3471458333333333,0.19456449468085107
SkyOrbis/SKY-Ko-Llama3.2-1B-lora-v2-epoch5,0.42467652495378927,0.33968360414253995,0.05060423,0.25419463087248323,0.34584375,0.19456449468085107
SkyOrbis/SKY-Ko-Llama3.2-3B-lora-epoch1,0.5331121424487028,0.4399628268031015,0.14577039274924472,0.29194630872483224,0.35222916666666665,0.30044880319148937
SkyOrbis/SKY-Ko-Llama3.2-3B-lora-epoch2,0.5331121424487028,0.4399628268031015,0.14577039274924472,0.29194630872483224,0.35222916666666665,0.30044880319148937
SkyOrbis/SKY-Ko-Llama3.2-3B-lora-epoch3,0.5331121424487028,0.4399628268031015,0.14577039274924472,0.29194630872483224,0.35222916666666665,0.30044880319148937
SkyOrbis/SKY-Ko-Qwen2.5-3B-Instruct,0.3534100630770799,0.4264821228336018,0.069486405,0.27936241610738255,0.40236458333333336,0.28116688829787234
SkyOrbis/SKY-Ko-Qwen2.5-7B-Instruct-SFT-step-15000,0.38188672721711725,0.5077962006048589,0.1865558912386707,0.3271812080536913,0.44360416666666663,0.3913730053191489
SkyOrbis/SKY-Ko-Qwen2.5-7B-Instruct-SFT-step-5000,0.3812373391490135,0.5389864554242366,0.20996978851963746,0.3028523489932886,0.4237916666666666,0.42378656914893614
Skywork/Skywork-Reward-Gemma-2-27B-v0.2,0.7807317916461656,0.635960062,0.22734138972809667,0.34395973154362414,0.42314583333333333,0.4103224734042553
Skywork/Skywork-o1-Open-Llama-3.1-8B,0.3518364605912313,0.45159089701897237,0.5211480362537765,0.25922818791946306,0.31564583333333335,0.20304188829787234
Solshine/Brimful-merged-replete,0.17605619755581856,0.28834447696551024,0.003021148,0.2575503355704698,0.342125,0.10846077127659574
Solshine/Llama-3-1-big-thoughtful-passthrough-merge-2,0.25466650709007654,0.32093808427144627,0.010574018126888218,0.25922818791946306,0.38894791666666667,0.11851728723404255
Sorawiz/Gemma-9B-Base,0.16673758959560633,0.593040578,0.098187311,0.33976510067114096,0.40451041666666665,0.42353723404255317
Sorawiz/Gemma-Creative-9B-Base,0.1515002415812267,0.5458614335095562,0.077794562,0.3296979865771812,0.401875,0.4007646276595745
Sourjayon/DeepSeek-R1-8b-Sify,0.3679481553389451,0.33793580116642347,0.24471299093655588,0.2525167785234899,0.3303125,0.19805518617021275
Sourjayon/DeepSeek-R1-ForumNXT,0.26028714920854445,0.3310198487331462,0.25755287009063443,0.27432885906040266,0.3392395833333333,0.16481050531914893
SpaceYL/ECE_Poirot,0.3106956209524063,0.42622349736626014,0.091389728,0.2978187919463087,0.40264583333333337,0.2883144946808511
Spestly/Athena-1-3B,0.5569167586448401,0.47015477265388084,0.23791540785498488,0.2936241610738255,0.43622916666666667,0.35189494680851063
Spestly/Atlas-Pro-1.5B-Preview,0.2429509257658568,0.349893585,0.31948640483383683,0.29697986577181207,0.3354270833333333,0.1924867021276596
Spestly/Atlas-Pro-7B-Preview,0.31541642840995227,0.46679203304308553,0.5083081570996979,0.337248322,0.3910833333333333,0.2970412234042553
Stark2008/GutenLaserPi,0.42265300513747966,0.5212342482489518,0.078549849,0.28691275167785235,0.4620208333333333,0.31058843085106386
Stark2008/LayleleFlamPi,0.42842325030917966,0.5115654142581095,0.066465257,0.28523489932885904,0.46084375,0.3093417553191489
Stark2008/VisFlamCat,0.43659157701565177,0.5216957865099948,0.076283988,0.2902684563758389,0.44627083333333334,0.31441156914893614
Steelskull/L3.3-MS-Nevoria-70b,0.6963268571833845,0.6997536580025828,0.3957703927492447,0.47063758389261745,0.4682291666666667,0.5535239361702128
Steelskull/L3.3-Nevoria-R1-70b,0.6023794642659255,0.6971668662651651,0.46299093655589124,0.46895973154362414,0.47753125,0.5462932180851063
StelleX/Qwen2.5_Math_7B_Cot,0.2142747908881767,0.4312922433417096,0.32628398791540786,0.29446308724832215,0.39241666666666664,0.281000665
StelleX/Vorisatex-7B-preview,0.1515013497519914,0.3111695757290421,0.028700906344410877,0.2516778523489933,0.41923958333333333,0.11660571808510638
SultanR/SmolTulu-1.7b-Instruct,0.6540867121459949,0.3713086260572204,0.079305136,0.26929530201342283,0.35403125,0.17104388297872342
SultanR/SmolTulu-1.7b-Reinforced,0.6790659893526954,0.3551868188444029,0.071752266,0.276006711,0.34060416666666665,0.17627992021276595
SultanR/SmolTulu-1.7b-it-v0,0.6540867121459949,0.3713086260572204,0.079305136,0.26929530201342283,0.35403125,0.17104388297872342
Supichi/BBA-123,0.2079548930171944,0.2920111436321769,0,0.2600671140939597,0.34990625000000003,0.11668882978723404
Supichi/BBA99,0.14066011516110588,0.2768958340020912,0,0.2634228187919463,0.32184375,0.11120345744680851
Supichi/BBAIK29,0.45884807865352817,0.5589641249478369,0.3678247734138973,0.31208053691275167,0.45008333333333334,0.4468916223404255
Supichi/BBAI_135_Gemma,0.06562144,0.35684129093449685,0,0.2676174496644295,0.38047916666666665,0.16722074468085107
Supichi/BBAI_250_Xia0_gZ,0.4685401401614383,0.5567682997527722,0.3640483383685801,0.3213087248322148,0.4579270833333333,0.4464760638297872
Supichi/BBAI_275_Tsunami_gZ,0.5369586031729146,0.5531259476127334,0.3285498489425982,0.3213087248322148,0.44478124999999996,0.44921875
Supichi/BBAI_525_Tsu_gZ_Xia0,0.5338612658856279,0.5561933633430705,0.3429003021148036,0.31208053691275167,0.44744791666666667,0.44772273936170215
Supichi/BBAI_78B_Calme_3_1_Ties,0.18280052482967415,0.28281264175951776,0,0.22902684563758388,0.30996874999999996,0.11436170212765957
Supichi/BBAI_QWEEN_V000000_LUMEN_14B,0.18145188100905596,0.22972580681005383,0,0.23154362416107382,0.3445416666666667,0.11602393617021277
Supichi/HF_TOKEN,0.1379872072766925,0.2763924734767205,0.000755287,0.2634228187919463,0.32717708333333334,0.11095412234042554
Supichi/NJS26,0.044813318,0.4780152929488641,0.032477341,0.3179530201342282,0.38540625,0.3036901595744681
Svak/MN-12B-Inferor-v0.0,0.5707555951541909,0.5195010930589931,0.10196374622356495,0.3087248322147651,0.46388541666666666,0.3558843085106383
Svak/MN-12B-Inferor-v0.1,0.6346527214457639,0.5146762089838804,0.12613293051359517,0.32550335570469796,0.4350833333333333,0.3661901595744681
Syed-Hasan-8503/Phi-3-mini-4K-instruct-cpo-simpo,0.5714049832222946,0.5681534123661078,0.15709969788519637,0.33053691275167785,0.3963541666666666,0.38605385638297873
T145/KRONOS-8B-V1-P1,0.7849783020164276,0.508544756,0.19788519637462235,0.2953020134228188,0.3881041666666667,0.3759973404255319
T145/KRONOS-8B-V1-P2,0.6724213974476612,0.47717566218002166,0.16012084592145015,0.29194630872483224,0.3567604166666667,0.3453291223404255
T145/KRONOS-8B-V1-P3,0.7137373280673058,0.5127875870036823,0.19259818731117825,0.2600671140939597,0.3615625,0.34050864361702127
T145/KRONOS-8B-V2,0.5180243974875552,0.513268556,0.22658610271903323,0.2986577181208054,0.38286458333333334,0.3737533244680851
T145/KRONOS-8B-V3,0.5474751437297483,0.511865545,0.2598187311178248,0.28859060402684567,0.3922291666666667,0.3738364361702128
T145/KRONOS-8B-V4,0.7889499860370484,0.5092470034846742,0.19486404833836857,0.28942953020134227,0.38295833333333335,0.37857380319148937
T145/KRONOS-8B-V5,0.5405058577906621,0.5088651598969166,0.2688821752265861,0.2902684563758389,0.40546875,0.37591422872340424
T145/KRONOS-8B-V6,0.7022467054083166,0.5033606149499412,0.2598187311178248,0.27936241610738255,0.41210416666666666,0.3501496010638298
T145/KRONOS-8B-V7,0.3529102780622083,0.4526219443939161,0.11102719033232629,0.26677852348993286,0.36711458333333336,0.2696974734042553
T145/KRONOS-8B-V8,0.7770349339751859,0.5094406613555632,0.20468277945619334,0.28942953020134227,0.3868958333333334,0.37824135638297873
T145/KRONOS-8B-V9,0.7855778224001206,0.5099211908307056,0.1986404833836858,0.2961409395973154,0.3868020833333334,0.3751662234042553
T145/Llama-3.1-8B-Instruct-Zeus,0.7941207108250552,0.5173982439996302,0.19561933534743203,0.3011744966442953,0.39762499999999995,0.38929521276595747
T145/Llama-3.1-8B-Zeus,0.35176110497923285,0.3671175348446849,0.014350453172205438,0.2651006711409396,0.33158333333333334,0.1332280585106383
T145/Meta-Llama-3.1-8B-Instruct-TIES,0.5423542866261519,0.5070111385564763,0.20996978851963746,0.29446308724832215,0.3842916666666667,0.37799202127659576
T145/ZEUS-8B-V10,0.7706651684197928,0.5269758270442659,0.21148036253776434,0.32466442953020136,0.38978124999999997,0.390375665
T145/ZEUS-8B-V11,0.8099575792231279,0.5161982586505715,0.19637462235649547,0.3145973154362416,0.38066666666666665,0.38838098404255317
T145/ZEUS-8B-V12,0.781556271,0.5253912026310238,0.21148036253776434,0.32046979865771813,0.38584375,0.3912067819148936
T145/ZEUS-8B-V13,0.7904238531540756,0.5277128851736589,0.21374622356495468,0.3238255033557047,0.38447916666666665,0.39112367021276595
T145/ZEUS-8B-V13-abliterated,0.7877509452696623,0.5197597316957202,0.17900302114803626,0.311241611,0.3871458333333333,0.38721742021276595
T145/ZEUS-8B-V14,0.770939995,0.5274593322517976,0.21299093655589124,0.32046979865771813,0.3844479166666666,0.3913730053191489
T145/ZEUS-8B-V15,0.701272623,0.5537552380544757,0.23036253776435045,0.276006711,0.40199999999999997,0.40591755319148937
T145/ZEUS-8B-V16,0.7925471083392066,0.5265817990313368,0.22054380664652568,0.3070469798657718,0.3950833333333333,0.39261968085106386
T145/ZEUS-8B-V17,0.7940708431406447,0.525086643,0.2243202416918429,0.3221476510067114,0.40162499999999995,0.39345079787234044
T145/ZEUS-8B-V17-abliterated,0.7576009432749549,0.520041375,0.043806647,0.3036912751677852,0.42692708333333335,0.36220079787234044
T145/ZEUS-8B-V17-abliterated-V2,0.6532123654126606,0.49280119619174295,0.11178247734138973,0.27348993288590606,0.3407291666666667,0.34017619680851063
T145/ZEUS-8B-V17-abliterated-V4,0.7228298691915229,0.5169216944225185,0.093655589,0.2835570469798658,0.4187083333333333,0.37741023936170215
T145/ZEUS-8B-V18,0.7834046995305788,0.5269802862530547,0.21827794561933533,0.3213087248322148,0.40429166666666666,0.39419880319148937
T145/ZEUS-8B-V19,0.7882507302845339,0.5276233222408697,0.22054380664652568,0.3221476510067114,0.40429166666666666,0.3933676861702128
T145/ZEUS-8B-V2,0.8029384255996312,0.5194405455747161,0.21601208459214502,0.30201342281879195,0.3910208333333333,0.3896276595744681
T145/ZEUS-8B-V2-ORPO,0.7186830941900824,0.507524691,0.18277945619335348,0.3104026845637584,0.39349999999999996,0.3677692819148936
T145/ZEUS-8B-V2-abliterated,0.7895495064207414,0.5128868622210663,0.21148036253776434,0.31291946308724833,0.3910833333333333,0.38248005319148937
T145/ZEUS-8B-V20,0.7955945779420825,0.5244005058415827,0.2190332326283988,0.32298657718120805,0.40432291666666664,0.3929521276595745
T145/ZEUS-8B-V21,0.3785145635801894,0.33975753940458464,0.1593655589123867,0.26426174496644295,0.32615625,0.17137632978723405
T145/ZEUS-8B-V22,0.7995163942782927,0.5244915522507715,0.22280966767371602,0.32802013422818793,0.3989583333333333,0.3937832446808511
T145/ZEUS-8B-V23,0.7621222799948582,0.519500471,0.18202416918429004,0.30956375838926176,0.3921979166666667,0.3666057180851064
T145/ZEUS-8B-V24,0.5999813827311533,0.4777962576721959,0.14577039274924472,0.26174496644295303,0.3729166666666666,0.32845744680851063
T145/ZEUS-8B-V25,0.33202790817253774,0.4546907005207668,0.2039274924471299,0.26426174496644295,0.3488229166666667,0.2884807180851064
T145/ZEUS-8B-V26,0.6707979272774018,0.5231548583920674,0.12462235649546828,0.2953020134228188,0.40162499999999995,0.39070811170212766
T145/ZEUS-8B-V27,0.654361538,0.523031293,0.13444108761329304,0.30788590604026844,0.39768749999999997,0.3902094414893617
T145/ZEUS-8B-V28,0.635252242,0.5254256199968339,0.1268882175226586,0.3036912751677852,0.38962499999999994,0.3902094414893617
T145/ZEUS-8B-V29,0.7417640748768822,0.5253330901112457,0.16012084592145015,0.3263422818791946,0.4002604166666666,0.3920378989361702
T145/ZEUS-8B-V2L1,0.3191886416929303,0.5013485375260267,0.12386706948640483,0.31291946308724833,0.38819791666666664,0.36377992021276595
T145/ZEUS-8B-V2L2,0.8020640788662969,0.5202843665402132,0.20166163141993956,0.29949664429530204,0.39746875000000004,0.38838098404255317
T145/ZEUS-8B-V3,0.7886751596874072,0.5265064133535374,0.16767371601208458,0.3221476510067114,0.4016875,0.38040226063829785
T145/ZEUS-8B-V30,0.7435626360279614,0.5243248855841048,0.15861027190332327,0.32046979865771813,0.4029270833333333,0.3943650265957447
T145/ZEUS-8B-V4,0.7807317916461656,0.5245974297200655,0.19259818731117825,0.3070469798657718,0.4028958333333333,0.37882313829787234
T145/ZEUS-8B-V6,0.7837792612490415,0.5239561762634447,0.20241691842900303,0.30453020134228187,0.4068020833333333,0.37591422872340424
T145/ZEUS-8B-V7,0.7786085364610345,0.5070394117180643,0.14803625377643503,0.29697986577181207,0.41616666666666663,0.3812333776595745
T145/ZEUS-8B-V8,0.7913979352562313,0.5064510419864701,0.13293051359516617,0.287751678,0.421375,0.37608045212765956
T145/ZEUS-8B-V9,0.5551436854213487,0.5207256346477752,0.21374622356495468,0.2911073825503356,0.3949270833333333,0.39012632978723405
T145/qwen-2.5-3B-merge-test,0.5751018408932742,0.4842488747720393,0.3202416918429003,0.28523489932885904,0.40072916666666664,0.3289561170212766
THUDM/glm-4-9b,0.1426082793654171,0.5528368141665274,0,0.3162751677852349,0.4385833333333333,0.4144780585106383
THUDM/glm-4-9b-chat,0,0.47363884291035735,0,0.313758389,0.3994270833333333,0.316655585
THUDM/glm-4-9b-chat-1m,0,0.41800578218330303,0,0.3036912751677852,0.3794583333333333,0.31632313829787234
THUDM/glm-4-9b-chat-1m-hf,0.5341106043076814,0.3900953106836365,0.048338369,0.29194630872483224,0.36888541666666663,0.18143284574468085
THUDM/glm-4-9b-chat-hf,0.6513140688927601,0.4432308604245425,0.084592145,0.3028523489932886,0.35930208333333336,0.27742686170212766
TIGER-Lab/AceCodeRM-7B,0.5854931581536988,0.4773230085351336,0.3466767371601209,0.30453020134228187,0.41920833333333335,0.3361037234042553
TIGER-Lab/AceCoder-Qwen2.5-7B-Ins-Rule,0.742413463,0.5404426673547671,0.49924471299093653,0.3011744966442953,0.39803125,0.4321808510638298
TIGER-Lab/AceCoder-Qwen2.5-Coder-7B-Base-Rule,0.44076273177391545,0.49023782785253694,0.20166163141993956,0.27181208053691275,0.34488541666666667,0.37450132978723405
TIGER-Lab/AceCoder-Qwen2.5-Coder-7B-Ins-Rule,0.6222378843690297,0.5089236146835355,0.36027190332326287,0.27768456375838924,0.40463541666666664,0.34283577127659576
TIGER-Lab/MAmmoTH2-7B-Plus,0.5574664113441224,0.42346949888019064,0.18580060422960726,0.2802013422818792,0.41235416666666663,0.30169547872340424
TIGER-Lab/Qwen2.5-Math-7B-CFT,0.2776976200924658,0.46369414980230833,0.5574018126888217,0.2860738255033557,0.38866666666666666,0.29446476063829785
TTTXXX01/Mistral-7B-Base-SimPO2-5e-7,0.43918912928806675,0.43195515014882774,0.026435045317220542,0.2978187919463087,0.36041666666666666,0.2765957446808511
Tarek07/Progenitor-V1.1-LLaMa-70B,0.6906064796960952,0.6971116049173388,0.35725075528700906,0.45805369127516776,0.47356250000000005,0.5465425531914894
Tarek07/Thalassic-Alpha-LLaMa-70B,0.7003484088884161,0.6940408286616311,0.3149546827794562,0.4437919463087248,0.4801979166666667,0.54346742
TeeZee/DoubleBagel-57B-v1.0,0.23363342597640924,0.325078559,0.009818731,0.276006711,0.43148958333333337,0.14777260638297873
Telugu-LLM-Labs/Indic-gemma-2b-finetuned-sft-Navarasa-2.0,0.21030310686755588,0.3240881373468133,0.027190332326283987,0.24328859060402686,0.3899375,0.12790890957446807
Telugu-LLM-Labs/Indic-gemma-7b-finetuned-sft-Navarasa-2.0,0.32368449048524583,0.40229948924733394,0.025679758,0.2701342281879195,0.40832291666666665,0.23503989361702127
TencentARC/LLaMA-Pro-8B,0.2277135777514772,0.3484197711435169,0.018882175,0.2600671140939597,0.40181249999999996,0.18110039893617022
TencentARC/LLaMA-Pro-8B-Instruct,0.4486063644463357,0.4224205282459997,0.024924471299093656,0.27432885906040266,0.41902083333333334,0.19456449468085107
TencentARC/MetaMath-Mistral-Pro,0.21187670935340452,0.44131618555883606,0.076283988,0.26929530201342283,0.35241666666666666,0.2471742021276596
TencentARC/Mistral_Pro_8B_v0.1,0.21145227995053123,0.4525975968066435,0.056646526,0.2802013422818792,0.42422916666666666,0.2765126329787234
TheDrummer/Cydonia-22B-v1.2,0.5635114828654637,0.580856074,0.20317220543806647,0.33053691275167785,0.40217708333333335,0.4140625
TheDrummer/Gemmasutra-9B-v1,0.24155130609006326,0.5886914248369671,0.083081571,0.3104026845637584,0.48459375,0.4045046542553192
TheDrummer/Gemmasutra-Mini-2B-v1,0.25486597782771936,0.35750190791471836,0.03776435,0.2709731543624161,0.3489791666666666,0.20545212765957446
TheDrummer/Llama-3SOME-8B-v2,0.4508049752434651,0.5203347869042534,0.093655589,0.30201342281879195,0.3832708333333333,0.37533244680851063
TheDrummer/Ministrations-8B-v1,0.28219346888478125,0.48766312602251366,0.18429003021148035,0.32466442953020136,0.44490625,0.36436170212765956
TheDrummer/Rocinante-12B-v1,0.6076499244227538,0.5065452085797449,0.1268882175226586,0.2911073825503356,0.40171874999999996,0.34773936170212766
TheDrummer/Tiger-Gemma-9B-v1,0.728150197,0.5703687739329574,0.18353474320241692,0.3389261744966443,0.41616666666666663,0.41181848404255317
TheDrummer/Tiger-Gemma-9B-v2,0.6985997154217476,0.5617191114121779,0.18202416918429004,0.33976510067114096,0.40841666666666665,0.41123670212765956
TheDrummer/Tiger-Gemma-9B-v3,0.6820635912711606,0.5812231557853248,0.1623867069486405,0.3389261744966443,0.4003541666666666,0.40591755319148937
TheDrunkenSnail/Daughter-of-Rhodia-12B,0.6903815210308648,0.5179174184876773,0.12235649546827794,0.31711409395973156,0.43477083333333333,0.3641123670212766
TheDrunkenSnail/Mother-of-Rhodia-12B,0.6504895898438365,0.49479138664574934,0.12235649546827794,0.2986577181208054,0.41241666666666665,0.35513630319148937
TheDrunkenSnail/Son-of-Rhodia,0.7046447869430887,0.5097327647725524,0.13141993957703926,0.31291946308724833,0.4202916666666667,0.3607878989361702
TheHierophant/Underground-Cognitive-V0.3-test,0.4808297539417634,0.5290131900998047,0.058912387,0.2986577181208054,0.43511458333333336,0.331781915
TheTsar1209/nemo-carpmuscle-v0.1,0.2275639746982451,0.5083529697101391,0.047583082,0.29697986577181207,0.4135,0.3405917553191489
TheTsar1209/qwen-carpmuscle-r-v0.3,0.44550902715904905,0.622712401,0.30060422960725075,0.35067114093959734,0.42776041666666664,0.5103058510638298
TheTsar1209/qwen-carpmuscle-v0.1,0.5621628390448454,0.643430074,0.2628398791540785,0.34395973154362414,0.41610416666666666,0.52002992
TheTsar1209/qwen-carpmuscle-v0.2,0.5256929391791557,0.6386922464145662,0.28323262839879154,0.35570469798657717,0.43455208333333334,0.5147107712765957
TheTsar1209/qwen-carpmuscle-v0.3,0.4476322823441801,0.6151533941210218,0.31344410876132933,0.3565436241610738,0.4131875,0.5061502659574468
TheTsar1209/qwen-carpmuscle-v0.4,0.7202068289915202,0.6453667027727318,0.277190332,0.3523489932885906,0.45160416666666664,0.5143783244680851
TheTsar1209/qwen-carpmuscle-v0.4.1,0.7359938297051822,0.6506533698399672,0.27794561933534745,0.34563758389261745,0.44890625,0.5191156914893617
Tijmen2/cosmosage-v3,0.44823180272787316,0.4550637900339029,0.05060423,0.2827181208053691,0.4198854166666666,0.24858710106382978
TinyLlama/TinyLlama-1.1B-Chat-v0.1,0.1478543597654224,0.30835294748680114,0.006042296,0.22902684563758388,0.35923958333333333,0.10979055851063829
TinyLlama/TinyLlama-1.1B-Chat-v0.5,0.1633665341294432,0.3105046915935697,0.003776435,0.2483221476510067,0.36612500000000003,0.10962433510638298
TinyLlama/TinyLlama-1.1B-Chat-v0.6,0.15742119797692344,0.3066976656166826,0.015861027190332326,0.25838926174496646,0.34221875,0.11486037234042554
TinyLlama/TinyLlama-1.1B-Chat-v1.0,0.059576368,0.3103562867491015,0.015105740181268883,0.25,0.35152083333333334,0.11012300531914894
TinyLlama/TinyLlama-1.1B-intermediate-step-1431k-3T,0.22766371006706648,0.3071188438267271,0.012084592145015106,0.2525167785234899,0.33803125,0.11203457446808511
TinyLlama/TinyLlama_v1.1,0.20006139266036338,0.30237018045076064,0.012084592145015106,0.24580536912751677,0.36996874999999996,0.10488696808510638
ToastyPigeon/Sto-vo-kor-12B,0.5501225636865739,0.5064617128925814,0.10876132930513595,0.3053691275167785,0.39384375,0.33976063829787234
Trappu/Magnum-Picaro-0.7-v2-12b,0.300278816,0.5506661918828847,0.066465257,0.32298657718120805,0.47271875,0.35804521276595747
Trappu/Nemo-Picaro-12B,0.2577139766929525,0.5489586125997546,0.084592145,0.3271812080536913,0.47259375,0.36045545212765956
Tremontaine/L3-12B-Lunaris-v1,0.6909311737301471,0.5230217237244009,0.087613293,0.30956375838926176,0.3673645833333334,0.3774933510638298
Triangle104/Annunaki-12b,0.3872070550583563,0.5498969437971782,0.1216012084592145,0.3213087248322148,0.44087499999999996,0.3720910904255319
Triangle104/BigTalker-Lite-8B,0.3689222374411007,0.5308138241234059,0.10196374622356495,0.3104026845637584,0.42084375,0.34308510638297873
Triangle104/Chatty-Harry_V2.0,0.3325520729442324,0.5318928049062546,0.13897280966767372,0.32298657718120805,0.40782291666666665,0.36826795212765956
Triangle104/Chatty-Harry_V3.0,0.36749823800848413,0.5526193453608234,0.11253776435045318,0.32298657718120805,0.44084375,0.37017952127659576
Triangle104/Chronos-Prism_V1.0,0.3259329689667859,0.5554188807010064,0.12009063444108761,0.30956375838926176,0.4262708333333333,0.36727061170212766
Triangle104/DS-Distilled-Hermes-Llama-3.1,0.3229353670483207,0.5117012556460311,0.2930513595166163,0.3187919463087248,0.4038541666666667,0.31100398936170215
Triangle104/DS-Distilled-Hermes-Llama-3.1_TIES,0.13641360479084386,0.292845247,0.009063444,0.24496644295302014,0.36209375000000005,0.11037234042553191
Triangle104/DS-R1-Distill-Q2.5-10B-Harmony,0.17508211545366295,0.2643276743386568,0,0.2105704697986577,0.31276041666666665,0.11727061170212766
Triangle104/DS-R1-Distill-Q2.5-14B-Harmony_V0.1,0.4515042309959796,0.5783379428926061,0.5551359516616314,0.3934563758389262,0.5566875000000001,0.4601063829787234
Triangle104/DS-R1-Distill-Q2.5-7B-RP,0.34454248061809334,0.43834886662348205,0.46827794561933533,0.313758389,0.40302083333333333,0.2890625
Triangle104/DS-R1-Llama-8B-Harmony,0.35663262366077564,0.41536451555729687,0.4282477341389728,0.29194630872483224,0.3761979166666667,0.27435172872340424
Triangle104/DSR1-Distill-Llama-Lit-8B,0.18852090231696345,0.4284056327107781,0.35196374622356497,0.3028523489932886,0.35346875,0.27975398936170215
Triangle104/DSR1-Distill-Qwen-7B-RP,0.36092900171544834,0.4326490703099772,0.48036253776435045,0.3196308724832215,0.40454166666666663,0.30277593085106386
Triangle104/Dark-Chivalry_V1.0,0.4325700253106203,0.4974207759950637,0.13141993957703926,0.2936241610738255,0.4181770833333333,0.34441489361702127
Triangle104/Distilled-DarkPlanet-Allades-8B,0.3460163477351206,0.4633948672868899,0.4003021148036254,0.3053691275167785,0.35375,0.29014295212765956
Triangle104/Distilled-DarkPlanet-Allades-8B_TIES,0.3891807071902552,0.5041556910813355,0.090634441,0.3145973154362416,0.3868020833333334,0.340093085
Triangle104/Distilled-Whiskey-8b,0.34476743928332376,0.5027820189600739,0.2545317220543807,0.3313758389261745,0.41721874999999997,0.3366855053191489
Triangle104/Dolphin3-Llama3.2-Smart,0.413660199,0.397507555,0.043806647,0.26929530201342283,0.3921666666666667,0.21949800531914893
Triangle104/Gemmadevi-Stock-10B,0.15819470117067158,0.6065922684184144,0.096676737,0.35318791946308725,0.46211458333333333,0.4261968085106383
Triangle104/Hermes-Llama-3.2-CoT,0.4177571066991139,0.4615751505493966,0.095166163,0.27936241610738255,0.36978125,0.2947140957446808
Triangle104/Hermes-Llama-3.2-CoT-Summary,0.48302836473889277,0.42003008354054533,0.083081571,0.2558724832214765,0.3575,0.29014295212765956
Triangle104/Hermes3-L3.1-DirtyHarry-8B,0.32423414318452815,0.5066388671914118,0.071752266,0.30201342281879195,0.4068958333333333,0.3338597074468085
Triangle104/Herodotos-14B,0.4667415790103592,0.6435044367110887,0.5045317220543807,0.3733221476510067,0.4795416666666667,0.5290059840425532
Triangle104/Herodotos-14B_V0.1,0.1878715142488597,0.30172239497895226,0,0.22399328859060402,0.3683854166666667,0.11643949468085106
Triangle104/L3.1-8B-Dusky-Ink,0.4529780981130068,0.5097902234872148,0.12311178247734139,0.28942953020134227,0.4223958333333333,0.36826795212765956
Triangle104/L3.1-8B-Dusky-Ink_v0.r1,0.19848779017451473,0.43372778578458115,0.04305136,0.3036912751677852,0.3988333333333333,0.320561835
Triangle104/LThreePointOne-8B-HermesBlackroot,0.17920340252751588,0.4998333246909241,0.019637462235649546,0.3070469798657718,0.3585520833333333,0.32845744680851063
Triangle104/LThreePointOne-8B-HermesInk,0.4031192790684273,0.5222765555856439,0.17220543806646527,0.32298657718120805,0.4129375,0.34674202127659576
Triangle104/Llama3.1-Allades-Lit-8b,0.24612361866514182,0.41832977787362163,0.002265861,0.28439597315436244,0.37083333333333335,0.2724401595744681
Triangle104/Llama3.1-cc-Lit-8b,0.2993047336622384,0.3847994561866892,0.003021148,0.27768456375838924,0.38540625,0.30044880319148937
Triangle104/Minerva-1.5b,0.2694295580171722,0.4025709779119226,0.1027190332326284,0.3104026845637584,0.3655,0.269780585
Triangle104/Minerva-1.5b_V0.2,0.3083474071020448,0.3989042137094949,0.11404833836858005,0.28523489932885904,0.3960104166666667,0.29105718085106386
Triangle104/Minerva-10b,0.1878715142488597,0.4462036157096501,0,0.28104026845637586,0.36270833333333335,0.23179853723404256
Triangle104/Minerva-14b,0.3467898509288687,0.6300829439447851,0.30513595166163143,0.37416107382550334,0.476625,0.5193650265957447
Triangle104/Minerva-14b-V0.1,0.086129248,0.6089792638423274,0.30513595166163143,0.36577181208053694,0.47002083333333333,0.5118018617021277
Triangle104/Minerva-7b,0.3724196243744376,0.5498400501314606,0.283987915,0.32298657718120805,0.4143333333333333,0.44439827127659576
Triangle104/Minerva-8b,0.17208451353519771,0.46686093526780637,0.004531722,0.31208053691275167,0.4272916666666667,0.30892619680851063
Triangle104/Mistral-Redemption-Arc,0.40289432040319684,0.6254876729064861,0.41012084592145015,0.34731543624161076,0.45951041666666664,0.4509640957446808
Triangle104/Mistral-Small-24b-Harmony,0.16871234989826994,0.6433732705921861,0.19108761329305135,0.38422818791946306,0.4276041666666666,0.5430518617021277
Triangle104/Pans_Gutenbergum_V0.1,0.309696051,0.5541091780465247,0.10574018126888217,0.32298657718120805,0.4528125,0.3696808510638298
Triangle104/Pans_Gutenbergum_V0.2,0.3215113676157041,0.552579306,0.068731118,0.31208053691275167,0.46732291666666664,0.3585438829787234
Triangle104/Pantheon_ChatWaifu_V0.2,0.2682803849341968,0.5531574435698693,0.056646526,0.3179530201342282,0.47551041666666666,0.34424867021276595
Triangle104/Phi-4-AbliteratedRP,0.49227050891634194,0.6708776140201277,0.3074018126888218,0.3951342281879195,0.5098333333333334,0.53075133
Triangle104/Phi4-RP-o1,0.022007163215822904,0.6652563961373095,0.3776435045317221,0.3733221476510067,0.4755729166666667,0.5110538563829787
Triangle104/Phi4-RP-o1-Ablit,0.023855592,0.6629825730619672,0.38821752265861026,0.36325503355704697,0.47541666666666665,0.5104720744680851
Triangle104/Porpoise-R1-Llama3.2-3b,0.4352174452674459,0.38236758004585686,0.042296073,0.26677852348993286,0.357625,0.21168550531914893
Triangle104/Q2.5-14B-Instruct-1M-Harmony,0.5986327389105351,0.6338808682301471,0.3768882175226586,0.375,0.4795416666666667,0.5074800531914894
Triangle104/Q2.5-AthensCOT,0.45727447616767947,0.5541692533534606,0.29154078549848944,0.30033557046979864,0.4578333333333333,0.4379155585106383
Triangle104/Q2.5-CodeR1-3B,0.35875587884590665,0.4660844324968853,0.16389728096676737,0.3036912751677852,0.43154166666666666,0.2978723404255319
Triangle104/Q2.5-EVACOT-7b,0.5784241368457914,0.5505524946794311,0.2824773413897281,0.3179530201342282,0.4498645833333333,0.43309507978723405
Triangle104/Q2.5-EvaHumane-RP,0.3676234613048932,0.5328196297646768,0.29229607250755285,0.3187919463087248,0.42763541666666666,0.4412400265957447
Triangle104/Q2.5-Humane-RP,0.4411627814199657,0.5649289292164736,0.3391238670694864,0.3187919463087248,0.4528125,0.44921875
Triangle104/Q2.5-Instruct-1M_Harmony,0.6038034636985421,0.5373243549676157,0.3323262839879154,0.32298657718120805,0.46878125,0.43658577127659576
Triangle104/Q2.5-R1-3B,0.4213542290012722,0.48124304786769817,0.2673716012084592,0.30956375838926176,0.43197916666666664,0.38131648936170215
Triangle104/Q2.5-R1-7B,0.1346150436397647,0.30065625818799685,0.016616314,0.2525167785234899,0.3607291666666666,0.1180186170212766
Triangle104/Robo-Gutenberg_V1.0,0.6007559940956662,0.653716561,0.4561933534743202,0.3859060402684564,0.47436458333333337,0.5391456117021277
Triangle104/Rocinante-Prism_V2.0,0.2616103051015749,0.5361246041982355,0.11102719033232629,0.32046979865771813,0.445,0.3640292553191489
Triangle104/Rocinante-Prism_V2.1,0.25584005992987496,0.5332676401860506,0.11253776435045318,0.3196308724832215,0.44896874999999997,0.3651097074468085
Triangle104/RomboHermes3-R1-Llama3.2-3b,0.300728733,0.42639466274987187,0.081570997,0.2835570469798658,0.36565625,0.2957114361702128
Triangle104/Rombos-Novasky-7B_V1c,0.40801517750679306,0.4349247829177707,0.085347432,0.2961409395973154,0.44645833333333335,0.27376994680851063
Triangle104/Set-70b,0.7642954028643998,0.701429393,0.3640483383685801,0.4463087248322148,0.46956250000000005,0.5442154255319149
Tsunami-th/Tsunami-0.5-7B-Instruct,0.7400153814102137,0.552369428,0.5045317220543807,0.3087248322147651,0.42571875,0.44132313829787234
Tsunami-th/Tsunami-0.5x-7B-Instruct,0.709915247,0.5592865858560252,0.4206948640483384,0.3145973154362416,0.46667708333333335,0.44581117021276595
Tsunami-th/Tsunami-1.0-14B-Instruct,0.7829049145157072,0.6438763263011559,0.45845921450151056,0.3565436241610738,0.44593750000000004,0.5248503989361702
Tsunami-th/Tsunami-1.0-7B-Instruct,0.730872973,0.549071196,0.4335347432024169,0.31291946308724833,0.44928125,0.4424035904255319
UCLA-AGI/Gemma-2-9B-It-SPPO-Iter1,0.308221076,0.5968934762705508,0.089879154,0.33640939597315433,0.4099375,0.39070811170212766
UCLA-AGI/Gemma-2-9B-It-SPPO-Iter2,0.3100196367859502,0.5989880877421281,0.08081571,0.3347315436241611,0.4139375,0.386968085
UCLA-AGI/Gemma-2-9B-It-SPPO-Iter3,0.31671409637539505,0.6007080229268026,0.070996979,0.3389261744966443,0.41660416666666666,0.382563165
UCLA-AGI/Llama-3-Instruct-8B-SPPO-Iter1,0.7298988904994304,0.5057890691082708,0.1148036253776435,0.2676174496644295,0.3567916666666666,0.37109375
UCLA-AGI/Llama-3-Instruct-8B-SPPO-Iter2,0.6988745417713889,0.5088696278852957,0.10347432024169184,0.26677852348993286,0.35942708333333334,0.36918218085106386
UCLA-AGI/Llama-3-Instruct-8B-SPPO-Iter3,0.6834122350917787,0.507957998,0.09592145,0.2651006711409396,0.36606249999999996,0.3644448138297872
UCLA-AGI/Mistral7B-PairRM-SPPO,0.43549227161708715,0.4438979817093698,0.030966767371601207,0.28104026845637586,0.39647916666666666,0.26205119680851063
UCLA-AGI/Mistral7B-PairRM-SPPO-Iter1,0.5047352136774869,0.4468056921650662,0.024924471299093656,0.2835570469798658,0.3991770833333333,0.26953125
UCLA-AGI/Mistral7B-PairRM-SPPO-Iter2,0.4445848127413041,0.4465719945610438,0.021903323,0.28859060402684567,0.40854166666666664,0.2677027925531915
UCLA-AGI/Mistral7B-PairRM-SPPO-Iter3,0.4350678422142138,0.4396587862984616,0.023413897280966767,0.2751677852348993,0.40711458333333334,0.2657912234042553
UKzExecution/LlamaExecutor-8B-3.0.5,0.740290208,0.5006000507021341,0.10196374622356495,0.2558724832214765,0.3753645833333333,0.3625332446808511
Unbabel/TowerInstruct-Mistral-7B-v0.2,0.284342212,0.388195181,0.020392749,0.24748322147651006,0.4522291666666667,0.19680851063829788
Undi95/MG-FinalMix-72B,0.8013648231137825,0.6973017446417747,0.3972809667673716,0.3850671140939597,0.48227083333333337,0.542719415
Undi95/Phi4-abliterated,0.6617552538375954,0.680902103,0.37009063444108764,0.33053691275167785,0.4034270833333333,0.528091755
V3N0M/Jenna-Tiny-2.0,0.2309361383351729,0.31479264061817097,0.012084592145015106,0.25,0.33666666666666667,0.1146941489361702
VAGOsolutions/Llama-3-SauerkrautLM-70b-Instruct,0.8044621604010691,0.6663247245334951,0.2280966767371601,0.32802013422818793,0.43393750000000003,0.5392287234042553
VAGOsolutions/Llama-3-SauerkrautLM-8b-Instruct,0.744536718,0.494337579,0.066465257,0.3087248322147651,0.42410416666666667,0.3857214095744681
VAGOsolutions/Llama-3.1-SauerkrautLM-70b-Instruct,0.8656365111238181,0.7006249194404001,0.3693353474320242,0.3414429530201342,0.4710833333333333,0.5334940159574468
VAGOsolutions/Llama-3.1-SauerkrautLM-8b-Instruct,0.8017393848322452,0.5114932190011187,0.19410876132930513,0.2902684563758389,0.4148020833333333,0.3890458776595745
VAGOsolutions/SauerkrautLM-1.5b,0.24040324117785256,0.3703912164863146,0.036253776,0.2709731543624161,0.37390625000000005,0.21509308510638298
VAGOsolutions/SauerkrautLM-7b-HerO,0.534610389,0.49044349935812964,0.039274924,0.2726510067114094,0.39238541666666665,0.30460438829787234
VAGOsolutions/SauerkrautLM-7b-LaserChat,0.5987823419637672,0.45432707993295685,0.077794562,0.30033557046979864,0.4148020833333333,0.3304521276595745
VAGOsolutions/SauerkrautLM-Gemma-2b,0.24752213017017072,0.3416315376053174,0.027945619335347432,0.25671140939597314,0.3675833333333333,0.14685837765957446
VAGOsolutions/SauerkrautLM-Gemma-7b,0.3406705319662939,0.41879127895858687,0.067220544,0.2860738255033557,0.35942708333333334,0.2961269946808511
VAGOsolutions/SauerkrautLM-Mixtral-8x7B-Instruct,0.5601891869129465,0.5277342269858817,0.098187311,0.2978187919463087,0.42041666666666666,0.3650265957446808
VAGOsolutions/SauerkrautLM-Nemo-12b-Instruct,0.6112969144093228,0.5214128647611115,0.12235649546827794,0.30956375838926176,0.4468958333333333,0.33851396276595747
VAGOsolutions/SauerkrautLM-Phi-3-medium,0.4408879550703245,0.6432931765847228,0.16012084592145015,0.3347315436241611,0.4845,0.46650598404255317
VAGOsolutions/SauerkrautLM-SOLAR-Instruct,0.49172085621705963,0.5169447300097646,0.063444109,0.3053691275167785,0.3965416666666666,0.31831781914893614
VAGOsolutions/SauerkrautLM-gemma-2-2b-it,0.13206625088099574,0.42408371860644856,0.021903323,0.2726510067114094,0.3994583333333333,0.269281915
VAGOsolutions/SauerkrautLM-gemma-2-9b-it,0.3024009627787604,0.6072645787154746,0.083836858,0.3271812080536913,0.43182291666666667,0.40907579787234044
VAGOsolutions/SauerkrautLM-v2-14b-DPO,0.7411645544931892,0.6560374350756156,0.3164652567975831,0.3196308724832215,0.43746875,0.51171875
VAGOsolutions/SauerkrautLM-v2-14b-SFT,0.6948529900663573,0.6210355880693049,0.3285498489425982,0.33557046979865773,0.417875,0.5205285904255319
VIRNECT/llama-3-Korean-8B,0.5058345190760515,0.49082453083378397,0.092900302,0.2709731543624161,0.36615624999999996,0.3538896276595745
VIRNECT/llama-3-Korean-8B-r-v-0.1,0.49157125316382755,0.48061568139086264,0.086102719,0.2424496644295302,0.36748958333333337,0.3259640957446808
ValiantLabs/Llama3-70B-Fireplace,0.7773596280092377,0.648899362,0.21450151057401812,0.3548657718120805,0.4448541666666667,0.4892785904255319
ValiantLabs/Llama3-70B-ShiningValiant2,0.6121712611426571,0.6338341405069171,0.20770392749244712,0.33053691275167785,0.4325729166666667,0.48977726063829785
ValiantLabs/Llama3.1-70B-ShiningValiant2,0.5355346037402979,0.6738408402945882,0.29154078549848944,0.3926174496644295,0.4681041666666667,0.5172872340425532
ValiantLabs/Llama3.1-8B-Cobalt,0.3496134700372789,0.4946769968149292,0.1268882175226586,0.3036912751677852,0.3959479166666667,0.3644448138297872
ValiantLabs/Llama3.1-8B-Enigma,0.26805542626896633,0.44776000880153927,0.089123867,0.287751678,0.4196041666666666,0.34092420212765956
ValiantLabs/Llama3.1-8B-Esper2,0.2567398945907968,0.4469866863000255,0.058912387,0.2726510067114094,0.3560729166666667,0.29039228723404253
ValiantLabs/Llama3.1-8B-Fireplace2,0.5483240025354947,0.4609817052543379,0.0581571,0.28859060402684567,0.34330208333333334,0.24069148936170212
ValiantLabs/Llama3.1-8B-ShiningValiant2,0.6495653754260917,0.4773906,0.056646526,0.3104026845637584,0.39086458333333335,0.33818151595744683
ValiantLabs/Llama3.2-3B-Enigma,0.2786218345102107,0.3722590772046992,0.043806647,0.26174496644295303,0.3921354166666667,0.2427692819148936
ValiantLabs/Llama3.2-3B-Esper2,0.27497484452364174,0.38082611390366106,0.036253776,0.2701342281879195,0.3549583333333333,0.22573138297872342
ValiantLabs/Llama3.2-3B-ShiningValiant2,0.2625101397624968,0.42259325337870185,0.082326284,0.2802013422818792,0.38664583333333336,0.28291223404255317
Vikhrmodels/Vikhr-Llama3.1-8B-Instruct-R-21-09-24,0.643145742,0.52722427,0.2175226586102719,0.24496644295302014,0.3753958333333334,0.3547207446808511
Vikhrmodels/Vikhr-Nemo-12B-Instruct-R-21-09-24,0.5999315150467426,0.5212309052827618,0.1714501510574018,0.2911073825503356,0.40730208333333334,0.33976063829787234
Weyaxi/Bagel-Hermes-2x34B,0.5431532777474878,0.49166555632285514,0.060422961,0.32802013422818793,0.45166666666666666,0.4588597074468085
Weyaxi/Bagel-Hermes-34B-Slerp,0.4602720780861448,0.5921903605860047,0.060422961,0.3347315436241611,0.46220833333333333,0.4703291223404255
Weyaxi/Einstein-v4-7B,0.47081299839980145,0.38494699692741774,0.018882175,0.28187919463087246,0.4681666666666667,0.22589760638297873
Weyaxi/Einstein-v6.1-Llama3-8B,0.4568245588372186,0.5008295581095018,0.067975831,0.28187919463087246,0.42128125,0.3130817819148936
Weyaxi/Einstein-v6.1-developed-by-Weyaxi-Llama3-8B,0.39270247388041507,0.5043837450549643,0.071752266,0.27348993288590606,0.43324999999999997,0.30925864361702127
Weyaxi/Einstein-v7-Qwen2-7B,0.4099633417111043,0.5161472249498397,0.19939577039274925,0.29949664429530204,0.43997916666666664,0.4095744680851064
Weyaxi/Einstein-v8-Llama3.2-1B,0.18622255615101263,0.30184334823943154,0.000755287,0.25838926174496646,0.36178125,0.11610704787234043
Weyaxi/SauerkrautLM-UNA-SOLAR-Instruct,0.4573243438520902,0.5166357112030591,0.046072508,0.311241611,0.397875,0.31532579787234044
WizardLMTeam/WizardLM-13B-V1.0,0.18504900331121424,0.29134447696551025,0,0.25922818791946306,0.34971875,0.11660571808510638
WizardLMTeam/WizardLM-13B-V1.2,0.3392465325336773,0.44619994364600474,0.018882175,0.2609060402684564,0.43784375000000003,0.25191156914893614
WizardLMTeam/WizardLM-70B-V1.0,0.49514288753839814,0.5590366047184262,0.039274924,0.26593959731543626,0.43911458333333336,0.34466422872340424
Wladastic/Mini-Think-Base-1B,0.5588405430923283,0.35741728048349203,0.07326284,0.2634228187919463,0.32748958333333333,0.17719414893617022
Xclbr7/Arcanum-12b,0.2906864896253053,0.5265359354118465,0.11933534743202417,0.32046979865771813,0.41703124999999996,0.3586269946808511
Xclbr7/Hyena-12b,0.3404455733010634,0.5457182415468321,0.11329305135951662,0.2978187919463087,0.39842708333333327,0.3439162234042553
Xclbr7/caliburn-12b,0.35763108551975425,0.5518630300231809,0.11253776435045318,0.33640939597315433,0.4291875,0.36751994680851063
Xclbr7/caliburn-v2-12b,0.2966816934622358,0.5141426125097639,0.10498489425981873,0.3263422818791946,0.43703125,0.37840757978723405
Xiaojian9992024/Llama3.2-1B-THREADRIPPER,0.5575916346405316,0.35437497890840614,0.074018127,0.2609060402684564,0.31297916666666664,0.17627992021276595
Xiaojian9992024/Llama3.2-1B-THREADRIPPER-v0.2,0.5317878783849076,0.3527816493941946,0.06570997,0.26593959731543626,0.33164583333333336,0.1745345744680851
Xiaojian9992024/Phi-4-Megatron-Empathetic,0.017260868,0.6673396558729835,0.26963746223564955,0.3859060402684564,0.5071354166666667,0.5082280585106383
Xiaojian9992024/Phi-4-mini-UNOFFICAL,0.12732106366662677,0.29444372790183987,0,0.2407718120805369,0.3368229166666667,0.11444481382978723
Xiaojian9992024/Qwen2.5-7B-MS-Destroyer,0.7295741964653786,0.5469696828400438,0.459214502,0.30453020134228187,0.42702083333333335,0.4412400265957447
Xiaojian9992024/Qwen2.5-Dyanka-7B-Preview,0.7640205765147586,0.5543342320067098,0.4879154078549849,0.31711409395973156,0.44807291666666665,0.43758311170212766
Xiaojian9992024/Qwen2.5-Dyanka-7B-Preview-v0.2,0.6701984068937087,0.537439127,0.47205438066465255,0.2936241610738255,0.4467083333333333,0.4370844414893617
Xiaojian9992024/Qwen2.5-THREADRIPPER-Medium-Censored,0.8112064876749248,0.6431453053747279,0.533987915,0.3347315436241611,0.414,0.49285239361702127
Xiaojian9992024/Qwen2.5-THREADRIPPER-Small,0.7689164749531243,0.5489785469339065,0.4735649546827795,0.3104026845637584,0.43492708333333335,0.4356715425531915
Xiaojian9992024/Qwen2.5-THREADRIPPER-Small-AnniversaryEdition,0.7403899431286763,0.5465437953400678,0.5075528700906344,0.2684563758389262,0.38069791666666664,0.4393284574468085
Xiaojian9992024/Qwen2.5-Ultra-1.5B-25.02-Exp,0.4073403015111017,0.40655813090204523,0.083081571,0.25838926174496646,0.3383125,0.26412898936170215
Xiaojian9992024/Reflection-L3.2-JametMiniMix-3B,0.46194541594081484,0.4389528940684813,0.11933534743202417,0.29446308724832215,0.36673958333333334,0.29878656914893614
Xkev/Llama-3.2V-11B-cot,0.41580894249480266,0.495871783,0.1555891238670695,0.2953020134228188,0.4158541666666667,0.35871010638297873
YOYO-AI/Qwen2.5-14B-1M-YOYO-V3,0.8398327548681941,0.6448491305599157,0.5354984894259819,0.3288590604026846,0.414125,0.5206948138297872
YOYO-AI/Qwen2.5-14B-YOYO-0505,0.5882912893345214,0.6539239511887702,0.4433534743202417,0.3733221476510067,0.47569791666666666,0.5370678191489362
YOYO-AI/Qwen2.5-14B-YOYO-0510-v2,0.594710923,0.6552826977321495,0.44410876132930516,0.38171140939597314,0.47439583333333335,0.5380651595744681
YOYO-AI/Qwen2.5-14B-YOYO-0805,0.5882912893345214,0.6539239511887702,0.4433534743202417,0.3733221476510067,0.47569791666666666,0.5370678191489362
YOYO-AI/Qwen2.5-14B-YOYO-1005,0.5971588717935079,0.6542059787912534,0.452416918,0.3808724832214765,0.47303125,0.5382313829787234
YOYO-AI/Qwen2.5-14B-YOYO-1005-v2,0.595310443,0.6551321410649699,0.4433534743202417,0.38422818791946306,0.4730625,0.5371509308510638
YOYO-AI/Qwen2.5-14B-YOYO-1010,0.5898648918203699,0.6539973096042956,0.4509063444108761,0.38338926174496646,0.47439583333333335,0.5375664893617021
YOYO-AI/Qwen2.5-14B-YOYO-1010-v2,0.594710923,0.6552826977321495,0.44410876132930516,0.38171140939597314,0.47439583333333335,0.5380651595744681
YOYO-AI/Qwen2.5-14B-YOYO-SCE,0.5843694729983111,0.6489486805510399,0.46148036253776437,0.37416107382550334,0.47042708333333333,0.5380651595744681
YOYO-AI/Qwen2.5-14B-YOYO-V4,0.8397828871837835,0.6490345839036636,0.5347432024169184,0.3221476510067114,0.41152083333333334,0.5169547872340425
YOYO-AI/Qwen2.5-14B-YOYO-V4-p1,0.8203488964835526,0.6515535751177631,0.5332326283987915,0.34563758389261745,0.41942708333333334,0.5019946808510638
YOYO-AI/Qwen2.5-14B-YOYO-V4-p2,0.8047868544351211,0.6338919627514907,0.5166163141993958,0.3271812080536913,0.44345833333333334,0.49675864361702127
YOYO-AI/Qwen2.5-14B-YOYO-latest,0.591063933,0.6656232526900528,0.4418429003021148,0.3825503355704698,0.469125,0.5370678191489362
YOYO-AI/Qwen2.5-14B-YOYO-latest-V2,0.7771346693440072,0.6299023045601466,0.5158610271903323,0.3540268456375839,0.42993750000000003,0.5223570478723404
YOYO-AI/Qwen2.5-14B-it-restore,0.8209484168672456,0.6387730309916794,0.5370090634441088,0.337248322,0.40872916666666664,0.4900265957446808
YOYO-AI/Qwen2.5-7B-it-restore,0.7530796065550517,0.5406524352251431,0.5,0.3011744966442953,0.40069791666666665,0.42877327127659576
YOYO-AI/Qwen2.5-Coder-14B-YOYO-1010,0.5335864395359867,0.6186663964199025,0.3217522658610272,0.3523489932885906,0.4422395833333333,0.4074966755319149
YOYO-AI/ZYH-LLM-Qwen2.5-14B,0.594111402,0.6644460038734455,0.41163142,0.3859060402684564,0.47569791666666666,0.5350731382978723
YOYO-AI/ZYH-LLM-Qwen2.5-14B-V2,0.5070834275278483,0.6452083564140533,0.3542296072507553,0.37919463087248323,0.46890625,0.5371509308510638
YOYO-AI/ZYH-LLM-Qwen2.5-14B-V3,0.8577928784513978,0.6359248665982408,0.527190332,0.33221476510067116,0.40215625,0.4881150265957447
YOYO-AI/ZYH-LLM-Qwen2.5-14B-V4,0.8364605912312664,0.651497221,0.5392749244712991,0.3145973154362416,0.44342708333333336,0.5203623670212766
Yash21/TinyYi-7B-Test,0.18564852369490728,0.29098007801214715,0,0.26426174496644295,0.3364479166666667,0.10912566489361702
Youlln/1PARAMMYL-8B-ModelStock,0.5371336941537344,0.5215839663555125,0.1487915407854985,0.3238255033557047,0.4409375,0.4000166223404255
Youlln/2PRYMMAL-Yi1.5-6B-SLERP,0.28259351853083153,0.46647504291710673,0.11329305135951662,0.3070469798657718,0.47560416666666666,0.3169880319148936
Youlln/3PRYMMAL-PHI3-3B-SLERP,0.3655500738041729,0.5421833887682153,0.1714501510574018,0.3263422818791946,0.46484375,0.4001828457446808
Youlln/4PRYMMAL-GEMMA2-9B-SLERP,0.2713766140507188,0.5922529923998928,0.090634441,0.33053691275167785,0.46719791666666666,0.42096077127659576
Youlln/ECE-MIRAGE-1-12B,0.20698081091503875,0.30107140221306034,0,0.2634228187919463,0.3219375,0.11095412234042554
Youlln/ECE-MIRAGE-1-15B,0.20698081091503875,0.30107140221306034,0,0.2634228187919463,0.3219375,0.11095412234042554
Youlln/ECE-PRYMMAL-0.5B-FT-V3,0.16419101317836673,0.30931341134548046,0.003021148,0.2575503355704698,0.3644479166666667,0.11610704787234043
Youlln/ECE-PRYMMAL-0.5B-FT-V3-MUSR,0.15334977858748122,0.3041148294962408,0.024169184,0.24916107382550334,0.36603125000000003,0.1644780585106383
Youlln/ECE-PRYMMAL-0.5B-FT-V4-MUSR,0.1137570535069172,0.3038362724383693,0.012084592145015106,0.2701342281879195,0.3528854166666667,0.13214760638297873
Youlln/ECE-PRYMMAL-0.5B-SLERP-V2,0.1611934112599015,0.2934774313772131,0.000755287,0.27432885906040266,0.3831145833333333,0.10945811170212766
Youlln/ECE-PRYMMAL-0.5B-SLERP-V3,0.16701352411601217,0.29383772587210827,0,0.2516778523489933,0.354125,0.10871010638297872
Youlln/ECE-PRYMMAL-YL-1B-SLERP-V1,0.32510848991786234,0.4208506248736219,0.10725075528700906,0.2911073825503356,0.4265833333333333,0.2935505319148936
Youlln/ECE-PRYMMAL-YL-1B-SLERP-V2,0.32510848991786234,0.4208506248736219,0.10725075528700906,0.2911073825503356,0.4265833333333333,0.2935505319148936
Youlln/ECE-PRYMMAL-YL-7B-SLERP-V4,0.2509696494190969,0.37697272812325017,0.053625378,0.2651006711409396,0.3744895833333333,0.2131815159574468
Youlln/ECE-PRYMMAL0.5-FT,0.18507338306803725,0.31320911187036277,0.023413897280966767,0.2558724832214765,0.330125,0.14768949468085107
Youlln/ECE-PRYMMAL0.5B-Youri,0.1446317991817267,0.28173574256265815,0,0.24328859060402686,0.36965625,0.10954122340425532
Youlln/ECE-PRYMMAL1B-FT-V1,0.2143745262569981,0.4032647427840684,0.064199396,0.2785234899328859,0.34165625,0.2742686170212766
Youlln/ECE-Qwen0.5B-FT-V2,0.25259311958935626,0.328970814,0.020392749,0.26677852348993286,0.30628125,0.16655585106382978
Youlln/ECE.EIFFEIL.ia-0.5B-SLERP,0.2561403742071038,0.33056720460862643,0.059667674,0.2651006711409396,0.31021875,0.1903257978723404
YoungPanda/qwenqwen,0.12639684924888184,0.337898518,0.035498489425981876,0.25,0.34336458333333336,0.11677194148936171
Yuma42/KangalKhan-RawRuby-7B,0.547674614,0.47547278683676025,0.066465257,0.287751678,0.39495833333333336,0.30227726063829785
Yuma42/Llama3.1-IgneousIguana-8B,0.8133297428600558,0.5190512670457804,0.21978851963746224,0.3104026845637584,0.42026041666666664,0.39735704787234044
Yuma42/Llama3.1-SuperHawk-8B,0.7986420475449585,0.5199931545260023,0.2348942598187311,0.31291946308724833,0.40835416666666663,0.39453125
Z1-Coder/Z1-Coder-7B,0.3215113676157041,0.48418251218099567,0.324773414,0.2726510067114094,0.36215625,0.37591422872340424
ZHLiu627/zephyr-7b-gemma-dpo-avg,0.30899679517014855,0.41488227982365095,0.045317220543806644,0.2785234899328859,0.4107083333333333,0.28507313829787234
ZHLiu627/zephyr-7b-gemma-rpo-avg,0.30060350979844586,0.41832761356743015,0.049848943,0.27684563758389263,0.40810416666666666,0.2830784574468085
ZeroXClem/L3-Aspire-Heart-Matrix-8B,0.48335305877294465,0.5384211938486898,0.18277945619335348,0.32466442953020136,0.4187083333333333,0.3784906914893617
ZeroXClem/Llama-3.1-8B-AthenaSky-MegaMix,0.630081517,0.5163423288466883,0.2794561933534743,0.27768456375838924,0.35384375,0.3503989361702128
ZeroXClem/Llama-3.1-8B-RainbowLight-EtherealMix,0.49734149833552754,0.5154785280029148,0.1216012084592145,0.28691275167785235,0.39470833333333327,0.363031915
ZeroXClem/Llama-3.1-8B-SpecialTitanFusion,0.7402403400754443,0.5438928349489152,0.23338368580060423,0.29949664429530204,0.38739583333333333,0.3621176861702128
ZeroXClem/Llama-3.1-8B-SuperNova-EtherealHermes,0.7338705745200512,0.5244464882599044,0.17447129909365558,0.29278523489932884,0.4065833333333333,0.37450132978723405
ZeroXClem/Llama-3.1-8B-SuperTulu-LexiNova,0.4164583305629064,0.5078595074869328,0.25302114803625375,0.2860738255033557,0.39706249999999993,0.3367686170212766
ZeroXClem/Qwen-2.5-Aether-SlerpFusion-7B,0.6261597007052399,0.5462236205548866,0.27341389728096677,0.2986577181208054,0.41778125,0.43267952127659576
ZeroXClem/Qwen2.5-7B-CelestialHarmony-1M,0.5943862285402732,0.5431374181474681,0.3474320241691843,0.3187919463087248,0.4595416666666667,0.4386635638297872
ZeroXClem/Qwen2.5-7B-HomerAnvita-NerdMix,0.7707649037886142,0.5541319848156986,0.38368580060422963,0.3196308724832215,0.43905208333333334,0.4431515957446808
ZeroXClem/Qwen2.5-7B-HomerCreative-Mix,0.7835044348994002,0.5548068560095062,0.3564954682779456,0.29949664429530204,0.43495833333333334,0.4447307180851064
ZeroXClem/Qwen2.5-7B-Qandora-CySec,0.6773172958860268,0.5490022663689288,0.2930513595166163,0.30033557046979864,0.4286041666666667,0.4484707446808511
ZeusLabs/L3-Aethora-15B-V2,0.7208063493752133,0.5010910465463698,0.08081571,0.287751678,0.3870833333333333,0.3499833776595745
ZhangShenao/SELM-Llama-3-8B-Instruct-iter-3,0.6902817856620433,0.5046089390770511,0.086102719,0.25838926174496646,0.38451041666666663,0.3783244680851064
aaditya/Llama3-OpenBioLLM-70B,0.7596743307756753,0.6398872375485518,0.1971299093655589,0.32298657718120805,0.44171875,0.4867021276595745
abacusai/Dracarys-72B-Instruct,0.7855778224001206,0.6944066392084981,0.39652567975830816,0.39093959731543626,0.4558229166666667,0.5456283244680851
abacusai/Liberated-Qwen1.5-14B,0.363102125,0.49480009174671863,0.16012084592145015,0.2835570469798658,0.41746875,0.35123005319148937
abacusai/Llama-3-Smaug-8B,0.48667535472546175,0.4930712769667174,0.085347432,0.2483221476510067,0.36224999999999996,0.3184840425531915
abacusai/Smaug-34B-v0.1,0.5015625207782018,0.5357785983493821,0.071752266,0.3296979865771812,0.397875,0.4542885638297872
abacusai/Smaug-72B-v0.1,0.5167001334237601,0.5995632330786429,0.19108761329305135,0.3238255033557047,0.4473229166666666,0.4623503989361702
abacusai/Smaug-Llama-3-70B-Instruct-32K,0.7761107195574409,0.6493108088828602,0.27492447129909364,0.2961409395973154,0.4207916666666667,0.47647938829787234
abacusai/Smaug-Mixtral-v0.1,0.5554428915278129,0.5162245602454115,0.095166163,0.3011744966442953,0.4298125,0.3351894946808511
abacusai/Smaug-Qwen2-72B-Instruct,0.7825303527972447,0.6909789934583822,0.4131419939577039,0.3615771812080537,0.44007291666666665,0.51903258
abacusai/bigstral-12b-32k,0.41938057686937324,0.4700122314782882,0.015105740181268883,0.29278523489932884,0.45597916666666666,0.26412898936170215
abacusai/bigyi-15b,0.20940327220663396,0.4345298820215116,0.029456193,0.30956375838926176,0.35378125,0.30028257978723405
abhishek/autotrain-0tmgq-5tpbg,0.19571514692127998,0.3134513987945074,0,0.2516778523489933,0.36504166666666665,0.11510970744680851
abhishek/autotrain-llama3-70b-orpo-v1,0.4233023932055834,0.5997985900252331,0.010574018126888218,0.24412751677852348,0.35790625000000004,0.11220079787234043
abhishek/autotrain-llama3-70b-orpo-v2,0.5406055931594835,0.5899473641612185,0.2107250755287009,0.2936241610738255,0.41133333333333333,0.48179853723404253
abhishek/autotrain-llama3-orpo-v2,0.4371656094717572,0.31593828880846425,0.046827795,0.26677852348993286,0.3792395833333333,0.22182513297872342
abhishek/autotrain-vr4a1-e5mms,0.21422492320376602,0.5000624442873264,0.14123867069486404,0.3196308724832215,0.389125,0.36668882978723405
abideen/MedPhi-4-14B-v1,0.6276834355066778,0.6896781879584077,0.2930513595166163,0.34395973154362414,0.4154583333333333,0.5338264627659575
adamo1139/Yi-34B-200K-AEZAKMI-v2,0.4555257827010111,0.5383819237015192,0.056646526,0.33221476510067116,0.38860416666666664,0.4512965425531915
adriszmar/QAIMath-Qwen2.5-7B-TIES,0.174632198,0.3126379538396578,0,0.24496644295302014,0.40959375,0.10871010638297872
aevalone/distill_qw_test,0.740889728,0.5245748734435777,0.4780966767371601,0.30033557046979864,0.38596874999999997,0.4091589095744681
agentlans/Gemma2-9B-AdvancedFuse,0.15427288483446144,0.585936684,0.10045317220543806,0.3347315436241611,0.4230833333333333,0.4000166223404255
agentlans/Llama-3.2-1B-Instruct-CrashCourse12K,0.5395062877609188,0.35481032861183426,0.070996979,0.2407718120805369,0.32104166666666667,0.1809341755319149
agentlans/Llama3.1-8B-drill,0.76516975,0.5015680021795333,0.1714501510574018,0.2676174496644295,0.36723958333333334,0.37757646276595747
agentlans/Llama3.1-Daredevilish,0.6291573026237051,0.5012506630648397,0.12915407854984895,0.3011744966442953,0.40909375,0.3696808510638298
agentlans/Llama3.1-Daredevilish-Instruct,0.7925969760236173,0.5235442557198345,0.17220543806646527,0.3070469798657718,0.3910833333333333,0.3877160904255319
agentlans/Llama3.1-LexiHermes-SuperStorm,0.7834545672149895,0.5266460888159817,0.16163141993957703,0.32298657718120805,0.3962604166666667,0.3843916223404255
agentlans/Llama3.1-SuperDeepFuse,0.7761605872418517,0.5048544889908054,0.18277945619335348,0.27432885906040266,0.369875,0.3774933510638298
agentlans/Llama3.1-SuperDeepFuse-CrashCourse12K,0.718732962,0.5215513828266275,0.18051359516616314,0.31291946308724833,0.40264583333333337,0.3631150265957447
agentlans/Qwen2.5-0.5B-Instruct-CrashCourse-dropout,0.2948831323111566,0.3311726760218689,0.042296073,0.2634228187919463,0.3341875,0.16082114361702127
ahmeda335/13_outOf_32_pruned_layers_llama3.1-8b,0.17480728910402177,0.2883257760266153,0,0.25922818791946306,0.3803229166666666,0.11286569148936171
ai21labs/Jamba-v0.1,0.20255920956395698,0.36022602451645724,0.015861027190332326,0.2684563758389262,0.35902083333333334,0.24916888297872342
ai4bharat/Airavata,0.055854023,0.36276862514633795,0.018126888,0.27432885906040266,0.3762916666666667,0.1634807180851064
aixonlab/Aether-12b,0.23468286369056326,0.5179400750435481,0.10649546827794562,0.3162751677852349,0.38286458333333334,0.3410073138297872
aixonlab/Grey-12b,0.39679938119744496,0.5698957505959833,0.098187311,0.30033557046979864,0.4516354166666667,0.3779089095744681
aixonlab/Zara-14b-v1.2,0.6197400674654362,0.6405368457456163,0.35347432024169184,0.38171140939597314,0.46747916666666667,0.5263464095744681
akhadangi/Llama3.2.1B.0.01-First,0.081358573,0.31891926453372005,0.018126888,0.2483221476510067,0.3193958333333333,0.1196808510638298
akhadangi/Llama3.2.1B.0.01-Last,0.091650155,0.3159283874883156,0.013595166163141994,0.24328859060402686,0.3206354166666667,0.12267287234042554
akhadangi/Llama3.2.1B.0.1-First,0.10009330797838623,0.3119615016336897,0.021148036253776436,0.24496644295302014,0.330125,0.11693816489361702
akhadangi/Llama3.2.1B.0.1-Last,0.094972451,0.3163776768490709,0.021148036253776436,0.23825503355704697,0.3340625,0.11776928191489362
akhadangi/Llama3.2.1B.BaseFiT,0.088277991,0.31745151457535453,0.024169184,0.2533557046979866,0.3220625,0.1171875
akjindal53244/Llama-3.1-Storm-8B,0.80326312,0.5196330402870707,0.1623867069486405,0.30956375838926176,0.4028333333333334,0.3812333776595745
alcholjung/llama3_medical_tuned,0.010566408241244343,0.4512943191660926,0.046827795,0.2860738255033557,0.46602083333333333,0.29463098404255317
allenai/Llama-3.1-Tulu-3-70B,0.8291167435737177,0.6163626496199947,0.4501510574018127,0.3733221476510067,0.4948333333333334,0.46451130319148937
allenai/Llama-3.1-Tulu-3-70B-DPO,0.8281925291559729,0.6146203626958501,0.44939577039274925,0.37583892617449666,0.4922604166666667,0.4632646276595745
allenai/Llama-3.1-Tulu-3-70B-SFT,0.8050616807847621,0.5951437800580934,0.33157099697885195,0.3447986577181208,0.5026145833333334,0.46243351063829785
allenai/Llama-3.1-Tulu-3-8B,0.8266687943545348,0.4049833102731906,0.19637462235649547,0.2986577181208054,0.41746875,0.2826628989361702
allenai/Llama-3.1-Tulu-3-8B-DPO,0.8029384255996312,0.4079428557044153,0.236404834,0.2936241610738255,0.41613541666666665,0.2898105053191489
allenai/Llama-3.1-Tulu-3-8B-RM,0.16701352411601217,0.2950041147470504,0,0.25671140939597314,0.3764166666666667,0.10821143617021277
allenai/Llama-3.1-Tulu-3-8B-SFT,0.7403400754442657,0.3871863270501647,0.11782477341389729,0.27768456375838924,0.4267708333333333,0.28116688829787234
allenai/OLMo-1B-hf,0.21819660722438686,0.30519468988429327,0.017371601208459216,0.26174496644295303,0.40978125,0.11735372340425532
allenai/OLMo-2-1124-7B-Instruct,0.7244034716773715,0.40223602474417786,0.1487915407854985,0.2785234899328859,0.35083333333333333,0.2672041223404255
allenai/OLMo-7B-Instruct-hf,0.3472652561869174,0.3706469866662716,0.013595166163141994,0.2709731543624161,0.37647916666666664,0.17852393617021275
allenai/OLMo-7B-hf,0.2719273749207658,0.32791316587362274,0.012084592145015106,0.2726510067114094,0.3486666666666667,0.11727061170212766
allenai/OLMoE-1B-7B-0125-Instruct,0.6757436934001781,0.38245348916008676,0.089879154,0.2600671140939597,0.3635833333333333,0.19148936170212766
allenai/OLMoE-1B-7B-0924,0.21847143357402804,0.3393437931177341,0.016616314,0.24748322147651006,0.34879166666666667,0.1739527925531915
allenai/OLMoE-1B-7B-0924-Instruct,0.4667415790103592,0.3901610626816106,0.027945619335347432,0.2676174496644295,0.3848229166666666,0.18758311170212766
allknowingroger/Chocolatine-24B,0.19581488229010136,0.6191260063262436,0.000755287,0.32550335570469796,0.43232291666666667,0.4566156914893617
allknowingroger/Gemma2Slerp1-2.6B,0.5354348683714766,0.4343094462630086,0.10649546827794562,0.2835570469798658,0.45616666666666666,0.26886635638297873
allknowingroger/Gemma2Slerp1-27B,0.7186332265056716,0.6398902146527521,0.2583081570996979,0.3640939597315436,0.47671875,0.44564494680851063
allknowingroger/Gemma2Slerp2-2.6B,0.5747272791748117,0.4307646783089521,0.090634441,0.3053691275167785,0.44677083333333334,0.26961436170212766
allknowingroger/Gemma2Slerp2-27B,0.7545534736720789,0.6557274121032689,0.27870090634441086,0.3699664429530201,0.46208333333333335,0.46226728723404253
allknowingroger/Gemma2Slerp3-27B,0.7426384216102164,0.6499638721230724,0.27416918429003023,0.3548657718120805,0.47402083333333334,0.4640957446808511
allknowingroger/Gemma2Slerp4-27B,0.7496575752337131,0.6529581339749019,0.2719033232628399,0.36661073825503354,0.4502395833333333,0.46492686170212766
allknowingroger/GemmaSlerp-9B,0.704320093,0.592057787,0.21601208459214502,0.34395973154362414,0.46732291666666664,0.41605718085106386
allknowingroger/GemmaSlerp2-9B,0.7281003293483512,0.5982713,0.2107250755287009,0.3523489932885906,0.47671875,0.42386968085106386
allknowingroger/GemmaSlerp4-10B,0.7326216660682544,0.6027862253440982,0.2243202416918429,0.35318791946308725,0.45398958333333334,0.4250332446808511
allknowingroger/GemmaSlerp5-10B,0.7353444416370785,0.605447654,0.21827794561933533,0.3523489932885906,0.46078125,0.4328457446808511
allknowingroger/GemmaStock1-27B,0.7509064836855099,0.6565607454366021,0.263595166,0.3640939597315436,0.45268749999999996,0.47298869680851063
allknowingroger/HomerSlerp1-7B,0.46212050692163464,0.551818027,0.2719033232628399,0.3179530201342282,0.43585416666666665,0.4503823138297872
allknowingroger/HomerSlerp2-7B,0.44868172005833407,0.564894332,0.29682779456193353,0.3196308724832215,0.43557291666666664,0.45146276595744683
allknowingroger/HomerSlerp3-7B,0.4362668829815999,0.5598063466560873,0.3021148036253776,0.31711409395973156,0.44617708333333334,0.45345744680851063
allknowingroger/HomerSlerp4-7B,0.43741605606457534,0.5570767234678723,0.3270392749244713,0.3196308724832215,0.44084375,0.44722406914893614
allknowingroger/LimyQstar-7B-slerp,0.34911368502240725,0.5023559424245442,0.068731118,0.2986577181208054,0.4146458333333333,0.3103390957446808
allknowingroger/Llama3.1-60B,0.18145188100905596,0.32417552719382076,0,0.29446308724832215,0.3595833333333333,0.3310339095744681
allknowingroger/Marco-01-slerp1-7B,0.46811571075856506,0.5540943469864194,0.3157099697885196,0.31711409395973156,0.4451875,0.44830452127659576
allknowingroger/Meme-7B-slerp,0.5163754393897082,0.4660944195552204,0.043806647,0.2860738255033557,0.4223020833333333,0.281000665
allknowingroger/Ministral-8B-slerp,0.19608970863974257,0.4686018544963986,0.003776435,0.31208053691275167,0.42853125000000003,0.3119182180851064
allknowingroger/MistralPhi3-11B,0.1942911474886634,0.6234314600705605,0,0.33221476510067116,0.4266770833333333,0.46875
allknowingroger/Mistralmash1-7B-s,0.39610012544493056,0.5277485757172445,0.092145015,0.29446308724832215,0.4267083333333333,0.3292885638297872
allknowingroger/Mistralmash2-7B-s,0.4101883003763348,0.530485814,0.079305136,0.2978187919463087,0.43724999999999997,0.3345246010638298
allknowingroger/MixTAO-19B-pass,0.3814368098866563,0.5128248798224987,0.061178248,0.28439597315436244,0.47827083333333337,0.31050531914893614
allknowingroger/MixTaoTruthful-13B-slerp,0.41388515804731446,0.5207335343585151,0.066465257,0.28439597315436244,0.42924999999999996,0.3100066489361702
allknowingroger/MultiCalm-7B-slerp,0.3926526061960044,0.5121891599770304,0.061933534743202415,0.2827181208053691,0.43194791666666665,0.3032746010638298
allknowingroger/MultiMash-12B-slerp,0.39744876926554873,0.5141827379810838,0.08081571,0.27684563758389263,0.44379166666666664,0.3067652925531915
allknowingroger/MultiMash10-13B-slerp,0.41628323958208663,0.5186335995744094,0.071752266,0.2860738255033557,0.43179166666666663,0.3116688829787234
allknowingroger/MultiMash11-13B-slerp,0.4251009543566625,0.5193864686484946,0.070241692,0.2827181208053691,0.43728125,0.30851063829787234
allknowingroger/MultiMash2-12B-slerp,0.42607503645881817,0.5133973498532299,0.064199396,0.27936241610738255,0.4228020833333333,0.3042719414893617
allknowingroger/MultiMash5-12B-slerp,0.41415998439695567,0.5144534995858502,0.063444109,0.27768456375838924,0.4202916666666667,0.30277593085106386
allknowingroger/MultiMash6-12B-slerp,0.43004672047943904,0.5195916915718951,0.072507553,0.27432885906040266,0.4305833333333333,0.30909242021276595
allknowingroger/MultiMash7-12B-slerp,0.42127887338927383,0.5111135397195524,0.069486405,0.2785234899328859,0.42794791666666665,0.3029421542553192
allknowingroger/MultiMash8-13B-slerp,0.4320702402957486,0.5178483059643324,0.077039275,0.28859060402684567,0.4423958333333333,0.31258311170212766
allknowingroger/MultiMash9-13B-slerp,0.4187810564856802,0.5193579939678727,0.078549849,0.2802013422818792,0.4398229166666667,0.3100066489361702
allknowingroger/MultiMerge-7B-slerp,0.3947758613811354,0.5140224933103638,0.066465257,0.2827181208053691,0.42797916666666663,0.3036901595744681
allknowingroger/Multimash3-12B-slerp,0.44371046600796993,0.5176624678276028,0.062688822,0.2802013422818792,0.4343958333333333,0.3067652925531915
allknowingroger/Multimerge-19B-pass,0.17730510600761534,0.2891778102988436,0,0.25922818791946306,0.3429583333333333,0.11685505319148937
allknowingroger/MultiverseEx26-7B-slerp,0.3938516469633905,0.5133591871690678,0.075528701,0.2827181208053691,0.4293125,0.3035239361702128
allknowingroger/NeuralWestSeverus-7B-slerp,0.41356046401326263,0.5244283854305991,0.07326284,0.2709731543624161,0.45287499999999997,0.3137466755319149
allknowingroger/Neuralcoven-7B-slerp,0.3858584112377381,0.530287218,0.078549849,0.28523489932885904,0.429,0.3293716755319149
allknowingroger/Neuralmultiverse-7B-slerp,0.3769154731667531,0.5165722210470375,0.064954683,0.28439597315436244,0.42804166666666665,0.30418882978723405
allknowingroger/Ph3della5-14B,0.47985567183960776,0.6331746353794991,0.17673716012084592,0.3422818791946309,0.4386145833333333,0.4787234042553192
allknowingroger/Ph3merge-14B,0.27012881376968667,0.638087569,0.010574018126888218,0.33808724832214765,0.4334375,0.4611037234042553
allknowingroger/Ph3merge2-14B,0.17061064641817045,0.3606937444321621,0,0.2911073825503356,0.3910833333333333,0.1722905585106383
allknowingroger/Ph3merge3-14B,0.1645157072124186,0.3597431731140411,0,0.28523489932885904,0.40819791666666666,0.16472739361702127
allknowingroger/Ph3task1-14B,0.46946435457918323,0.631780607,0.16691842900302115,0.35067114093959734,0.45077083333333334,0.4734042553191489
allknowingroger/Ph3task2-14B,0.4713127834146731,0.6098412220695854,0.14652567975830816,0.33053691275167785,0.4535,0.44597739361702127
allknowingroger/Ph3task3-14B,0.4962421929369628,0.6297915743094921,0.17598187311178248,0.3414429530201342,0.44255208333333335,0.47706117021276595
allknowingroger/Ph3unsloth-3B-slerp,0.18944511673470835,0.5468077356147099,0.10120845921450151,0.32466442953020136,0.45278124999999997,0.3700964095744681
allknowingroger/Phi3mash1-17B-pass,0.18842116694814204,0.6128878795560929,0,0.3196308724832215,0.445125,0.45894281914893614
allknowingroger/Quen2-65B,0.17578137120617737,0.27565161872324456,0,0.23573825503355705,0.32085416666666666,0.11136968085106383
allknowingroger/Qwen2.5-42B-AGI,0.19129354557019818,0.2942104150907988,0,0.2600671140939597,0.36203125,0.11677194148936171
allknowingroger/Qwen2.5-7B-task2,0.45270327176336567,0.5625940266685543,0.3549848942598187,0.3162751677852349,0.43696874999999996,0.4517121010638298
allknowingroger/Qwen2.5-7B-task3,0.51290354,0.5397623813486384,0.26057401812688824,0.31711409395973156,0.43557291666666664,0.45013297872340424
allknowingroger/Qwen2.5-7B-task4,0.5005385709916355,0.5583446038580263,0.311178248,0.32046979865771813,0.43954166666666666,0.45611702127659576
allknowingroger/Qwen2.5-7B-task7,0.42842325030917966,0.55524318,0.064954683,0.32046979865771813,0.4325625,0.4133144946808511
allknowingroger/Qwen2.5-7B-task8,0.4645185884564068,0.5524895381578828,0.3527190332326284,0.32046979865771813,0.45144791666666667,0.44331781914893614
allknowingroger/Qwen2.5-slerp-14B,0.49282016161562425,0.651241974,0.4622356495468278,0.3674496644295302,0.47439583333333335,0.5378989361702128
allknowingroger/QwenSlerp12-7B,0.5075577246151324,0.5556448443090559,0.2945619335347432,0.31543624161073824,0.45947916666666666,0.4460605053191489
allknowingroger/QwenSlerp4-14B,0.6327544249258634,0.6483250205703057,0.3693353474320242,0.3724832214765101,0.46496875,0.5435505319148937
allknowingroger/QwenSlerp5-14B,0.7119387669162267,0.6356573710010681,0.3564954682779456,0.3649328859060403,0.4675416666666667,0.5390625
allknowingroger/QwenSlerp6-14B,0.6866846633598851,0.6384454358065165,0.3723564954682779,0.3733221476510067,0.46896875,0.5405585106382979
allknowingroger/QwenStock1-14B,0.5634117474966422,0.6528491305599156,0.3768882175226586,0.3766778523489933,0.47296875,0.5418051861702128
allknowingroger/QwenStock2-14B,0.5563427261887348,0.65688501,0.38821752265861026,0.37919463087248323,0.47560416666666666,0.5405585106382979
allknowingroger/QwenStock3-14B,0.5615134509767417,0.6565322062808641,0.3776435045317221,0.3783557046979866,0.4755729166666667,0.5428025265957447
allknowingroger/Qwenslerp2-14B,0.5007136619724553,0.6554876216007552,0.44561933534743203,0.36828859060402686,0.4729375,0.5403091755319149
allknowingroger/Qwenslerp2-7B,0.5294396645345462,0.5609127334788001,0.3421450151057402,0.31291946308724833,0.4356041666666666,0.4515458776595745
allknowingroger/Qwenslerp3-14B,0.5052349986923584,0.6520835120117142,0.44637462235649544,0.375,0.46760416666666665,0.5394780585106383
allknowingroger/Qwenslerp3-7B,0.501837347,0.5580160200086862,0.3217522658610272,0.32466442953020136,0.45151041666666664,0.45420545212765956
allknowingroger/ROGERphi-7B-slerp,0.3861332375873793,0.5195583428468424,0.07326284,0.28859060402684567,0.46853125,0.3052692819148936
allknowingroger/RogerMerge-7B-slerp,0.39330199426410817,0.5160176493085935,0.068731118,0.2802013422818792,0.43197916666666664,0.30302526595744683
allknowingroger/Rombos-LLM-V2.5-Qwen-42b,0.1879213819332704,0.2969164076001621,0,0.2625838926174497,0.36333333333333334,0.11677194148936171
allknowingroger/Strangecoven-7B-slerp,0.374642615,0.5368022290282338,0.076283988,0.28942953020134227,0.4198854166666666,0.33643617021276595
allknowingroger/Weirdslerp2-25B,0.1754068094877148,0.2873695911207614,0,0.24916107382550334,0.3523541666666667,0.11278257978723404
allknowingroger/WestlakeMaziyar-7B-slerp,0.48377748817581795,0.5245479952765804,0.066465257,0.3036912751677852,0.44738541666666665,0.3077626329787234
allknowingroger/YamMaths-7B-slerp,0.4148093724650594,0.5155845857281723,0.085347432,0.2802013422818792,0.43836458333333334,0.3130817819148936
allknowingroger/Yi-1.5-34B,0.16391618682872555,0.28272506287695653,0,0.25838926174496646,0.38565625,0.10954122340425532
allknowingroger/Yi-blossom-40B,0.20088587170928693,0.32150442258143547,0,0.27432885906040266,0.3842604166666666,0.10804521276595745
allknowingroger/Yibuddy-35B,0.4234774841864032,0.5916185369526096,0.15709969788519637,0.35570469798657717,0.45045833333333335,0.44888630319148937
allknowingroger/Yillama-40B,0.16968643200042555,0.40628855371888356,0,0.2827181208053691,0.3500625,0.1981382978723404
allknowingroger/Yislerp-34B,0.3691970637907419,0.6158722731484186,0.21601208459214502,0.35822147651006714,0.456625,0.4751496010638298
allknowingroger/Yislerp2-34B,0.39994658616914236,0.6245771970170245,0.229607251,0.3640939597315436,0.45296875,0.472406915
allknowingroger/Yunconglong-13B-slerp,0.42417673993891764,0.5165807158493828,0.054380664652567974,0.28104026845637586,0.4160729166666666,0.30360704787234044
allknowingroger/limyClown-7B-slerp,0.4017451473202215,0.5147517317055973,0.068731118,0.28104026845637586,0.4293125,0.30377327127659576
allknowingroger/llama3-Jallabi-40B-s,0.19206815693471102,0.32522424198526295,0,0.23741610738255034,0.37495833333333334,0.10879321808510638
allknowingroger/llama3AnFeng-40B,0.17420776872032873,0.3794080447660335,0,0.3062080536912752,0.39399999999999996,0.1979720744680851
allura-org/L3.1-8b-RP-Ink,0.7811063533646281,0.48284724308518095,0.14803625377643503,0.26426174496644295,0.3608229166666667,0.3427526595744681
allura-org/MN-12b-RP-Ink,0.7186332265056716,0.4833826588550261,0.11858006042296072,0.28523489932885904,0.38184375000000004,0.3513962765957447
allura-org/MS-Meadowlark-22B,0.669698622,0.5162576933217772,0.18353474320241692,0.32550335570469796,0.3842604166666667,0.38231382978723405
allura-org/Mistral-Small-24b-Sertraline-0304,0.6799902037704402,0.6524908933699552,0.22280966767371602,0.35151006711409394,0.4395104166666666,0.5105551861702128
allura-org/Mistral-Small-Sisyphus-24b-2503,0.6848362345243952,0.6269790835863639,0.25,0.2625838926174497,0.39768749999999997,0.5127160904255319
allura-org/MoE-Girl-1BA-7BT,0.27050337548814923,0.3139175363262408,0.015105740181268883,0.25838926174496646,0.34355208333333337,0.12175864361702128
allura-org/TQ2.5-14B-Aletheia-v1,0.7530297388706411,0.6585074769185942,0.33987915407854985,0.3624161073825503,0.44515625,0.5241023936170213
allura-org/TQ2.5-14B-Neon-v1,0.6754189993661264,0.655304131,0.36027190332326287,0.3716442953020134,0.461,0.5252659574468085
allura-org/Teleut-7b,0.6378752820294595,0.5141277814496585,0.24093655589123866,0.3263422818791946,0.4640416666666667,0.4130651595744681
aloobun/Meta-Llama-3-7B-28Layers,0.19636453498938372,0.4437497014253391,0.027945619335347432,0.29446308724832215,0.35892708333333334,0.3159906914893617
aloobun/d-SmolLM2-360M,0.20970358648386284,0.3195784405636826,0.012839879,0.2533557046979866,0.3980625,0.11693816489361702
alpindale/WizardLM-2-8x22B,0.5272166739805937,0.6377307938917097,0.25,0.38171140939597314,0.4387083333333333,0.45960771276595747
alpindale/magnum-72b-v1,0.7606484128778308,0.6982215794373214,0.39803625377643503,0.39093959731543626,0.4489375,0.5467918882978723
altomek/YiSM-34B-0rn,0.428373383,0.6140009573868866,0.2280966767371601,0.3716442953020134,0.445,0.4695811170212766
amazon/MegaBeam-Mistral-7B-300k,0.520347123,0.4227731731112974,0.021148036253776436,0.27348993288590606,0.39799999999999996,0.2549035904255319
amd/AMD-Llama-135m,0.18422452426229072,0.2973931917569524,0.005287009,0.2525167785234899,0.37796874999999996,0.11685505319148937
anakin87/gemma-2b-orpo,0.24779695651981187,0.34261709435617754,0.018882175,0.26174496644295303,0.37276041666666665,0.1305684840425532
anthracite-org/magnum-v1-72b,0.7606484128778308,0.6982215794373214,0.39803625377643503,0.39093959731543626,0.4489375,0.5486203457446809
anthracite-org/magnum-v2-12b,0.37616635,0.5020864013200114,0.054380664652567974,0.2911073825503356,0.41790625,0.31673869680851063
anthracite-org/magnum-v2-72b,0.7560273407891063,0.7005076514129516,0.3542296072507553,0.3859060402684564,0.4371875,0.5456283244680851
anthracite-org/magnum-v2.5-12b-kto,0.3865576669902525,0.5076961186254344,0.052114804,0.2936241610738255,0.40863541666666664,0.3214760638297872
anthracite-org/magnum-v3-27b-kto,0.5674831668860845,0.586040578,0.18126888217522658,0.35570469798657717,0.38546874999999997,0.42378656914893614
anthracite-org/magnum-v3-34b,0.5115294086357531,0.6087828692085228,0.19486404833836857,0.36073825503355705,0.3872395833333333,0.47523271276595747
anthracite-org/magnum-v3-9b-chatml,0.12747066671985885,0.5427688488887096,0.069486405,0.34563758389261745,0.4432291666666666,0.4242021276595745
anthracite-org/magnum-v3-9b-customgemma2,0.1272955757390391,0.5340136936916174,0.071752266,0.3288590604026846,0.45646875,0.4204621010638298
anthracite-org/magnum-v4-12b,0.33929640021808805,0.5176693046591915,0.11782477341389729,0.2961409395973154,0.40928125,0.3603723404255319
anthracite-org/magnum-v4-22b,0.5628620947973599,0.548612005,0.2001510574018127,0.32802013422818793,0.44078124999999996,0.3829787234042553
anthracite-org/magnum-v4-27b,0.34541682735142754,0.5867298109891389,0.1797583081570997,0.3699664429530201,0.4379895833333333,0.43758311170212766
anthracite-org/magnum-v4-9b,0.3502628581053826,0.5336423991931557,0.13066465256797583,0.34731543624161076,0.45157291666666666,0.3952792553191489
apple/DCLM-7B,0.21727239280664196,0.42321423668184166,0.037009063,0.31543624161073824,0.3920729166666667,0.3110871010638298
appvoid/arco-2,0.19913717824261848,0.31456676274830814,0.013595166163141994,0.23909395973154363,0.35359375,0.1116190159574468
appvoid/arco-2-instruct,0.2164479137577184,0.31330470624451107,0.012839879,0.23825503355704697,0.34959375,0.11128656914893617
arcee-ai/Arcee-Blitz,0.5543435861292482,0.6606628431550884,0.34818731117824775,0.3850671140939597,0.50471875,0.6153590425531915
arcee-ai/Arcee-Maestro-7B-Preview,0.2750247122080524,0.4648373015709704,0.49924471299093653,0.33221476510067116,0.3885416666666666,0.3039394946808511
arcee-ai/Arcee-Nova,0.7907485471881275,0.694196966,0.4380664652567976,0.3850671140939597,0.45616666666666666,0.5452127659574468
arcee-ai/Arcee-Spark,0.5620874834328471,0.5489474198567446,0.29531722054380666,0.3070469798657718,0.40209374999999997,0.3822307180851064
arcee-ai/Llama-3.1-SuperNova-Lite,0.8017393848322452,0.5151992115104819,0.18277945619335348,0.3062080536912752,0.41632291666666665,0.3877160904255319
arcee-ai/Llama-Spark,0.7910732412221794,0.5053504145749979,0.13897280966767372,0.29949664429530204,0.35933333333333334,0.3720910904255319
arcee-ai/SuperNova-Medius,0.7183584001560305,0.6377284463115707,0.4690332326283988,0.33305369127516776,0.4232708333333333,0.5034906914893617
arcee-ai/Virtuoso-Lite,0.8099575792231279,0.6098520975127147,0.25302114803625375,0.34395973154362414,0.4595416666666667,0.4440658244680851
arcee-ai/Virtuoso-Small,0.7935211904413622,0.6517633129454784,0.4093655589123867,0.33640939597315433,0.43390625,0.5191156914893617
arcee-ai/Virtuoso-Small-v2,0.8273181824226385,0.6554097094586643,0.466012085,0.35318791946308725,0.43133333333333335,0.518783245
arcee-ai/raspberry-3B,0.31541642840995227,0.42689280188827033,0.10347432024169184,0.27768456375838924,0.41232291666666665,0.285405585
argilla/notus-7b-v1,0.508207113,0.4511857407381495,0.031722054,0.28942953020134227,0.33641666666666664,0.3003656914893617
argilla/notux-8x7b-v1,0.5422290633297429,0.5363304164516353,0.099697885,0.3087248322147651,0.41759375,0.3660239361702128
argilla-warehouse/Llama-3.1-8B-MagPie-Ultra,0.5756514935925566,0.46196134634468616,0.077039275,0.26677852348993286,0.35425,0.31441156914893614
arisin/orca-platypus-13B-slerp,0.26718107953563214,0.46306234976954946,0.015861027190332326,0.2986577181208054,0.4253125,0.2592253989361702
arshiaafshani/Arsh-V1,0.6043276284702368,0.6739657491720434,0.2620845921450151,0.3733221476510067,0.48989583333333336,0.5256815159574468
asharsha30/LLAMA_Harsha_8_B_ORDP_10k,0.34639090945358314,0.4668707690948544,0.066465257,0.27348993288590606,0.36965625,0.281000665
ashercn97/a1-v0.0.1,0.21984445715146922,0.5188122863232913,0.21450151057401812,0.311241611,0.4119791666666666,0.41647273936170215
ashercn97/a1-v002,0.2584631001298776,0.5261137844506322,0.23413897280966767,0.3187919463087248,0.41591666666666666,0.41747007978723405
assskelad/smollm2-360M-sft_SmallThoughts,0.20071078072846715,0.3149572469619188,0.016616314,0.25922818791946306,0.3395208333333333,0.11818484042553191
athirdpath/Llama-3.1-Instruct_NSFW-pretrained_e1-plus_reddit,0.4521037513796726,0.4939066588253951,0.10196374622356495,0.29194630872483224,0.3863958333333333,0.3564660904255319
automerger/YamshadowExperiment28-7B,0.4070156074770498,0.5150030227855061,0.061178248,0.28691275167785235,0.4306145833333333,0.30601728723404253
avemio/GRAG-NEMO-12B-ORPO-HESSIAN-AI,0,0.26065954545866094,0,0.25922818791946306,0.3446666666666667,0.10605053191489362
awnr/Mistral-7B-v0.1-signtensors-1-over-2,0.21792178087474567,0.4422884892437673,0.033987915407854986,0.3070469798657718,0.40060416666666665,0.2999501329787234
awnr/Mistral-7B-v0.1-signtensors-1-over-4,0.2133007087860211,0.35070947402846286,0.024924471299093656,0.2701342281879195,0.34603125,0.2310505319148936
awnr/Mistral-7B-v0.1-signtensors-3-over-8,0.23942915907569692,0.4299940969601492,0.033232628,0.3036912751677852,0.38175000000000003,0.30011635638297873
awnr/Mistral-7B-v0.1-signtensors-5-over-16,0.21182684166899385,0.4124151161773006,0.029456193,0.28104026845637586,0.3686041666666667,0.29579454787234044
awnr/Mistral-7B-v0.1-signtensors-7-over-16,0.22936253584932426,0.43158208189876196,0.038519637,0.3036912751677852,0.39520833333333333,0.30302526595744683
aws-prototyping/MegaBeam-Mistral-7B-512k,0.5972586071623293,0.3662336639946533,0.028700906344410877,0.2827181208053691,0.3993645833333333,0.25889295212765956
axolotl-ai-co/romulus-mistral-nemo-12b-simpo,0.607924751,0.5395057669562011,0.11404833836858005,0.2785234899328859,0.42330208333333336,0.3469082446808511
baconnier/Napoleon_24B_V0.0,0.1801021290176731,0.6367110843973786,0.22734138972809667,0.37919463087248323,0.4419895833333333,0.5039893617021277
baconnier/Napoleon_24B_V0.2,0.2527172347150006,0.5910621269874454,0.14350453172205438,0.33808724832214765,0.4459583333333333,0.4356715425531915
baebee/7B-Cetacea,0.5278660620486975,0.4757171853895546,0.046827795,0.2860738255033557,0.41362499999999996,0.2954621010638298
baebee/mergekit-model_stock-nzjnheg,0.48442687624392167,0.5287391310729729,0.16767371601208458,0.2802013422818792,0.38466666666666666,0.3699301861702128
baebee/mergekit-ties-fnjenli,0.19881248420856662,0.30236959112076134,0.002265861,0.24496644295302014,0.4019375,0.11286569148936171
bamec66557/MISCHIEVOUS-12B,0.3851835352420466,0.5404981575206657,0.12764350453172205,0.32046979865771813,0.4144895833333333,0.3671875
bamec66557/MISCHIEVOUS-12B-Mix_0.1v,0.36362628935668473,0.5436022524587655,0.13293051359516617,0.32802013422818793,0.41315624999999995,0.3673537234042553
bamec66557/MISCHIEVOUS-12B-Mix_0.2v,0.3623773809048879,0.5434355857920987,0.12613293051359517,0.32550335570469796,0.41582291666666665,0.36627327127659576
bamec66557/MISCHIEVOUS-12B-Mix_0.3v,0.38698209639312575,0.5431389316665282,0.1336858006042296,0.3196308724832215,0.41312499999999996,0.3663563829787234
bamec66557/MISCHIEVOUS-12B-Mix_0.4v,0.6508142838778884,0.5094241395384186,0.1351963746223565,0.31711409395973156,0.41762499999999997,0.36826795212765956
bamec66557/MISCHIEVOUS-12B-Mix_0.5v,0.3745672593163916,0.5421932988679541,0.13670694864048338,0.32046979865771813,0.41315624999999995,0.36610704787234044
bamec66557/MISCHIEVOUS-12B-Mix_0.6v,0.43656608908806416,0.5448909065942131,0.12537764350453173,0.32802013422818793,0.4184895833333333,0.3661901595744681
bamec66557/MISCHIEVOUS-12B-Mix_III_IV_V,0.40309379114083965,0.546453478,0.12915407854984895,0.32046979865771813,0.41982291666666666,0.3664394946808511
bamec66557/MISCHIEVOUS-12B-Mix_III_ex_V,0.43162032296528763,0.5448926891254073,0.13217522658610273,0.32046979865771813,0.4197916666666666,0.3648603723404255
bamec66557/MISCHIEVOUS-12B-Mix_Neo,0.6249606599378538,0.5077574728717519,0.13293051359516617,0.3162751677852349,0.41502083333333334,0.36851728723404253
bamec66557/Mistral-Nemo-VICIOUS_MESH-12B-2407,0.6705729686121713,0.5155964285724085,0.13670694864048338,0.31543624161073824,0.4309895833333333,0.36768617021276595
bamec66557/NameLess-12B-prob,0.6602315190361574,0.5158141019151304,0.12613293051359517,0.3145973154362416,0.433625,0.3684341755319149
bamec66557/VICIOUS_MESH-12B,0.37156965739792636,0.5436022524587655,0.13444108761329304,0.32802013422818793,0.4104895833333333,0.36785239361702127
bamec66557/VICIOUS_MESH-12B-0.1v,0.36574954454181574,0.5412276004529172,0.13217522658610273,0.32466442953020136,0.41582291666666665,0.36826795212765956
bamec66557/VICIOUS_MESH-12B-0.X.ver,0.37756486123485683,0.54162469,0.12009063444108761,0.3213087248322148,0.41982291666666666,0.36710438829787234
bamec66557/VICIOUS_MESH-12B-ALPHA,0.6365011502812536,0.5093679898057982,0.13670694864048338,0.313758389,0.4202916666666667,0.3696808510638298
bamec66557/VICIOUS_MESH-12B-BETA,0.6720967034136092,0.5155964285724085,0.13293051359516617,0.3162751677852349,0.4309895833333333,0.36785239361702127
bamec66557/VICIOUS_MESH-12B-DELTA,0.6468924675416783,0.5055418480543742,0.13746223564954682,0.31208053691275167,0.40565625,0.3651097074468085
bamec66557/VICIOUS_MESH-12B-DIGAMMA,0.6429207835210575,0.506116784,0.1336858006042296,0.31291946308724833,0.40965625,0.36585771276595747
bamec66557/VICIOUS_MESH-12B-EPSILON,0.6304560787599126,0.5037995611302296,0.12613293051359517,0.3145973154362416,0.4069895833333333,0.36477726063829785
bamec66557/VICIOUS_MESH-12B-GAMMA,0.6361764562472019,0.5181908355069679,0.13066465256797583,0.313758389,0.43632291666666667,0.3666057180851064
bamec66557/VICIOUS_MESH-12B-NEMO,0.40221944440750546,0.5441680901949261,0.1268882175226586,0.3238255033557047,0.42506249999999995,0.37159242021276595
bamec66557/VICIOUS_MESH-12B-OMEGA,0.6699734482284783,0.516644374,0.13444108761329304,0.31543624161073824,0.43232291666666667,0.36768617021276595
bamec66557/VICIOUS_MESH-12B-UNION,0.6428709158366468,0.5106643448765741,0.13897280966767372,0.31208053691275167,0.4256875,0.3671875
bamec66557/VICIOUS_MESH-12B_Razor,0.37364304489864675,0.5447127693928118,0.1299093655589124,0.32298657718120805,0.40915624999999994,0.36685505319148937
bamec66557/mergekit-model_stock-zdaysvi,0.6425960894870055,0.5062803896601668,0.1351963746223565,0.313758389,0.41238541666666667,0.36884973404255317
bamec66557/mergekit-ties-sinbkow,0.6431956098706986,0.5092084289828543,0.14501510574018128,0.3196308724832215,0.40447916666666667,0.36028922872340424
belztjti/dffghgjh,0.5784241368457914,0.35817085768640783,0.023413897280966767,0.2634228187919463,0.34745833333333337,0.3421708776595745
belztjti/dtfgv,0.334450369,0.32815316667476035,0.018126888,0.26929530201342283,0.3793958333333333,0.15043218085106383
benhaotang/phi4-qwq-sky-t1,0.045962491,0.6710520703782934,0.41012084592145015,0.3951342281879195,0.48995833333333333,0.5244348404255319
beomi/gemma-mling-7b,0.20290939152559653,0.40675941947154004,0.054380664652567974,0.25,0.37585416666666666,0.2632978723404255
beowolx/CodeNinja-1.0-OpenChat-7B,0.5446770125489258,0.4441338669403703,0.067220544,0.29446308724832215,0.42432291666666666,0.3015292553191489
berkeley-nest/Starling-LM-7B-alpha,0.5480491761858536,0.4440065261164004,0.083836858,0.29697986577181207,0.41201041666666666,0.3171542553191489
bfuzzy1/Gunny,0.7128629813339716,0.45459857092962414,0.1729607250755287,0.2785234899328859,0.35828124999999994,0.3038563829787234
bfuzzy1/acheron,0.19831269919369493,0.3107918622526179,0.016616314,0.23909395973154363,0.3510520833333333,0.10962433510638298
bfuzzy1/acheron-c,0.19286714805604685,0.30260703404313577,0.003021148,0.24748322147651006,0.33821875,0.1171875
bfuzzy1/acheron-d,0.192542454,0.3139959864926003,0.015105740181268883,0.23657718120805368,0.34971875,0.11344747340425532
bfuzzy1/acheron-m,0.17583123889058808,0.29284447696551025,0.009063444,0.2600671140939597,0.3486666666666667,0.11128656914893617
bfuzzy1/acheron-m1a-llama,0.11245827737070972,0.29560475093811295,0.00755287,0.2600671140939597,0.36330208333333336,0.11461103723404255
bfuzzy1/llambses-1,0.3553837152089788,0.5046977405175623,0.068731118,0.2978187919463087,0.45290625,0.31399601063829785
bhuvneshsaini/merged_model,0.1812767900282362,0.3359777949071243,0,0.25,0.34971875,0.14453125
bigcode/starcoder2-15b,0.2780223141265177,0.4447957841230437,0.059667674,0.27348993288590606,0.35009375000000004,0.23528922872340424
bigcode/starcoder2-3b,0.20370838264693236,0.35087141384601755,0.015105740181268883,0.24412751677852348,0.34345833333333337,0.1636469414893617
bigcode/starcoder2-7b,0.22091938279321088,0.36609857669123036,0.030966767371601207,0.2516778523489933,0.3793333333333333,0.16422872340425532
bigscience/bloom-1b1,0.13733781920858879,0.31072762377370394,0.005287009,0.25922818791946306,0.36999999999999994,0.1107878989361702
bigscience/bloom-1b7,0.10438968603305895,0.31405492,0.005287009,0.25838926174496646,0.38857291666666666,0.10862699468085106
bigscience/bloom-3b,0.1270961050013963,0.3062918592346337,0.008308157,0.23993288590604026,0.3980625,0.11328125
bigscience/bloom-560m,0.062024318,0.3025950541549823,0.003776435,0.26174496644295303,0.4030833333333333,0.11643949468085106
bigscience/bloom-7b1,0.13221696210499254,0.3113718529627139,0.005287009,0.26426174496644295,0.34869791666666666,0.11045545212765957
bluuwhale/L3-SthenoMaid-8B-V1,0.7344700949037443,0.5218759253208048,0.10800604229607251,0.2802013422818792,0.3686979166666667,0.3656083776595745
bond005/meno-tiny-0.1,0.45497613000172876,0.4262909130965971,0.13897280966767372,0.28187919463087246,0.4184583333333333,0.2785904255319149
bosonai/Higgs-Llama-3-70B,0.5560678998390935,0.62576588,0.25226586102719034,0.36661073825503354,0.44708333333333333,0.49019281914893614
braindao/DeepSeek-R1-Distill-Qwen-1.5B-Blunt,0.261136008,0.27743669901671336,0.13821752265861026,0.24748322147651006,0.35952083333333335,0.11835106382978723
braindao/DeepSeek-R1-Distill-Qwen-1.5B-Reflective,0.30327641768285923,0.2908444769655102,0.16314199395770393,0.2609060402684564,0.33555208333333336,0.11303191489361702
braindao/DeepSeek-R1-Distill-Qwen-14B,0.4171575863154209,0.30329653176003074,0.17598187311178248,0.2802013422818792,0.4487916666666667,0.11269946808510638
braindao/DeepSeek-R1-Distill-Qwen-14B-ABUB-ST,0.3751922676276723,0.4926903187457697,0.5015105740181269,0.3447986577181208,0.4220625,0.42428523936170215
braindao/DeepSeek-R1-Distill-Qwen-14B-Blunt,0.5611632690151022,0.32828968244496226,0.16389728096676737,0.3028523489932886,0.45542708333333337,0.14469747340425532
braindao/DeepSeek-R1-Distill-Qwen-14B-Blunt-Uncensored,0.5421791956453321,0.3170339746824052,0.16314199395770393,0.2827181208053691,0.4486979166666667,0.14311835106382978
braindao/DeepSeek-R1-Distill-Qwen-14B-Blunt-Uncensored-Blunt,0.5221456845614081,0.3198581755956472,0.25075528700906347,0.2785234899328859,0.4526979166666667,0.14835438829787234
braindao/DeepSeek-R1-Distill-Qwen-14B-Blunt-Uncensored-Blunt-Reflective,0.55404438,0.337106085,0.23716012084592145,0.27768456375838924,0.4247604166666667,0.15043218085106383
braindao/DeepSeek-R1-Distill-Qwen-14B-Blunt-Uncensored-Reflective,0.5139274901705253,0.3013444769655102,0.1472809667673716,0.287751678,0.44333333333333336,0.12890625
braindao/DeepSeek-R1-Distill-Qwen-14B-Reflective,0.4290227706928727,0.301225756,0.19184290030211482,0.2726510067114094,0.4553958333333334,0.11294880319148937
braindao/DeepSeek-R1-Distill-Qwen-7B,0.39679938119744496,0.2886778102988436,0.19184290030211482,0.26174496644295303,0.37666666666666665,0.1141123670212766
braindao/DeepSeek-R1-Distill-Qwen-7B-Blunt,0.4266246891581005,0.29017781029884354,0.21450151057401812,0.2709731543624161,0.38851041666666664,0.11693816489361702
braindao/DeepSeek-R1-Distill-Qwen-7B-ORPO-Uncensored,0.3654503384353515,0.2958444769655102,0.17371601208459214,0.2533557046979866,0.38460416666666664,0.11328125
braindao/DeepSeek-R1-Distill-Qwen-7B-Reflective,0.3921783091087204,0.2906778102988436,0.20241691842900303,0.25419463087248323,0.38999999999999996,0.1155252659574468
braindao/Qwen2.5-14B,0.540854932,0.5852660409288039,0.29229607250755285,0.3733221476510067,0.41235416666666663,0.48836436170212766
braindao/Qwen2.5-14B-Instruct,0.8142539572778007,0.6403640774008682,0.552870091,0.3288590604026846,0.414,0.48894614361702127
braindao/iq-code-evmind-0.5b,0.3215612353001148,0.31637440507987097,0.024169184,0.24161073825503357,0.33037500000000003,0.11893284574468085
brgx53/3Bgeneral-ECE-PRYMMAL-Martial,0.32893057088525113,0.5458008312900208,0.13141993957703926,0.32466442953020136,0.43728125,0.3933676861702128
brgx53/3Bgeneralv2-ECE-PRYMMAL-Martial,0.567708126,0.5607195549186694,0.3496978851963746,0.311241611,0.43563541666666666,0.45054853723404253
brgx53/3Blareneg-ECE-PRYMMAL-Martial,0.28763902002242936,0.535846216,0.12084592145015106,0.3347315436241611,0.4428958333333333,0.4015957446808511
brgx53/3Blarenegv2-ECE-PRYMMAL-Martial,0.5661843907498769,0.5607195549186694,0.3496978851963746,0.311241611,0.43563541666666666,0.45054853723404253
brgx53/Barracuda-PRYMMAL-ECE-TW3,0.16401592219754696,0.30024599561514337,0.002265861,0.2533557046979866,0.36085416666666664,0.10929188829787234
brgx53/LaConfiance-PRYMMAL-ECE-TW3,0.1579209829917951,0.29624186550380993,0,0.2516778523489933,0.38457291666666665,0.11461103723404255
bunnycore/Best-Mix-Llama-3.1-8B,0.20670598456539757,0.343178101,0.2054380664652568,0.2651006711409396,0.2928541666666667,0.15649933510638298
bunnycore/Blabbertron-1.0,0.7433376773627309,0.5496552006589083,0.49244712990936557,0.30201342281879195,0.4336875,0.4354222074468085
bunnycore/Blabbertron-1.1,0.7265267268625026,0.5534000697428705,0.48036253776435045,0.3028523489932886,0.4415625,0.44306848404255317
bunnycore/CyberCore-Qwen-2.1-7B,0.5765757080103016,0.5572089082936126,0.35876132930513593,0.30788590604026844,0.4144895833333333,0.4444813829787234
bunnycore/DeepQwen-3B-LCoT-SCE,0.4489809261647983,0.45123121380305237,0.24697885196374622,0.2625838926174497,0.35139583333333335,0.3289561170212766
bunnycore/DeepSeek-R1-Distill-Qwen-7B-RRP-Ex,0.39010492160800014,0.3494110718041537,0.16540785498489427,0.2785234899328859,0.3663125,0.2508311170212766
bunnycore/DeepThinker-7B-Sce-v1,0.12180015691698028,0.30182806791122846,0.009818731,0.2516778523489933,0.41942708333333334,0.11228390957446809
bunnycore/DeepThinker-7B-Sce-v2,0.16306621985221434,0.3056842322947901,0.011329305135951661,0.25838926174496646,0.4100625,0.11461103723404255
bunnycore/FuseCyberMix-Qwen-2.5-7B-Instruct,0.7019220113742648,0.5517973725429837,0.48413897280966767,0.29697986577181207,0.40203125,0.43367686170212766
bunnycore/FuseQwQen-7B,0.7274509412802475,0.5504256932515404,0.43655589123867067,0.29446308724832215,0.4216875,0.4406582446808511
bunnycore/FwF-Qwen-7B-0.1,0.30045390674521383,0.5019272523147252,0.2764350453172205,0.2709731543624161,0.39520833333333333,0.4060837765957447
bunnycore/FwF-Qwen-7B-0.2,0.44790710869382133,0.5596406929346521,0.4259818731117825,0.2902684563758389,0.42178125,0.4382480053191489
bunnycore/Gemma-2-2B-Smart,0.13206625088099574,0.39742674570492836,0.033232628,0.2827181208053691,0.4248541666666667,0.2426030585106383
bunnycore/Gemma2-9B-TitanFusion,0.16184169115724056,0.5712026020785131,0.077039275,0.33221476510067116,0.41362499999999996,0.39602726063829785
bunnycore/HyperLlama-3.1-8B,0.7883005979689446,0.5103385292046213,0.18277945619335348,0.28691275167785235,0.38292708333333336,0.3783244680851064
bunnycore/Llama-3.1-8B-TitanFusion-Mix,0.4924954675815725,0.5755964197928182,0.1283987915407855,0.2953020134228188,0.4316979166666666,0.3695146276595745
bunnycore/Llama-3.1-8B-TitanFusion-v3,0.4809549772381725,0.5262113071794826,0.1419939577039275,0.3087248322147651,0.4302083333333333,0.38056848404255317
bunnycore/Llama-3.2-3B-All-Mix,0.7226049105262924,0.45083384652782293,0.15030211480362538,0.2625838926174497,0.32869791666666665,0.3159906914893617
bunnycore/Llama-3.2-3B-Bespoke-Thought,0.4112621178473118,0.45217398665008424,0.1646525679758308,0.26593959731543626,0.33025,0.31100398936170215
bunnycore/Llama-3.2-3B-Booval,0.6669259786256023,0.45143904014934083,0.1268882175226586,0.26677852348993286,0.3394270833333333,0.30576795212765956
bunnycore/Llama-3.2-3B-Deep-Test,0.17753006467284582,0.29502574011260374,0,0.2516778523489933,0.3646666666666667,0.10488696808510638
bunnycore/Llama-3.2-3B-Della,0.35608297096149333,0.36834936417932634,0.030211480362537766,0.276006711,0.39015625,0.21284906914893617
bunnycore/Llama-3.2-3B-Long-Think,0.5473499204333391,0.4610394542442049,0.14577039274924472,0.2609060402684564,0.33955208333333337,0.30477061170212766
bunnycore/Llama-3.2-3B-Mix-Skill,0.6404229666174639,0.45818358891543803,0.1472809667673716,0.26174496644295303,0.33961458333333333,0.3120844414893617
bunnycore/Llama-3.2-3B-ProdigyPlus,0.40152018865499095,0.4392279045834126,0.11555891238670694,0.2684563758389262,0.35800000000000004,0.28174867021276595
bunnycore/Llama-3.2-3B-ProdigyPlusPlus,0.1645157072124186,0.3689926047041594,0.045317220543806644,0.2533557046979866,0.354125,0.15001662234042554
bunnycore/Llama-3.2-3B-RP-DeepThink,0.7143867161354096,0.45625632795830356,0.1608761329305136,0.26593959731543626,0.33021875,0.32421875
bunnycore/Llama-3.2-3B-RRStock,0.6657269378582162,0.45676937648721455,0.16993957703927492,0.26593959731543626,0.3314270833333333,0.32355385638297873
bunnycore/Llama-3.2-3B-ToxicKod,0.6319299458769398,0.4525429005077621,0.16993957703927492,0.26593959731543626,0.34745833333333337,0.28798204787234044
bunnycore/Llama-3.2-3b-RP-Toxic-Fuse,0.683362367,0.46497242330684924,0.24018126888217523,0.27768456375838924,0.3953645833333333,0.31058843085106386
bunnycore/Maestro-S1k-7B-Sce,0.2522684255553044,0.3104380842714463,0.027945619335347432,0.2609060402684564,0.3768229166666666,0.11702127659574468
bunnycore/Phi-3.5-mini-TitanFusion-0.1,0.5227950726295119,0.5373733988565133,0.11858006042296072,0.3313758389261745,0.4453125,0.3806515957446808
bunnycore/Phi-4-Model-Stock,0.6878837041272712,0.6889699980822082,0.4297583081570997,0.3548657718120805,0.44413541666666667,0.5368184840425532
bunnycore/Phi-4-Model-Stock-v2,0.6375251,0.6824667320746144,0.37537764350453173,0.348993289,0.46617708333333335,0.5330784574468085
bunnycore/Phi-4-Model-Stock-v3,0.5911636679565775,0.6726298549419627,0.4901812688821752,0.28942953020134227,0.41663541666666665,0.5381482712765957
bunnycore/Phi-4-Model-Stock-v4,0.7110145524984818,0.6924302574038697,0.38293051359516617,0.3691275167785235,0.4610625,0.5393949468085106
bunnycore/Phi-4-RP-v0,0.6827129793392643,0.685633603,0.33157099697885195,0.3523489932885906,0.41409375,0.5364029255319149
bunnycore/Phi-4-RR-Shoup,0.6586579165503088,0.6947025970028124,0.49924471299093653,0.337248322,0.44404166666666667,0.5428856382978723
bunnycore/Phi-4-RStock-v0.1,0.7018721436898541,0.6928310064675399,0.3950151057401813,0.3649328859060403,0.45836458333333335,0.5400598404255319
bunnycore/Phi-4-ReasoningRP,0.6736204382150472,0.6922187070022994,0.4569486404833837,0.34395973154362414,0.44909375,0.5420545212765957
bunnycore/Phi-4-Sce-exp-v0.1,0.6595322632836429,0.694317958,0.5030211480362538,0.33557046979865773,0.44407291666666665,0.5423038563829787
bunnycore/Phi-4-Stock-Ex,0.6574588757829227,0.6864461628663387,0.4086102719033233,0.35067114093959734,0.46236458333333336,0.5374833776595744
bunnycore/Phi-4-Stock-RP,0.6399231816025922,0.6859633715492438,0.3413897280966767,0.35822147651006714,0.47147916666666667,0.5316655585106383
bunnycore/Phi-4-Trim-Exp1,0.12192538021338936,0.28516626650940224,0.005287009,0.2550335570469799,0.4176875,0.1146941489361702
bunnycore/Phi-Seek-4-Sce-V1,0.29348462080612775,0.6459114889718743,0.21450151057401812,0.276006711,0.39815625,0.5123005319148937
bunnycore/Qandora-2.5-7B-Creative,0.6803148978044922,0.5541763892398439,0.30589123867069484,0.3104026845637584,0.4211875,0.4479720744680851
bunnycore/QandoraExp-7B,0.7509064836855099,0.5477959748047708,0.4743202416918429,0.3104026845637584,0.43120833333333336,0.4409906914893617
bunnycore/QandoraExp-7B-Persona,0.6246858335882126,0.5558337526959515,0.3104229607250755,0.3145973154362416,0.43715624999999997,0.44074135638297873
bunnycore/QandoraExp-7B-v2,0.5606889719278182,0.5444864824489132,0.47129909365558914,0.3028523489932886,0.40454166666666663,0.390874335
bunnycore/QwQen-3B-LCoT,0.6025290673191577,0.4899306773152123,0.36178247734138974,0.26677852348993286,0.41778125,0.3699301861702128
bunnycore/QwQen-3B-LCoT-R1,0.534160472,0.4798600168403517,0.33534743202416917,0.26174496644295303,0.41384375,0.3723404255319149
bunnycore/Qwen-2.5-7B-Deep-Sky-T1,0.42080457630198986,0.4139878251775055,0.055135952,0.28104026845637586,0.40181249999999996,0.2103557180851064
bunnycore/Qwen-2.5-7B-Deep-Stock-v1,0.5695066867023941,0.5361336083539997,0.26435045317220546,0.27768456375838924,0.4108958333333333,0.40658244680851063
bunnycore/Qwen-2.5-7B-Deep-Stock-v4,0.7752862405085175,0.5452765042799131,0.48942598187311176,0.30033557046979864,0.41269791666666666,0.4341755319148936
bunnycore/Qwen-2.5-7B-Deep-Stock-v5,0.45090471061228654,0.4672461238794705,0.1472809667673716,0.2701342281879195,0.3648229166666667,0.28316156914893614
bunnycore/Qwen-2.5-7B-Exp-Sce,0.76516975,0.5505865059891896,0.3255287009063444,0.2986577181208054,0.44302083333333336,0.42586436170212766
bunnycore/Qwen-2.5-7B-R1-Stock,0.7573261169253137,0.5393363105747148,0.5007552870090635,0.29949664429530204,0.3993645833333333,0.429438165
bunnycore/Qwen-2.5-7B-Stock-Deep-Bespoke,0.5206219497599702,0.49203477801491813,0.18882175226586104,0.28104026845637586,0.4068020833333333,0.3579621010638298
bunnycore/Qwen-2.5-7b-S1k,0.7162351449708995,0.5562750208035135,0.4780966767371601,0.28439597315436244,0.4071458333333333,0.4382480053191489
bunnycore/Qwen2.5-1.5B-Model-Stock,0.18292574812608325,0.2873695911207613,0,0.25922818791946306,0.3674270833333333,0.11003989361702128
bunnycore/Qwen2.5-3B-Model-Stock,0.6380747527671025,0.4712481909242632,0.37990936555891236,0.28859060402684567,0.39415625,0.3249667553191489
bunnycore/Qwen2.5-3B-Model-Stock-v2,0.6490157227268093,0.46774789186946836,0.3867069486404834,0.28691275167785235,0.3914583333333333,0.3269614361702128
bunnycore/Qwen2.5-3B-Model-Stock-v3.1,0.6480915083090644,0.473722298,0.38972809667673713,0.28439597315436244,0.39679166666666665,0.3289561170212766
bunnycore/Qwen2.5-3B-Model-Stock-v3.2,0.6353021095138676,0.4727417689283166,0.37537764350453173,0.2835570469798658,0.39279166666666665,0.3293716755319149
bunnycore/Qwen2.5-3B-Model-Stock-v4.1,0.6380747527671025,0.48202557906199406,0.3768882175226586,0.27936241610738255,0.39409374999999996,0.3386801861702128
bunnycore/Qwen2.5-3B-RP-Mix,0.5720543712903984,0.4894378989397821,0.21525679758308158,0.27348993288590606,0.42844791666666665,0.37275598404255317
bunnycore/Qwen2.5-3B-RP-Thinker,0.589414974,0.4164134011392067,0.33534743202416917,0.26426174496644295,0.3287291666666667,0.3149933510638298
bunnycore/Qwen2.5-3B-RP-Thinker-V2,0.6419965691033125,0.46784408133522204,0.38293051359516617,0.28523489932885904,0.398125,0.3271276595744681
bunnycore/Qwen2.5-7B-CyberRombos,0.751830698,0.5464960546716063,0.4962235649546828,0.30453020134228187,0.41254166666666664,0.4390791223404255
bunnycore/Qwen2.5-7B-Fuse-Exp,0.5468501354184675,0.5108680600425207,0.31419939577039274,0.276006711,0.45728125000000003,0.3308676861702128
bunnycore/Qwen2.5-7B-Instruct-Fusion,0.6962016338869754,0.5491903018724945,0.3406344410876133,0.30453020134228187,0.42971875,0.4467253989361702
bunnycore/Qwen2.5-7B-Instruct-Merge-Stock-v0.1,0.7509064836855099,0.5529431709465797,0.48942598187311176,0.3036912751677852,0.42311458333333335,0.4383311170212766
bunnycore/Qwen2.5-7B-MixStock-Sce-V0.3,0.21197644472222593,0.3479005166788895,0.25755287009063443,0.2575503355704698,0.3713958333333333,0.17794215425531915
bunnycore/Qwen2.5-7B-MixStock-V0.1,0.7673428724672757,0.5479100568012056,0.31722054380664655,0.30033557046979864,0.441625,0.4256150265957447
bunnycore/Qwen2.5-7B-R1-Bespoke-Stock,0.3726445830396681,0.48221362910675625,0.20468277945619334,0.2785234899328859,0.3926354166666666,0.34715757978723405
bunnycore/Qwen2.5-7B-R1-Bespoke-Task,0.3786641666334215,0.41495531490332715,0.1782477341389728,0.2533557046979866,0.3568854166666666,0.2687832446808511
bunnycore/Qwen2.5-7B-RRP-1M,0.7481338404322753,0.54523923,0.324773414,0.3028523489932886,0.44826041666666666,0.4266123670212766
bunnycore/Qwen2.5-7B-RRP-1M-Thinker,0.23081091503876383,0.3481907488085136,0.2719033232628399,0.2575503355704698,0.3767291666666666,0.1768617021276596
bunnycore/Qwen2.5-7B-RRP-ID,0.747259494,0.5479543512061099,0.486404834,0.2827181208053691,0.41796875,0.4387466755319149
bunnycore/Qwen2.5-7B-Sky-R1-Mini,0.23048622100471194,0.3502939195575525,0.029456193,0.28942953020134227,0.3448229166666667,0.12533244680851063
bunnycore/QwenMosaic-7B,0.5819215237791282,0.5564132127895585,0.44410876132930516,0.2609060402684564,0.4163854166666667,0.43101728723404253
bunnycore/Smol-Llama-3.2-3B,0.6678501930433471,0.453881407,0.13821752265861026,0.27684563758389263,0.34600000000000003,0.3228058510638298
bunnycore/SmolLM2-1.7-Persona,0.5465254413844156,0.3623213930905173,0.056646526,0.2634228187919463,0.334125,0.1973902925531915
bunnycore/SmolLM2-1.7B-roleplay-lora,0.5382075116247114,0.3610343412303005,0.052870090634441085,0.2751677852348993,0.33945833333333336,0.19664228723404256
bunnycore/Tulu-3.1-8B-SuperNova,0.8193748143813969,0.5254122754311122,0.24622356495468278,0.30201342281879195,0.3935,0.3813996010638298
byroneverson/Mistral-Small-Instruct-2409-abliterated,0.6970759806203096,0.5237864400325174,0.24773413897280966,0.33305369127516776,0.36971875000000004,0.39228723404255317
byroneverson/Yi-1.5-9B-Chat-16K-abliterated,0.5528453392553979,0.5282050829986801,0.14123867069486404,0.31291946308724833,0.4734375,0.38231382978723405
byroneverson/Yi-1.5-9B-Chat-abliterated,0.5723291976400395,0.5401219363002313,0.1661631419939577,0.29194630872483224,0.43886458333333334,0.3715093085106383
c10x/Q-Pluse,0.11228318638988993,0.2875111436321769,0,0.24664429530201343,0.39381249999999995,0.11353058510638298
c10x/longthinker,0.36087913403103766,0.49274888053364546,0.23187311178247735,0.26426174496644295,0.3909583333333333,0.3527260638297872
carsenk/flippa-v6,0.3439429602344003,0.5046972457053399,0.1404833836858006,0.29278523489932884,0.40887500000000004,0.3667719414893617
carsenk/phi3.5_mini_exp_825_uncensored,0.13641360479084386,0.29647345147918264,0.010574018126888218,0.24916107382550334,0.36441666666666667,0.11751994680851063
cat-searcher/gemma-2-9b-it-sppo-iter-1,0.30147674836101546,0.5971867698707507,0.083081571,0.3447986577181208,0.39266666666666666,0.38538896276595747
cat-searcher/gemma-2-9b-it-sppo-iter-1-evol-1,0.2941827683878775,0.5939369622672414,0.085347432,0.34060402684563756,0.39257291666666666,0.37998670212765956
cckm/tinymistral_950m,0.23952889444451833,0.29694562621388126,0.005287009,0.2600671140939597,0.3553645833333334,0.10962433510638298
cgato/TheSalt-L3-8b-v0.3.2,0.27050337548814923,0.29679653176003074,0.047583082,0.26593959731543626,0.38962499999999994,0.11394614361702128
chargoddard/prometheus-2-llama-3-8b,0.5288900118352637,0.4931144581470071,0.082326284,0.2726510067114094,0.33958333333333335,0.30867686170212766
chujiezheng/Llama-3-Instruct-8B-SimPO-ExPO,0.6433707008515184,0.4764515968840137,0.070241692,0.28691275167785235,0.3920104166666667,0.340093085
chujiezheng/Mistral7B-PairRM-SPPO-ExPO,0.36734863495525205,0.3882191262277366,0.018126888,0.27684563758389263,0.40553124999999995,0.2551529255319149
cjvt/GaMS-1B,0.163541625,0.3074752552734472,0.013595166163141994,0.25838926174496646,0.36841666666666667,0.11486037234042554
cloudyu/Llama-3-70Bx2-MOE,0.5482486469234964,0.6636234572270707,0.2175226586102719,0.3934563758389262,0.48118750000000005,0.5142121010638298
cloudyu/Llama-3.2-3Bx4,0.5068584688626179,0.43321946547659324,0.10725075528700906,0.27768456375838924,0.3495625,0.29853723404255317
cloudyu/Mixtral_11Bx2_MoE_19B,0.3850837998732253,0.5208516020145867,0.067220544,0.2902684563758389,0.4296875,0.33111702127659576
cloudyu/Mixtral_34Bx2_MoE_60B,0.4537770892343427,0.5869701263465353,0.077039275,0.33808724832214765,0.4625208333333333,0.47664561170212766
cloudyu/Mixtral_7Bx2_MoE,0.4480068440626427,0.5159732691655027,0.068731118,0.3053691275167785,0.44729166666666664,0.30435505319148937
cloudyu/S1-Llama-3.2-3Bx4-MoE,0.530214276,0.435789259,0.12009063444108761,0.2936241610738255,0.345625,0.30435505319148937
cloudyu/Yi-34Bx2-MoE-60B-DPO,0.531887614,0.516831448,0.070241692,0.3221476510067114,0.43746875,0.46766954787234044
cluebbers/Llama-3.1-8B-paraphrase-type-generation-apty-ipo,0.1326668794354535,0.3800219303191354,0.024924471299093656,0.2634228187919463,0.43321875,0.2590591755319149
cluebbers/Llama-3.1-8B-paraphrase-type-generation-apty-sigmoid,0.13184240038652995,0.37889016032903705,0.026435045317220542,0.2684563758389262,0.43055208333333334,0.2562333776595745
cluebbers/Llama-3.1-8B-paraphrase-type-generation-etpc,0.12085156274241235,0.3780811415223316,0.019637462235649546,0.2651006711409396,0.43185416666666665,0.25556848404255317
cognitivecomputations/Dolphin3.0-Llama3.1-8B,0.7621222799948582,0.4916366353921198,0.12311178247734139,0.2827181208053691,0.36534375,0.2992021276595745
cognitivecomputations/Dolphin3.0-Llama3.2-1B,0.5427787160290252,0.31222474255909144,0.027945619335347432,0.22986577181208054,0.32488541666666665,0.13754986702127658
cognitivecomputations/Dolphin3.0-Qwen2.5-0.5B,0.4697136930012367,0.31142229157184026,0.051359517,0.2348993288590604,0.35545833333333327,0.14128989361702127
cognitivecomputations/Dolphin3.0-R1-Mistral-24B,0.406816137,0.5359697041031141,0.3119335347432024,0.29446308724832215,0.3951770833333333,0.300531915
cognitivecomputations/dolphin-2.9-llama3-8b,0.38503393218881454,0.49499220166609187,0.057401813,0.28691275167785235,0.43753125,0.277094415
cognitivecomputations/dolphin-2.9.1-llama-3-70b,0.3760167466765959,0.5204919312821467,0.18202416918429004,0.3087248322147651,0.49756249999999996,0.41298204787234044
cognitivecomputations/dolphin-2.9.1-yi-1.5-34b,0.3852588908540451,0.6076225600626862,0.1865558912386707,0.34312080536912754,0.45979166666666665,0.4518783244680851
cognitivecomputations/dolphin-2.9.1-yi-1.5-9b,0.44653297694561545,0.5484314644603556,0.15181268882175228,0.33808724832214765,0.4348020833333333,0.3966921542553192
cognitivecomputations/dolphin-2.9.2-Phi-3-Medium-abliterated,0.36125369574950017,0.612322545,0.12386706948640483,0.32802013422818793,0.4111770833333333,0.4493849734042553
cognitivecomputations/dolphin-2.9.2-qwen2-72b,0.6343778950961227,0.6296364939584073,0.2802114803625378,0.3699664429530201,0.45207291666666666,0.547124335
cognitivecomputations/dolphin-2.9.2-qwen2-7b,0.3534599307614906,0.48938263759195594,0.13444108761329304,0.2902684563758389,0.41914583333333333,0.4050864361702128
cognitivecomputations/dolphin-2.9.3-Yi-1.5-34B-32k,0.3639266036339136,0.6046995537773227,0.16691842900302115,0.34312080536912754,0.43105208333333334,0.4630152925531915
cognitivecomputations/dolphin-2.9.3-mistral-7B-32k,0.4126362495955177,0.48125401481062013,0.05060423,0.28523489932885904,0.4642604166666667,0.2820811170212766
cognitivecomputations/dolphin-2.9.3-mistral-nemo-12b,0.5600894515441251,0.5480369183144175,0.074018127,0.31543624161073824,0.4429895833333333,0.3376828457446808
cognitivecomputations/dolphin-2.9.4-gemma2-2b,0.089551279,0.40813187411055213,0.049093656,0.28439597315436244,0.41796875,0.2105219414893617
cognitivecomputations/dolphin-2.9.4-llama3.1-8b,0.27572396796056686,0.35236263850832567,0.012084592145015106,0.2634228187919463,0.3236145833333333,0.12367021276595745
collaiborateorg/Collaiborator-MEDLLM-Llama-3-8B-v2,0.380887157,0.46480279544898967,0.056646526,0.33305369127516776,0.3434270833333333,0.3480718085106383
cpayne1303/cp2024,0.16581448334862608,0.29853854089245085,0.005287009,0.2558724832214765,0.3383125,0.11012300531914894
cpayne1303/cp2024-instruct,0.17061064641817045,0.2946778102988436,0,0.2600671140939597,0.3686354166666666,0.11668882978723404
cpayne1303/llama-43m-beta,0.19156837191983936,0.29767781029884355,0,0.2684563758389262,0.3871770833333333,0.11319813829787234
cpayne1303/smallcp2024,0.1581958093414363,0.3027047714604053,0.005287009,0.23070469798657717,0.34246874999999993,0.11136968085106383
crestf411/MN-Slush,0.4077148632295642,0.5340014235282594,0.1268882175226586,0.3238255033557047,0.39328125,0.3508144946808511
cstr/llama3.1-8b-spaetzle-v90,0.7356192679867197,0.5302860633332208,0.14954682779456194,0.2827181208053691,0.41343749999999996,0.37308843085106386
cyberagent/calm3-22b-chat,0.509131327,0.4991683247746046,0.069486405,0.27684563758389263,0.45532291666666663,0.29496343085106386
darkc0de/BuddyGlassNeverSleeps,0.4239019135892764,0.49772281653646816,0.062688822,0.29446308724832215,0.3992708333333333,0.34524601063829785
darkc0de/BuddyGlassUncensored2025.2,0.7731131176389756,0.6095411371819216,0.24018126888217523,0.32802013422818793,0.4070833333333333,0.43359375
darkc0de/BuddyGlass_v0.3_Xortron7MethedUpSwitchedUp,0.43584245357872664,0.5243087998656722,0.1283987915407855,0.2986577181208054,0.4143333333333334,0.36727061170212766
databricks/dbrx-instruct,0.5415796752616391,0.5428960796934387,0.068731118,0.3414429530201342,0.42692708333333335,0.36826795212765956
databricks/dolly-v1-6b,0.22244311759464885,0.3172089528774696,0.018882175,0.26426174496644295,0.40041666666666664,0.12657912234042554
databricks/dolly-v2-12b,0.23550734273948679,0.33199731673771277,0.013595166163141994,0.2407718120805369,0.37390625000000005,0.11286569148936171
databricks/dolly-v2-3b,0.22471597583301195,0.30792785961544844,0.015105740181268883,0.2609060402684564,0.33378125,0.11452792553191489
databricks/dolly-v2-7b,0.2009856070781083,0.31730628122070326,0.014350453172205438,0.2684563758389262,0.35530208333333335,0.1149434840425532
davidkim205/Rhea-72b-v0.5,0.014538092261865185,0.30783395929068597,0.17371601208459214,0.2525167785234899,0.42413541666666665,0.11660571808510638
davidkim205/nox-solar-10.7b-v4,0.3753418706809044,0.4814038018918371,0.008308157,0.3070469798657718,0.42984375,0.3332779255319149
deepseek-ai/DeepSeek-R1-Distill-Llama-70B,0.43359397509718656,0.5634962649702303,0.3074018126888218,0.2651006711409396,0.43421875000000004,0.4748171542553192
deepseek-ai/DeepSeek-R1-Distill-Llama-8B,0.37823973723054827,0.323935109,0.21978851963746224,0.2550335570469799,0.32497916666666665,0.20894281914893617
deepseek-ai/DeepSeek-R1-Distill-Qwen-1.5B,0.34634104176917246,0.32409879947333436,0.1691842900302115,0.2558724832214765,0.36345833333333327,0.11868351063829788
deepseek-ai/DeepSeek-R1-Distill-Qwen-14B,0.43816517950150047,0.5905573130283358,0.5702416918429003,0.3875838926174497,0.536625,0.4666722074468085
deepseek-ai/DeepSeek-R1-Distill-Qwen-32B,0.4186314534324481,0.41969150892898055,0.17069486404833836,0.28439597315436244,0.4526041666666667,0.46866688829787234
deepseek-ai/DeepSeek-R1-Distill-Qwen-7B,0.40376866713653103,0.34425676981862185,0.19561933534743203,0.27936241610738255,0.36628124999999995,0.2321309840425532
deepseek-ai/deepseek-llm-67b-chat,0.5587153197959193,0.5243416179742358,0.092900302,0.3162751677852349,0.5058645833333334,0.3943650265957447
deepseek-ai/deepseek-llm-7b-base,0.217871913,0.35030315829299524,0.019637462235649546,0.27348993288590606,0.37378124999999995,0.18060172872340424
deepseek-ai/deepseek-llm-7b-chat,0.4170822307034225,0.3632079760108669,0.020392749,0.26593959731543626,0.46677083333333336,0.21334773936170212
deepseek-ai/deepseek-moe-16b-base,0.2449744455821664,0.3409461055246395,0.024169184,0.25419463087248323,0.36578125,0.1505152925531915
deepseek-ai/deepseek-moe-16b-chat,0.36629919724109805,0.3274953026448241,0.025679758,0.22483221476510068,0.38076041666666666,0.1963929521276596
dfurman/CalmeRys-78B-Orpo-v0.1,0.8163273447785211,0.7262282792249927,0.40634441087613293,0.4001677852348993,0.5901770833333333,0.7012134308510638
dfurman/Llama-3-70B-Orpo-v0.1,0.20490742341431845,0.46552376347015506,0.1578549848942598,0.2575503355704698,0.4534375,0.38929521276595747
dfurman/Llama-3-8B-Orpo-v0.1,0.28351773294857646,0.3842420919898036,0.052114804,0.2609060402684564,0.3566354166666667,0.22980385638297873
dfurman/Qwen2-72B-Orpo-v0.1,0.7879759039348928,0.6969024790545039,0.40558912386706947,0.38422818791946306,0.47842708333333334,0.5454621010638298
dicta-il/dictalm2.0,0.24132745559559746,0.4017869112495909,0.018126888,0.29194630872483224,0.38196874999999997,0.2604720744680851
dicta-il/dictalm2.0-instruct,0.44121264910437635,0.42560784985912875,0.022658610271903322,0.3028523489932886,0.39458333333333334,0.2604720744680851
distilbert/distilgpt2,0.061100103,0.3037988148650536,0.006042296,0.25922818791946306,0.42072916666666665,0.11868351063829788
divyanshukunwar/SASTRI_1_9B,0.4207292206899914,0.4680499051118341,0.11555891238670694,0.3213087248322148,0.3831145833333333,0.3187333776595745
djuna/G2-BigGSHT-27B-2,0.7974430067775724,0.641474454,0.2348942598187311,0.36325503355704697,0.40720833333333334,0.45279255319148937
djuna/G2-GSHT,0.5630116978505919,0.5269730491270207,0.19259818731117825,0.32550335570469796,0.40057291666666667,0.3070146276595745
djuna/Gemma-2-gemmama-9b,0.7703404743857409,0.5420037856495951,0.19259818731117825,0.33557046979865773,0.4031458333333333,0.3109208776595745
djuna/L3.1-ForStHS,0.7813313120298586,0.5202703381267152,0.15030211480362538,0.2911073825503356,0.40264583333333337,0.37350398936170215
djuna/L3.1-Promissum_Mane-8B-Della-1.5-calc,0.7235291249440374,0.5432920704935255,0.16389728096676737,0.3145973154362416,0.42528125,0.390375665
djuna/L3.1-Promissum_Mane-8B-Della-calc,0.544152848,0.548587626,0.18429003021148035,0.29949664429530204,0.4229895833333333,0.3801529255319149
djuna/L3.1-Purosani-2-8B,0.4988153654525548,0.5182122256069372,0.11706948640483383,0.3011744966442953,0.38162499999999994,0.3751662234042553
djuna/L3.1-Suze-Vume-calc,0.7296739318341999,0.516421105,0.11404833836858005,0.28187919463087246,0.38429166666666664,0.35147938829787234
djuna/MN-Chinofun,0.6110220880596817,0.49527033812671534,0.13066465256797583,0.2961409395973154,0.40835416666666663,0.36028922872340424
djuna/MN-Chinofun-12B-2,0.6170671595810228,0.5036959998266032,0.13066465256797583,0.3053691275167785,0.42683333333333334,0.3615359042553192
djuna/MN-Chinofun-12B-3,0.3052744495715812,0.534785746,0.10045317220543806,0.26593959731543626,0.4197916666666666,0.3026097074468085
djuna/MN-Chinofun-12B-4,0.5404305021786637,0.5347693369790583,0.11178247734138973,0.2953020134228188,0.4306770833333333,0.3497340425531915
djuna/Q2.5-Partron-7B,0.7321218810533828,0.5418474850726388,0.4826283987915408,0.2978187919463087,0.41654166666666664,0.4282746010638298
djuna/Q2.5-Veltha-14B,0.8291666112581284,0.64842139,0.4788519637462236,0.35906040268456374,0.41942708333333334,0.5298371010638298
djuna/Q2.5-Veltha-14B-0.5,0.7795826185631901,0.6523026688308357,0.43731117824773413,0.36828859060402686,0.43390625,0.5295046542553191
djuna-test-lab/TEST-L3.2-ReWish-3B,0.6367759766308949,0.449540553,0.13670694864048338,0.2835570469798658,0.37775,0.31258311170212766
djuna-test-lab/TEST-L3.2-ReWish-3B-ties-w-base,0.635252242,0.449540553,0.13670694864048338,0.2835570469798658,0.37775,0.31258311170212766
dnhkng/RYS-Medium,0.4406131287206833,0.6284726872432828,0.10800604229607251,0.32802013422818793,0.40692708333333333,0.4325964095744681
dnhkng/RYS-Llama-3-8B-Instruct,0.6957772044841022,0.4808708123069005,0.068731118,0.2575503355704698,0.33834375,0.355718085
dnhkng/RYS-Llama-3-Huge-Instruct,0.7685917809190725,0.6480872171360044,0.22885196374622357,0.2609060402684564,0.4207604166666667,0.510970745
dnhkng/RYS-Llama-3-Large-Instruct,0.8050616807847621,0.652526907,0.23036253776435045,0.28942953020134227,0.41803125,0.5137134308510638
dnhkng/RYS-Llama-3.1-8B-Instruct,0.7684920455502511,0.5163645317446665,0.13293051359516617,0.2676174496644295,0.3681041666666667,0.36394614361702127
dnhkng/RYS-Llama3.1-Large,0.8492001223420524,0.6899112229777242,0.3504531722054381,0.37416107382550334,0.4553958333333334,0.5248503989361702
dnhkng/RYS-Phi-3-medium-4k-instruct,0.4391392616036561,0.6226313539198264,0.1608761329305136,0.3548657718120805,0.42528125,0.484624335
dnhkng/RYS-XLarge,0.7995662619627034,0.7050033079850099,0.425226586,0.38422818791946306,0.49696875,0.5428025265957447
dnhkng/RYS-XLarge-base,0.7910233735377686,0.7047291858548728,0.37915407854984895,0.37919463087248323,0.4902708333333334,0.5430518617021277
dnhkng/RYS-XLarge2,0.49019712141562166,0.6573947106260754,0.27492447129909364,0.37416107382550334,0.4508020833333333,0.5378158244680851
dreamgen/WizardLM-2-7B,0.45829842595424586,0.34867856163972016,0.033232628,0.28691275167785235,0.39409374999999996,0.2660405585106383
dustinwloring1988/Reflexis-8b-chat-v1,0.3657750324694034,0.4663596290293861,0.11555891238670694,0.25419463087248323,0.3753958333333333,0.3384308510638298
dustinwloring1988/Reflexis-8b-chat-v2,0.3912042270065648,0.47238018945807153,0.1163141993957704,0.2701342281879195,0.3526354166666667,0.3377659574468085
dustinwloring1988/Reflexis-8b-chat-v3,0.536733645,0.4658310598309874,0.12235649546827794,0.2424496644295302,0.35117708333333336,0.35480385638297873
dustinwloring1988/Reflexis-8b-chat-v4,0.4697890486132351,0.46860140660011185,0.1027190332326284,0.23406040268456377,0.33930208333333334,0.3390126329787234
dustinwloring1988/Reflexis-8b-chat-v5,0.42375231053604434,0.4781685533183147,0.1216012084592145,0.2709731543624161,0.33536458333333335,0.3217253989361702
dustinwloring1988/Reflexis-8b-chat-v6,0.4938939790866014,0.4809537068664902,0.1299093655589124,0.2625838926174497,0.3753333333333333,0.347905585
dustinwloring1988/Reflexis-8b-chat-v7,0.39804828964924177,0.4809830787114964,0.16314199395770393,0.26174496644295303,0.32215625,0.3642785904255319
duyhv1411/Llama-3.2-1B-en-vi,0.4788317220530415,0.329090873,0.028700906344410877,0.27684563758389263,0.3197083333333333,0.13414228723404256
duyhv1411/Llama-3.2-3B-en-vi,0.4852014876084345,0.3271639320986486,0.022658610271903322,0.2751677852348993,0.3210104166666667,0.13588763297872342
dwikitheduck/gemma-2-2b-id,0.38785644312646006,0.39621721241423097,0.045317220543806644,0.29949664429530204,0.41542708333333334,0.21733710106382978
dwikitheduck/gemma-2-2b-id-inst,0.38785644312646006,0.39621721241423097,0.045317220543806644,0.29949664429530204,0.41542708333333334,0.21733710106382978
dwikitheduck/gemma-2-2b-id-instruct,0.38785644312646006,0.39621721241423097,0.045317220543806644,0.29949664429530204,0.41542708333333334,0.21733710106382978
dwikitheduck/gen-inst-1,0.7750114141588762,0.6419926671215591,0.4554380664652568,0.3716442953020134,0.42054166666666665,0.5088929521276596
dwikitheduck/gen-try1,0.7522052598217175,0.6358510933470735,0.41012084592145015,0.3414429530201342,0.4415625,0.5110538563829787
dwikitheduck/gen-try1-notemp,0.26270961050013963,0.626267088,0.31797583081570996,0.3540268456375839,0.47141666666666665,0.5210272606382979
dzakwan/dzakwan-MoE-4x7b-Beta,0.44426011870725235,0.514044131,0.077794562,0.2860738255033557,0.42673958333333334,0.3107546542553192
ehristoforu/Falcon3-8B-Franken-Basestruct,0.17148499315150467,0.5462828074770284,0,0.34060402684563756,0.3554895833333333,0.3946974734042553
ehristoforu/Falcon3-MoE-2x7B-Insruct,0.7642954028643998,0.564789642,0.4123867069486405,0.31208053691275167,0.4840416666666667,0.40949135638297873
ehristoforu/Gemma2-9B-it-psy10k-mental_health,0.5886658510529839,0.5539376944027642,0.16314199395770393,0.337248322,0.40860416666666666,0.38289561170212766
ehristoforu/Gemma2-9b-it-train6,0.7025215317579578,0.5898092579133603,0.19108761329305135,0.3288590604026846,0.40841666666666665,0.39419880319148937
ehristoforu/HappyLlama1,0.7362686560548235,0.49957323097428485,0.14274924471299094,0.2835570469798658,0.42868749999999994,0.35455452127659576
ehristoforu/QwenQwen2.5-7B-IT,0.751830698,0.5397962708415814,0.5090634441087614,0.3036912751677852,0.4033645833333333,0.4289394946808511
ehristoforu/QwenQwen2.5-7B-IT-Dare,0.7509064836855099,0.5397962708415814,0.5090634441087614,0.3036912751677852,0.4033645833333333,0.4289394946808511
ehristoforu/RQwen-v0.1,0.7624968417133207,0.6446435015804635,0.4645015105740181,0.32550335570469796,0.41390625,0.5201961436170213
ehristoforu/RQwen-v0.2,0.7503568309862276,0.6426888858891955,0.3270392749244713,0.337248322,0.4206666666666667,0.515874335
ehristoforu/SoRu-0009,0.25818827378023645,0.3149981683579724,0.021148036253776436,0.2609060402684564,0.3369479166666667,0.12391954787234043
ehristoforu/coolqwen-3b-it,0.6472670292601409,0.485089344,0.36706948640483383,0.2827181208053691,0.41251041666666666,0.3601230053191489
ehristoforu/della-70b-test-v1,0.49786566310722213,0.3029452113782393,0.009818731,0.2525167785234899,0.45545833333333335,0.1574966755319149
ehristoforu/falcon3-ultraset,0.7135123694020753,0.5583684420918801,0.2122356495468278,0.33221476510067116,0.48531250000000004,0.398188165
ehristoforu/fd-lora-merged-16x32,0.3480897352358409,0.3307564619842368,0.17069486404833836,0.2533557046979866,0.35142708333333333,0.12051196808510638
ehristoforu/fd-lora-merged-64x128,0.3281060918363276,0.33447107385638297,0.18731117824773413,0.2550335570469799,0.3368229166666667,0.15367353723404256
ehristoforu/fp4-14b-it-v1,0.25346746632269046,0.5739715511094247,0.040785498,0.2953020134228188,0.35948958333333336,0.4204621010638298
ehristoforu/fp4-14b-v1-fix,0.6741700909143296,0.6817274121032688,0.4206948640483384,0.3540268456375839,0.4531875,0.5353224734042553
ehristoforu/fq2.5-7b-it-normalize_false,0.7399156460413925,0.551986272,0.4622356495468278,0.30201342281879195,0.46115625,0.44132313829787234
ehristoforu/fq2.5-7b-it-normalize_true,0.7399156460413925,0.551986272,0.4622356495468278,0.30201342281879195,0.46115625,0.44132313829787234
ehristoforu/frqwen2.5-from7b-duable4layers-it,0.7728881589737453,0.5263561044354216,0.4509063444108761,0.2953020134228188,0.4165729166666667,0.4126496010638298
ehristoforu/frqwen2.5-from7b-it,0.6532123654126606,0.5142906815349029,0.29229607250755285,0.2902684563758389,0.4085729166666667,0.3976894946808511
ehristoforu/mllama-3.1-8b-instruct,0.3457913890698901,0.47176616480333583,0.3776435045317221,0.2701342281879195,0.338,0.2533244680851064
ehristoforu/mllama-3.1-8b-it,0.38788193105404767,0.4868027039491969,0.37990936555891236,0.27684563758389263,0.3348645833333333,0.26221742021276595
ehristoforu/moremerge,0.20190982149585324,0.28684447696551024,0,0.2600671140939597,0.35657291666666663,0.10654920212765957
ehristoforu/moremerge-upscaled,0.1978882697908217,0.26977370070980244,0,0.24664429530201343,0.35930208333333336,0.10413896276595745
ehristoforu/phi-4-25b,0.6483663346587056,0.6907778236877188,0.452416918,0.3187919463087248,0.4207916666666667,0.5350731382978723
ehristoforu/qwen2.5-test-32b-it,0.7889499860370484,0.708059329,0.5974320241691843,0.3640939597315436,0.4578125,0.5765458776595744
ehristoforu/qwen2.5-with-lora-think-3b-it,0.5319374814381397,0.4686847308109022,0.236404834,0.2802013422818792,0.43095833333333333,0.3402593085106383
ehristoforu/rmoe-v1,0.26500795666609045,0.29292907133609175,0.001510574,0.25838926174496646,0.36634374999999997,0.1124501329787234
ehristoforu/rufalcon3-3b-it,0.5942111375594533,0.41554222543957625,0.1782477341389728,0.2726510067114094,0.38953124999999994,0.2347905585106383
ehristoforu/ruphi-4b,0.17518185082248433,0.290603366,0,0.23993288590604026,0.35117708333333336,0.11261635638297872
ehristoforu/testq-32b,0.18759668789921852,0.2876549792486152,0.003021148,0.25419463087248323,0.3714583333333333,0.11660571808510638
ehristoforu/tmoe,0.11930234001338672,0.30728601408520645,0.00755287,0.2231543624161074,0.36990624999999994,0.11909906914893617
ehristoforu/tmoe-v2,0.19026959578363187,0.2896740649804915,0.002265861,0.2634228187919463,0.4150833333333333,0.11003989361702128
ehristoforu/trd-7b-it,0.21847143357402804,0.2990238931062931,0.031722054,0.2701342281879195,0.3794270833333333,0.11785239361702128
ehristoforu/ud-14b,0.4235273518708139,0.3323819044961654,0.1903323262839879,0.23741610738255034,0.43942708333333336,0.24152260638297873
elinas/Chronos-Gold-12B-1.0,0.3165656014929277,0.5514664110708439,0.069486405,0.3179530201342282,0.47398958333333335,0.351811835
ell44ot/gemma-2b-def,0.26930433472076315,0.31586532094752634,0.024169184,0.27348993288590606,0.36702083333333335,0.15724734042553193
euclaise/ReMask-3B,0.2419269759792905,0.3516779692917367,0.019637462235649546,0.26677852348993286,0.33409375,0.13572140957446807
eworojoshua/vas-01,0.7612479332615238,0.5417819433732887,0.4735649546827795,0.30956375838926176,0.44323958333333335,0.4347573138297872
ewre324/Thinker-Llama-3.2-3B-Instruct-Reasoning,0.44388555698878973,0.4273125047156003,0.084592145,0.27684563758389263,0.36553125000000003,0.2886469414893617
ewre324/Thinker-Qwen2.5-0.5B-Instruct-Reasoning,0.2476473534665798,0.3292122979013761,0.028700906344410877,0.28523489932885904,0.33821875,0.16472739361702127
ewre324/Thinker-SmolLM2-135M-Instruct-Reasoning,0.25836336476105626,0.3071349750892843,0.009063444,0.2525167785234899,0.366125,0.109375
ewre324/ewre324-R1-SmolLM2-135M-Distill,0.16489026893088118,0.3041695757290421,0.012839879,0.26174496644295303,0.3409166666666667,0.11336436170212766
experiment-llm/exp-3-q-r,0.6035785050333116,0.5397159253811645,0.27870090634441086,0.2936241610738255,0.43154166666666666,0.43159906914893614
facebook/opt-1.3b,0.23832985367713222,0.3093947052760125,0.009063444,0.2424496644295302,0.342,0.11070478723404255
facebook/opt-30b,0.2452991396162183,0.30703447525623373,0.010574018126888218,0.26929530201342283,0.36041666666666666,0.1163563829787234
failspy/Llama-3-8B-Instruct-MopeyMule,0.6750444376476638,0.38387449,0.019637462235649546,0.23909395973154363,0.35130208333333335,0.17644614361702127
failspy/Llama-3-8B-Instruct-abliterated,0.5908888416069362,0.4353752684977051,0.038519637,0.276006711,0.41158333333333336,0.2741855053191489
failspy/Meta-Llama-3-70B-Instruct-abliterated-v3.5,0.7746867201248244,0.574710023,0.1283987915407855,0.29697986577181207,0.39818749999999997,0.44522938829787234
failspy/Meta-Llama-3-8B-Instruct-abliterated-v3,0.7244533393617822,0.4924562150856957,0.09592145,0.26426174496644295,0.36218749999999994,0.3653590425531915
failspy/Phi-3-medium-4k-instruct-abliterated-v3,0.6319299458769398,0.6304799176474429,0.1593655589123867,0.31711409395973156,0.4604166666666667,0.4399933510638298
failspy/llama-3-70B-Instruct-abliterated,0.8023389052159382,0.6464853840398571,0.243202417,0.28942953020134227,0.4127604166666667,0.5145445478723404
fblgit/TheBeagle-v2beta-32B-MGS,0.518074265,0.7032634749563558,0.4947129909365559,0.3825503355704698,0.50075,0.5915059840425532
fblgit/UNA-SimpleSmaug-34b-v1beta,0.45562551806983254,0.5286654104993475,0.071752266,0.31711409395973156,0.4255625,0.4539561170212766
fblgit/UNA-TheBeagle-7b-v1,0.36887237,0.5028691097522866,0.077039275,0.28439597315436244,0.4564375,0.3019448138297872
fblgit/UNA-ThePitbull-21.4B-v2,0.3790387283518841,0.635038821,0.1216012084592145,0.30201342281879195,0.3921666666666666,0.3515625
fblgit/cybertron-v4-qw7B-MGS,0.6263846593704703,0.5591772533435835,0.34894259818731116,0.3104026845637584,0.43709375,0.44730718085106386
fblgit/cybertron-v4-qw7B-UNAMGS,0.6090240561709597,0.5642509108139038,0.3731117824773414,0.3313758389261745,0.4343333333333333,0.4500498670212766
fblgit/juanako-7b-UNA,0.4837276204914073,0.507001146,0.033987915407854986,0.2961409395973154,0.46449999999999997,0.277094415
fblgit/miniclaus-qw1.5B-UNAMGS,0.3348005514257725,0.4238588294007628,0.10876132930513595,0.29194630872483224,0.42934374999999997,0.2937167553191489
fblgit/miniclaus-qw1.5B-UNAMGS-GRPO,0.3518364605912313,0.423443454,0.11027190332326284,0.2978187919463087,0.42543749999999997,0.2945478723404255
fblgit/pancho-v1-qw25-3B-UNAMGS,0.536134124,0.49258278193390775,0.15709969788519637,0.29697986577181207,0.4027395833333333,0.3765791223404255
fblgit/una-cybertron-7b-v2-bf16,0.47371086494944525,0.3973388920486269,0.040785498,0.2978187919463087,0.4473229166666666,0.2442652925531915
fhai50032/RolePlayLake-7B,0.5056594280952318,0.5252170095233862,0.072507553,0.3036912751677852,0.4459270833333333,0.3159906914893617
fhai50032/Unaligned-Thinker-PHI-4,0.056254072527560206,0.6642576780946753,0.33534743202416917,0.3808724832214765,0.4678541666666667,0.5147107712765957
flammenai/Llama3.1-Flammades-70B,0.7058438277104748,0.6659721866694542,0.20921450151057402,0.3540268456375839,0.48705208333333333,0.47523271276595747
flammenai/Mahou-1.2a-llama3-8B,0.50925655,0.5093660540433169,0.083836858,0.28859060402684567,0.38466666666666666,0.38173204787234044
flammenai/Mahou-1.2a-mistral-7B,0.4552010886669592,0.5118111474458115,0.068731118,0.27181208053691275,0.38962500000000005,0.31632313829787234
flammenai/Mahou-1.5-llama3.1-70B,0.7146615424850509,0.6650860641288713,0.20996978851963746,0.3540268456375839,0.4950208333333333,0.47490026595744683
flammenai/Mahou-1.5-mistral-nemo-12B,0.6751441730164851,0.5522361927910235,0.086858006,0.276006711,0.4520416666666667,0.3602061170212766
flammenai/flammen15-gutenberg-DPO-v1-7B,0.47980580415519714,0.5202983979716951,0.076283988,0.28439597315436244,0.4293125,0.3185671542553192
fluently-lm/FluentlyLM-Prinum,0.809033365,0.7143813967889198,0.5400302114803626,0.38674496644295303,0.44714583333333335,0.5807845744680851
fluently-lm/Llama-TI-8B,0.28803906966847964,0.520085504,0.19637462235649547,0.2961409395973154,0.4102708333333333,0.343999335
fluently-lm/Llama-TI-8B-Instruct,0.7716392505219485,0.5252143041749421,0.23036253776435045,0.2953020134228188,0.38134375000000004,0.37258976063829785
fluently-sets/FalconThink3-10B-IT,0.7326216660682544,0.620016982,0.24471299093655588,0.3347315436241611,0.44788541666666665,0.4434840425531915
fluently-sets/reasoning-1-1k-demo,0.7524800861713586,0.6396692351083745,0.4282477341389728,0.33557046979865773,0.4060625,0.4773936170212766
formulae/mita-elite-sce-gen1.1-v1-7b-2-26-2025-exp,0.16139288199754429,0.29763925404210967,0.001510574,0.2533557046979866,0.4219375,0.11735372340425532
formulae/mita-elite-v1.1-7b-2-25-2025,0.1249728498162653,0.28673660666639783,0,0.2483221476510067,0.3487291666666667,0.10979055851063829
formulae/mita-elite-v1.1-gen2-7b-2-25-2025,0.14108454456397912,0.292375183,0,0.2525167785234899,0.35409375000000004,0.11012300531914894
formulae/mita-elite-v1.2-7b-2-26-2025,0.14800396281865452,0.29300480737441686,0.002265861,0.27432885906040266,0.4286666666666667,0.1186003989361702
formulae/mita-gen3-7b-2-26-2025,0.1964144026737944,0.2915705776174771,0.002265861,0.2651006711409396,0.3912083333333333,0.11236702127659574
formulae/mita-gen3-v1.2-7b-2-26-2025,0.2043577707150361,0.305774769,0.002265861,0.25922818791946306,0.38999999999999996,0.11278257978723404
formulae/mita-math-v2.3-2-25-2025,0.13733781920858879,0.2949403673764691,0,0.25083892617449666,0.36975,0.11178523936170212
formulae/mita-v1-7b,0.19723888172271792,0.3003216459152819,0.002265861,0.25,0.41520833333333335,0.1146941489361702
formulae/mita-v1.1-7b-2-24-2025,0.34122018466557624,0.5442430910797442,0.4350453172205438,0.3145973154362416,0.45569791666666665,0.4523769946808511
formulae/mita-v1.2-7b-2-24-2025,0.256415201,0.4919464940215105,0.4879154078549849,0.3062080536912752,0.4343958333333333,0.33585438829787234
frameai/Loxa-4B,0.476483508,0.42171373309002896,0.1095166163141994,0.2835570469798658,0.33765625,0.28016954787234044
freewheelin/free-evo-qwen72b-v0.8-re,0.533086655,0.6127477065378042,0.18051359516616314,0.3565436241610738,0.4871666666666667,0.4870345744680851
freewheelin/free-solar-evo-v0.1,0.20500715878313985,0.4502211109638701,0.008308157,0.2911073825503356,0.4945833333333334,0.3414228723404255
freewheelin/free-solar-evo-v0.11,0.20265894493277836,0.4545155032474882,0.008308157,0.28523489932885904,0.5052187499999999,0.34674202127659576
freewheelin/free-solar-evo-v0.13,0.2320598234905606,0.4554839670962904,0.012084592145015106,0.28859060402684567,0.50515625,0.34699135638297873
fulim/FineLlama-3.1-8B,0.14388267574480157,0.456920742,0.047583082,0.29278523489932884,0.38673958333333336,0.31673869680851063
gabrielmbmb/SmolLM-1.7B-Instruct-IFEval,0.23058595637353335,0.313843378,0.010574018126888218,0.2533557046979866,0.33276041666666667,0.11560837765957446
gaverfraxz/Meta-Llama-3.1-8B-Instruct-HalfAbliterated-DELLA,0.40094615619888563,0.3984844272016949,0.019637462235649546,0.28439597315436244,0.36504166666666665,0.16539228723404256
gaverfraxz/Meta-Llama-3.1-8B-Instruct-HalfAbliterated-TIES,0.45505148561372716,0.5043660783243713,0.1299093655589124,0.26677852348993286,0.37375,0.36785239361702127
gbueno86/Brinebreath-Llama-3.1-70B,0.5532952565858589,0.6880562247706813,0.297583082,0.3464765100671141,0.45406250000000004,0.5196143617021277
gbueno86/Meta-LLama-3-Cat-Smaug-LLama-70b,0.8071849359698933,0.6674314931312052,0.2938066465256798,0.3271812080536913,0.43682291666666667,0.5074800531914894
ghost-x/ghost-8b-beta-1608,0.42727407722620425,0.45165496100352914,0.069486405,0.25838926174496646,0.35158333333333336,0.2839926861702128
glaiveai/Reflection-Llama-3.1-70B,0.5990571683134085,0.5681010035620444,0.2756797583081571,0.3145973154362416,0.43803125000000004,0.6341422872340425
gmonsoon/SahabatAI-Llama-11B-Test,0.33757319467900726,0.4727584153058988,0.030966767371601207,0.28187919463087246,0.40013541666666663,0.3182347074468085
gmonsoon/SahabatAI-MediChatIndo-8B-v1,0.41628323958208663,0.4508834027881236,0.061933534743202415,0.2827181208053691,0.3753958333333333,0.3107546542553192
gmonsoon/SahabatAI-Rebase-8B-Test,0.5156263159527831,0.52296055,0.1148036253776435,0.287751678,0.41328125,0.3663563829787234
gmonsoon/StockSeaLLMs-7B-v1,0.4599218961245052,0.5271087932535433,0.19637462235649547,0.3028523489932886,0.421375,0.39519614361702127
gmonsoon/gemma2-9b-sahabatai-v1-instruct-BaseTIES,0.7377923908562614,0.6077244532441547,0.19939577039274925,0.32046979865771813,0.47780208333333335,0.43467420212765956
godlikehhd/alpaca_data_full_2,0.31781450994472443,0.4216953430035033,0.092900302,0.2978187919463087,0.40515625000000005,0.285405585
godlikehhd/alpaca_data_full_3B,0.36957162550920447,0.46841893776834337,0.1336858006042296,0.27768456375838924,0.4954791666666667,0.335688165
godlikehhd/alpaca_data_ifd_max_2600,0.3042504997850149,0.40285133876405865,0.098942598,0.3028523489932886,0.3508645833333333,0.29163896276595747
godlikehhd/alpaca_data_ifd_max_2600_3B,0.298155561,0.4626377955326701,0.1593655589123867,0.2726510067114094,0.43455208333333334,0.32878989361702127
godlikehhd/alpaca_data_ifd_me_max_5200,0.36832271705740766,0.4153453015610935,0.097432024,0.2911073825503356,0.3482604166666667,0.29820478723404253
godlikehhd/alpaca_data_ifd_min_2600,0.3749673089624419,0.4219047173013076,0.096676737,0.29194630872483224,0.36562500000000003,0.289311835
godlikehhd/alpaca_data_ins_ans_max_5200,0.34786477657061043,0.40982060224148426,0.1027190332326284,0.2911073825503356,0.3601666666666667,0.2900598404255319
godlikehhd/alpaca_data_ins_max_5200,0.32750657145263457,0.41550742328078477,0.099697885,0.2961409395973154,0.361375,0.2915558510638298
godlikehhd/alpaca_data_ins_min_2600,0.33300199027469335,0.41873469888886056,0.11102719033232629,0.2978187919463087,0.38534375000000004,0.28798204787234044
godlikehhd/alpaca_data_ins_min_5200,0.3359995921931586,0.4289279419241076,0.10347432024169184,0.28691275167785235,0.39055208333333336,0.29488031914893614
godlikehhd/alpaca_data_sampled_ifd_5200,0.2923853154075631,0.4032969715626326,0.12537764350453173,0.3087248322147651,0.3520729166666667,0.2896442819148936
godlikehhd/alpaca_data_sampled_ifd_new_5200,0.36632468516868577,0.4177831234050982,0.094410876,0.2936241610738255,0.36125,0.29247007978723405
godlikehhd/alpaca_data_score_max_0.1_2600,0.3287554799044313,0.42522607952607777,0.098942598,0.2911073825503356,0.37064583333333334,0.29230385638297873
godlikehhd/alpaca_data_score_max_0.3_2600,0.33752332699459653,0.4151448369012765,0.10347432024169184,0.28942953020134227,0.37594791666666666,0.29130651595744683
godlikehhd/alpaca_data_score_max_0.7_2600,0.3639764713183243,0.41845266250678703,0.10725075528700906,0.3036912751677852,0.3468645833333333,0.2982878989361702
godlikehhd/alpaca_data_score_max_2500,0.3563577973111345,0.41801375075895447,0.095166163,0.2953020134228188,0.36270833333333335,0.2939660904255319
godlikehhd/alpaca_data_score_max_2600_3B,0.33577463352792813,0.4716306839273412,0.15483383685800603,0.2651006711409396,0.44744791666666667,0.3341921542553192
godlikehhd/alpaca_data_score_max_5200,0.34454248061809334,0.42417102847687554,0.097432024,0.2978187919463087,0.3877916666666667,0.29446476063829785
godlikehhd/ifd_2500_qwen,0.33647388928044253,0.42983047351897224,0.098187311,0.2953020134228188,0.36146875,0.2921376329787234
godlikehhd/ifd_new_correct_all_sample_2500_qwen,0.33757319467900726,0.4019641175400575,0.09592145,0.2902684563758389,0.3561666666666667,0.2888962765957447
godlikehhd/ifd_new_correct_sample_2500_qwen,0.33974631754854895,0.41103125849665423,0.1042296072507553,0.3078859060402685,0.3626770833333333,0.293218085
godlikehhd/ifd_new_qwen_2500,0.323959317,0.41598162527775745,0.11178247734138973,0.30033557046979864,0.3589583333333333,0.29105718085106386
godlikehhd/qwen-2.5-1.5b-cherry,0.28933784580468713,0.40357573315752204,0.10196374622356495,0.30033557046979864,0.345625,0.29230385638297873
godlikehhd/qwen_2.5-1.5b-cherry_new,0.3120442647730245,0.4149628386006759,0.096676737,0.2978187919463087,0.34959375,0.28939494680851063
godlikehhd/qwen_full_data_alpaca,0.3136178672588731,0.4229212208733662,0.092145015,0.29278523489932884,0.40515625000000005,0.28507313829787234
godlikehhd/qwen_ins_ans_2500,0.2698041197356348,0.4073950292977672,0.11404833836858005,0.29194630872483224,0.3588645833333333,0.28091755319148937
google/codegemma-1.1-2b,0.22936253584932426,0.3353417790248454,0.012839879,0.2651006711409396,0.3871458333333333,0.1278257978723404
google/flan-t5-base,0.18907055501624578,0.3525980599300322,0.010574018126888218,0.23825503355704697,0.36711458333333336,0.13572140957446807
google/flan-t5-large,0.22009490374428736,0.41531150356794316,0.014350453172205438,0.25083892617449666,0.40832291666666665,0.17087765957446807
google/flan-t5-small,0.1524255641697363,0.3282901097640842,0.00755287,0.2609060402684564,0.41229166666666667,0.1233377659574468
google/flan-t5-xl,0.22374189373085634,0.45310636062112314,0.00755287,0.2525167785234899,0.41809375,0.21467752659574468
google/flan-t5-xxl,0.2200450360598767,0.5065888015776924,0.010574018126888218,0.2701342281879195,0.42175,0.23429188829787234
google/flan-ul2,0.23925406809487715,0.5053738049125648,0.009063444,0.287751678,0.3843541666666666,0.24933510638297873
google/gemma-1.1-2b-it,0.30674831668860847,0.3184634974814922,0.018126888,0.26929530201342283,0.33939583333333334,0.14835438829787234
google/gemma-1.1-7b-it,0.5039107346285633,0.3935297962833251,0.049093656,0.2936241610738255,0.42302083333333335,0.2583942819148936
google/gemma-2-27b,0.24752213017017072,0.5642908317482057,0.1661631419939577,0.35067114093959734,0.43963541666666667,0.4370844414893617
google/gemma-2-27b-it,0.7977677008116243,0.6451387433168799,0.23867069486404835,0.375,0.40330208333333334,0.4451462765957447
google/gemma-2-2b,0.19931226922343825,0.3655966996422591,0.028700906344410877,0.2625838926174497,0.4231770833333333,0.21800199468085107
google/gemma-2-2b-it,0.5668337788179807,0.41992308914274706,0.000755287,0.27432885906040266,0.39288541666666665,0.25498670212765956
google/gemma-2-2b-jpn-it,0.5077826832803628,0.42255698900658106,0.034743202,0.28523489932885904,0.39638541666666666,0.2578125
google/gemma-2-9b,0.20398320899657355,0.5377373397621884,0.13444108761329304,0.3288590604026846,0.4461145833333333,0.4103224734042553
google/gemma-2-9b-it,0.7435626360279614,0.5990342504164132,0.19486404833836857,0.36073825503355705,0.4072708333333333,0.3875498670212766
google/gemma-2b,0.20375825033134307,0.33656381705857935,0.030211480362537766,0.2550335570469799,0.39778125,0.13655252659574468
google/gemma-2b-it,0.26902950837112194,0.31508191988788464,0.020392749,0.2785234899328859,0.334125,0.13530585106382978
google/gemma-7b,0.2659321710838353,0.43615285239286355,0.074018127,0.28691275167785235,0.4062395833333334,0.2947972074468085
google/gemma-7b-it,0.3868324933398937,0.36459012743300967,0.029456193,0.28439597315436244,0.42742708333333335,0.16946476063829788
google/mt5-base,0.1645157072124186,0.28831600228488835,0.009063444,0.23909395973154363,0.36720833333333336,0.10696476063829788
google/mt5-small,0.17180968718555653,0.2765842029929075,0,0.2424496644295302,0.38575,0.11228390957446809
google/mt5-xl,0.19596448534333347,0.304735837,0,0.26426174496644295,0.3795208333333333,0.11195146276595745
google/mt5-xxl,0.23575668116154028,0.2959344159116905,0,0.24161073825503357,0.36894791666666665,0.10887632978723404
google/recurrentgemma-2b,0.3017028151970106,0.31973582830084474,0.020392749,0.24580536912751677,0.3445729166666667,0.11760305851063829
google/recurrentgemma-2b-it,0.2949329999955673,0.33300047272606553,0.019637462235649546,0.2533557046979866,0.3340625,0.1402094414893617
google/recurrentgemma-9b,0.31159434744256354,0.39562568669428394,0.066465257,0.28523489932885904,0.3802604166666667,0.2604720744680851
google/recurrentgemma-9b-it,0.5010383560065071,0.4367189649027647,0.066465257,0.2701342281879195,0.43790625,0.2843251329787234
google/switch-base-8,0.15852050337548815,0.28763132730669333,0,0.25,0.35173958333333327,0.10979055851063829
goulue5/merging_LLM,0.32326006108237254,0.4216498611590102,0.096676737,0.2911073825503356,0.43328125,0.29579454787234044
gpt2,0.1934168007553292,0.3036385401516729,0.003021148,0.2600671140939597,0.43241666666666667,0.1149434840425532
gradientai/Llama-3-8B-Instruct-Gradient-1048k,0.4455588948434598,0.4345903107069573,0.053625378,0.27768456375838924,0.42975,0.29404920212765956
grimjim/DeepSauerHuatuoSkywork-R1-o1-Llama-3.1-8B,0.4797060687863757,0.5269400362212973,0.22205438066465258,0.33808724832214765,0.44078124999999996,0.3956948138297872
grimjim/Gigantes-v1-gemma2-9b-it,0.692454909,0.597792553,0.21450151057401812,0.35318791946308725,0.45547916666666666,0.42253989361702127
grimjim/Gigantes-v2-gemma2-9b-it,0.7350696152874374,0.5986559388303995,0.20166163141993956,0.35151006711409394,0.45947916666666666,0.4259474734042553
grimjim/Gigantes-v3-gemma2-9b-it,0.697625633,0.5983513792324827,0.20996978851963746,0.3565436241610738,0.4608125,0.4226230053191489
grimjim/HuatuoSkywork-o1-Llama-3.1-8B,0.3961499931293413,0.48863582396592203,0.38821752265861026,0.29278523489932884,0.38385416666666666,0.30950797872340424
grimjim/Llama-3-Instruct-8B-SPPO-Iter3-SimPO-merge,0.42712447417297217,0.4961694535006833,0.099697885,0.2902684563758389,0.40432291666666664,0.3625332446808511
grimjim/Llama-3-Instruct-8B-SimPO-SPPO-Iter3-merge,0.6805897241541332,0.5021734091176594,0.089123867,0.2625838926174497,0.38851041666666664,0.3684341755319149
grimjim/Llama-3.1-8B-Instruct-abliterated_via_adapter,0.48695018107510296,0.510526565,0.13972809667673716,0.313758389,0.40103125,0.3651097074468085
grimjim/Llama-3.1-Bonsaikraft-8B-Instruct,0.42500121898784116,0.5286855891530357,0.13141993957703926,0.3036912751677852,0.4235104166666667,0.3764128989361702
grimjim/Llama-Nephilim-Metamorphosis-v2-8B,0.4544519652300341,0.5013477378974034,0.13972809667673716,0.32298657718120805,0.40909375000000003,0.38090093085106386
grimjim/Llama3.1-SuperNovaLite-HuatuoSkywork-o1-8B,0.43659157701565177,0.5287189378780882,0.30060422960725075,0.311241611,0.3998541666666666,0.3683510638297872
grimjim/Magnolia-v1-Gemma2-8k-9B,0.35308536904302806,0.5589031767575711,0.16842900302114805,0.33640939597315433,0.46446875,0.4242021276595745
grimjim/Magnolia-v2-12B,0.3506119318962575,0.5290279354217235,0.12915407854984895,0.3187919463087248,0.41712499999999997,0.3601230053191489
grimjim/Magnolia-v2-Gemma2-8k-9B,0.7384417789243651,0.6015773428405322,0.2280966767371601,0.3573825503355705,0.44884375,0.4331781914893617
grimjim/Magnolia-v3-12B,0.39649906692021614,0.5326669270363916,0.1351963746223565,0.32550335570469796,0.4183958333333333,0.3615359042553192
grimjim/Magnolia-v3-Gemma2-8k-9B,0.7378422585406721,0.6015406636327695,0.23187311178247735,0.3565436241610738,0.4488125,0.43367686170212766
grimjim/Magnolia-v4-12B,0.34179421712168156,0.5430894084668724,0.13141993957703926,0.32802013422818793,0.42112499999999997,0.3671875
grimjim/Magnolia-v5a-12B,0.41136185321613317,0.5311764105029141,0.13746223564954682,0.3221476510067114,0.4144895833333333,0.3601230053191489
grimjim/Magot-v1-Gemma2-8k-9B,0.29967818720993633,0.6019447732218105,0.098942598,0.3464765100671141,0.44884375,0.43367686170212766
grimjim/Magot-v2-Gemma2-8k-9B,0.7347449212533854,0.5896713649821103,0.20166163141993956,0.3540268456375839,0.4343958333333333,0.4222905585106383
grimjim/SauerHuatuoSkywork-o1-Llama-3.1-8B,0.5219462138237654,0.5222077363554879,0.1729607250755287,0.3213087248322148,0.45268749999999996,0.39910239361702127
grimjim/llama-3-Nephilim-v1-8B,0.4277239945566652,0.5131817939007638,0.090634441,0.30201342281879195,0.41362499999999996,0.37957114361702127
grimjim/llama-3-Nephilim-v2-8B,0.39222817679313116,0.5048214936442625,0.10649546827794562,0.29949664429530204,0.3895,0.3641123670212766
grimjim/llama-3-Nephilim-v2.1-8B,0.38950540122430705,0.5095042703104161,0.099697885,0.29949664429530204,0.3935,0.3644448138297872
grimjim/llama-3-Nephilim-v3-8B,0.4173825449806513,0.5012671264428366,0.095166163,0.2953020134228188,0.3989270833333334,0.3612034574468085
gupta-tanish/llama-7b-dpo-baseline,0.26930433472076315,0.3896894398264714,0.019637462235649546,0.2625838926174497,0.445625,0.20279255319148937
gz987/qwen2.5-7b-cabs-v0.1,0.7505817896514582,0.5481580818735207,0.479607251,0.313758389,0.437625,0.4405751329787234
gz987/qwen2.5-7b-cabs-v0.2,0.7417640748768822,0.5516262466675281,0.4901812688821752,0.3070469798657718,0.44286458333333334,0.43974401595744683
gz987/qwen2.5-7b-cabs-v0.3,0.7569515552068511,0.5494465314719504,0.493202417,0.3070469798657718,0.44295833333333334,0.4401595744680851
gz987/qwen2.5-7b-cabs-v0.4,0.7582503313430586,0.5524401094760039,0.48489425981873113,0.30788590604026844,0.44295833333333334,0.4395777925531915
h2oai/h2o-danube-1.8b-chat,0.2198699450790569,0.3219657593234448,0.013595166163141994,0.25419463087248323,0.3988645833333333,0.13139960106382978
h2oai/h2o-danube3-4b-base,0.23380851695722904,0.3599083951265592,0.022658610271903322,0.2911073825503356,0.37781250000000005,0.2109375
h2oai/h2o-danube3-4b-chat,0.3628771659197596,0.3466170643135169,0.040785498,0.2600671140939597,0.378125,0.22282247340425532
h2oai/h2o-danube3-500m-chat,0.2207941594968018,0.3034691168308313,0.016616314,0.23070469798657717,0.34339583333333334,0.11436170212765957
h2oai/h2o-danube3.1-4b-chat,0.5021121734774842,0.3608421638178268,0.033232628,0.28523489932885904,0.41015625,0.2718583776595745
haoranxu/ALMA-13B-R,0.003921816,0.345656261,0.017371601208459216,0.2575503355704698,0.35279166666666667,0.18168218085106383
haoranxu/Llama-3-Instruct-8B-CPO-SimPO,0.7046447869430887,0.5048301774821616,0.1027190332326284,0.29278523489932884,0.3566666666666667,0.3686003989361702
haoranxu/Llama-3-Instruct-8B-SimPO,0.7347449212533854,0.49792360151415016,0.087613293,0.2902684563758389,0.35660416666666667,0.37333776595744683
hatemmahmoud/qwen2.5-1.5b-sft-raft-grpo-hra-doc,0.41958004760701606,0.4269926809768501,0.2175226586102719,0.2676174496644295,0.36097916666666663,0.277593085
hon9kon9ize/CantoneseLLMChat-v0.5,0.3230849701015528,0.43452388803059244,0.041540785,0.27768456375838924,0.4706458333333334,0.2504155585106383
hon9kon9ize/CantoneseLLMChat-v1.0-7B,0.44548353923146145,0.4865734655539633,0.2107250755287009,0.3221476510067114,0.3882916666666667,0.3784906914893617
hongbai12/li-0.4-pre,0.5199725616918665,0.6298274927108823,0.49244712990936557,0.32298657718120805,0.4513020833333334,0.5014960106382979
hotmailuser/Deepseek-qwen-modelstock-2B,0.21487431127186973,0.3549242330959277,0.33987915407854985,0.2802013422818792,0.34745833333333337,0.19107380319148937
hotmailuser/Falcon3Slerp1-10B,0.5694069513335727,0.616984966,0.2598187311178248,0.34395973154362414,0.43176041666666665,0.4401595744680851
hotmailuser/Falcon3Slerp2-10B,0.6117966994241945,0.6164263500746402,0.23187311178247735,0.33808724832214765,0.4095625,0.4369182180851064
hotmailuser/Falcon3Slerp4-10B,0.6072254950198805,0.611433776,0.22885196374622357,0.3288590604026846,0.40175,0.4387466755319149
hotmailuser/FalconSlerp-3B,0.5694568190179834,0.46239111387485293,0.17598187311178248,0.287751678,0.3989270833333333,0.29679188829787234
hotmailuser/FalconSlerp1-7B,0.5394564200765082,0.5354677787663963,0.23791540785498488,0.3196308724832215,0.44525,0.4128989361702128
hotmailuser/FalconSlerp2-7B,0.6160432097944565,0.5537805428914538,0.2983383685800604,0.3196308724832215,0.44788541666666665,0.4140625
hotmailuser/FalconSlerp3-10B,0.6001564737119731,0.6060288025434474,0.22734138972809667,0.33557046979865773,0.4030833333333333,0.4323470744680851
hotmailuser/FalconSlerp3-7B,0.6096235765546527,0.5532966528909408,0.3157099697885196,0.3187919463087248,0.45067708333333334,0.41273271276595747
hotmailuser/FalconSlerp4-7B,0.6284580468711907,0.5523506352993854,0.2212990936555891,0.33221476510067116,0.4585208333333333,0.4031748670212766
hotmailuser/FalconSlerp6-7B,0.6026542906155667,0.5383801786207648,0.20468277945619334,0.3179530201342282,0.44921875,0.39951795212765956
hotmailuser/Gemma2Crono-27B,0.7086164709637096,0.6505341690680219,0.24244712990936557,0.37080536912751677,0.45668749999999997,0.4632646276595745
hotmailuser/Gemma2SimPO-27B,0.7222303488078299,0.6413158976157102,0.28172205438066467,0.35822147651006714,0.44465625,0.46417885638297873
hotmailuser/Gemma2atlas-27B,0.7213560020744957,0.6544960921220462,0.21450151057401812,0.35570469798657717,0.44453125000000004,0.4749833776595745
hotmailuser/Gemma2magnum-27b,0.5050599077115387,0.6199590493843724,0.22054380664652568,0.3850671140939597,0.47234375,0.45960771276595747
hotmailuser/Llama-Hermes-slerp-8B,0.3390470617960345,0.5310290010444968,0.080060423,0.2936241610738255,0.4077916666666667,0.33311170212765956
hotmailuser/Llama-Hermes-slerp2-8B,0.3728440537773109,0.5265283171967207,0.097432024,0.2961409395973154,0.42481250000000004,0.33793218085106386
hotmailuser/LlamaStock-8B,0.4249513513034304,0.5328942883826541,0.16993957703927492,0.3271812080536913,0.41293749999999996,0.3806515957446808
hotmailuser/Mistral-modelstock-24B,0.3424192254329623,0.645229041,0.13066465256797583,0.41023489932885904,0.4590416666666666,0.5069813829787234
hotmailuser/Mistral-modelstock2-24B,0.43184528163051816,0.6689381929188762,0.24018126888217523,0.3926174496644295,0.46161458333333333,0.5318317819148937
hotmailuser/Phi4-Slerp4-14B,0.062948532,0.6731037909447855,0.3474320241691843,0.39681208053691275,0.5097395833333334,0.5277593085106383
hotmailuser/Qwen2.5-HomerSlerp-7B,0.44878145542715553,0.5632506117591088,0.33157099697885195,0.313758389,0.4383333333333333,0.4548703457446808
hotmailuser/QwenModelStock-1.8B,0.3263075306852484,0.41881762650909504,0.098942598,0.28691275167785235,0.4359166666666667,0.2958776595744681
hotmailuser/QwenSlerp-14B,0.7024716640735471,0.6491286917834284,0.38368580060422963,0.3875838926174497,0.4634479166666667,0.5399767287234043
hotmailuser/QwenSlerp-3B,0.4333690164319561,0.4892345530653528,0.27492447129909364,0.29446308724832215,0.43166666666666664,0.3693484042553192
hotmailuser/QwenSlerp-7B,0.4672912317096415,0.5636352508232924,0.34441087613293053,0.3179530201342282,0.4409375,0.45088098404255317
hotmailuser/QwenSlerp2-14B,0.7036707048409332,0.6492799322983842,0.39652567975830816,0.3808724832214765,0.48065625,0.5378989361702128
hotmailuser/QwenSlerp2-3B,0.4280486885907171,0.4801760257099328,0.26057401812688824,0.29697986577181207,0.4251875,0.3741688829787234
hotmailuser/QwenSlerp3-14B,0.6632291209546226,0.6266526215170748,0.43051359516616317,0.36661073825503354,0.48078125,0.5262632978723404
hotmailuser/QwenSparse-7B,0.10858632871891026,0.28956619468137906,0.010574018126888218,0.2600671140939597,0.35622916666666665,0.11220079787234043
hotmailuser/QwenStock-0.5B,0.20490742341431845,0.2911778102988436,0,0.2600671140939597,0.35753125,0.11668882978723404
hotmailuser/QwenStock-1.7B,0.32141163224688274,0.4187550547805281,0.099697885,0.287751678,0.44121875,0.2954621010638298
hotmailuser/QwenStock1-14B,0.6693240601603745,0.6502248812491821,0.37009063444108764,0.3859060402684564,0.47811458333333334,0.5416389627659575
hotmailuser/RombosBeagle-v2beta-MGS-32B,0.5156761836371937,0.7037350002757341,0.49924471299093653,0.3800335570469799,0.5020833333333333,0.5907579787234043
huggyllama/llama-13b,0.24105262924595627,0.39878925581174585,0.020392749,0.2550335570469799,0.34621875,0.19522938829787234
huggyllama/llama-65b,0.25259311958935626,0.4702556052882764,0.030966767371601207,0.276006711,0.35945833333333327,0.3077626329787234
huggyllama/llama-7b,0.25009530268576263,0.32773134782898566,0.008308157,0.2525167785234899,0.33539583333333334,0.13131648936170212
huihui-ai/DeepSeek-R1-Distill-Qwen-14B-abliterated-v2,0.42112927033604175,0.34869240677927044,0.22054380664652568,0.276006711,0.47006250000000005,0.19148936170212766
huihui-ai/QwQ-32B-Coder-Fusion-7030,0.38650779930584184,0.6177864730931621,0.2794561933534743,0.28439597315436244,0.39222916666666663,0.4367519946808511
huihui-ai/QwQ-32B-Coder-Fusion-8020,0.6020547702318737,0.6664531829718748,0.459214502,0.3548657718120805,0.42934374999999997,0.5367353723404256
huihui-ai/QwQ-32B-Coder-Fusion-9010,0.5778246164620984,0.6727405551499568,0.5317220543806647,0.3615771812080537,0.4681979166666667,0.5600066489361702
huihui-ai/Qwen2.5-14B-Instruct-abliterated-v2,0.8327637335602867,0.6323822447052897,0.5302114803625377,0.3338926174496644,0.42196875,0.49617686170212766
huihui-ai/Qwen2.5-72B-Instruct-abliterated,0.8592667455684251,0.7189881596250237,0.6012084592145015,0.3951342281879195,0.4232708333333333,0.5536901595744681
huihui-ai/Qwen2.5-7B-Instruct-abliterated,0.7546033413564897,0.5261589972829911,0.45770392749244715,0.31543624161073824,0.39666666666666667,0.41796875
huihui-ai/Qwen2.5-7B-Instruct-abliterated-v2,0.7606484128778308,0.5376688442794247,0.4637462235649547,0.3087248322147651,0.3980625,0.42079454787234044
huu-ontocord/wide_3b_orpo_stage1.1-ss1-orpo3,0.15052726764983576,0.2936618285636837,0.009818731,0.25838926174496646,0.36178125,0.11643949468085106
iFaz/llama31_8B_en_emo_v4,0.3042504997850149,0.49155384618761383,0.08836858,0.29697986577181207,0.3642916666666667,0.3048537234042553
iFaz/llama32_1B_en_emo_v1,0.44083808738591385,0.33802631394113886,0.03776435,0.25,0.34888541666666667,0.17611369680851063
iFaz/llama32_3B_en_emo_1000_stp,0.7295243287809678,0.45218477635502685,0.14652567975830816,0.27768456375838924,0.3620625,0.3123337765957447
iFaz/llama32_3B_en_emo_2000_stp,0.7368681764385165,0.45345889848516396,0.15332326283987915,0.2835570469798658,0.35269791666666667,0.3097573138297872
iFaz/llama32_3B_en_emo_300_stp,0.725552645,0.45045681689917494,0.16012084592145015,0.27432885906040266,0.3620625,0.3148271276595745
iFaz/llama32_3B_en_emo_5000_stp,0.7100404703963262,0.4567949942342784,0.12915407854984895,0.27936241610738255,0.34460416666666666,0.30668218085106386
iFaz/llama32_3B_en_emo_v2,0.5454017562290279,0.4283518305582969,0.10876132930513595,0.2676174496644295,0.34822916666666665,0.3003656914893617
iFaz/llama32_3B_en_emo_v3,0.5759263199421978,0.43013596402782367,0.067975831,0.2676174496644295,0.35527083333333337,0.27102726063829785
iRyanBell/ARC1,0.441112914,0.4902999658144703,0.068731118,0.29446308724832215,0.3990520833333333,0.3371010638297872
iRyanBell/ARC1-II,0.17083560508340093,0.33817781029884353,0.021903323,0.27181208053691275,0.4912916666666667,0.1685505319148936
ibivibiv/colossus_120b,0.42759877126025614,0.6061408586494191,0.056646526,0.3087248322147651,0.4733125,0.3961103723404255
ibivibiv/multimaster-7b-v6,0.4473075883101283,0.519351871,0.055891238670694864,0.3036912751677852,0.43957291666666665,0.30950797872340424
ibm/PowerLM-3b,0.33212764354135915,0.3679456724439114,0.036253776,0.2751677852348993,0.3562916666666667,0.20162898936170212
ibm/merlinite-7b,0.2498703440205322,0.500713261,0.024169184,0.29697986577181207,0.44115624999999997,0.3068484042553192
ibm-granite/granite-3.0-1b-a400m-base,0.24040324117785256,0.3221205531032148,0.026435045317220542,0.24748322147651006,0.3367291666666667,0.11519281914893617
ibm-granite/granite-3.0-1b-a400m-instruct,0.33315159332792543,0.3223950988485842,0.027945619335347432,0.2609060402684564,0.36228124999999994,0.12441821808510638
ibm-granite/granite-3.0-2b-base,0.3873821460391761,0.40474805593806223,0.054380664652567974,0.28020134228187926,0.3434270833333333,0.23811502659574468
ibm-granite/granite-3.0-2b-instruct,0.513977358,0.44119772062630297,0.092145015,0.29949664429530204,0.35148958333333336,0.2814162234042553
ibm-granite/granite-3.0-3b-a800m-base,0.2732261510569733,0.36674974971308566,0.048338369,0.2516778523489933,0.34196875,0.18907912234042554
ibm-granite/granite-3.0-3b-a800m-instruct,0.4298217618142085,0.37527805291733446,0.070241692,0.28104026845637586,0.3486666666666667,0.21517619680851063
ibm-granite/granite-3.0-8b-base,0.4583482936386566,0.4943760637365333,0.10120845921450151,0.32550335570469796,0.40813541666666664,0.3312832446808511
ibm-granite/granite-3.0-8b-instruct,0.5309633993359841,0.5191874631840226,0.1419939577039275,0.33221476510067116,0.3900625,0.34566156914893614
ibm-granite/granite-3.1-1b-a400m-base,0.2519437315212525,0.3298699546506724,0.027190332326283987,0.2516778523489933,0.3500625,0.11394614361702128
ibm-granite/granite-3.1-1b-a400m-instruct,0.46863987553025976,0.3279834385375178,0.045317220543806644,0.23993288590604026,0.33025,0.12167553191489362
ibm-granite/granite-3.1-2b-base,0.35216115462528313,0.4047188028918873,0.056646526,0.27768456375838924,0.3485729166666667,0.22506648936170212
ibm-granite/granite-3.1-2b-instruct,0.628557782,0.44089858558056544,0.15256797583081572,0.28942953020134227,0.3605416666666667,0.28191489361702127
ibm-granite/granite-3.1-3b-a800m-base,0.2996294276962903,0.362822992,0.045317220543806644,0.27768456375838924,0.3275208333333333,0.1792719414893617
ibm-granite/granite-3.1-3b-a800m-instruct,0.5516462984880118,0.4009494521947192,0.11404833836858005,0.28859060402684567,0.3486354166666667,0.21476063829787234
ibm-granite/granite-3.1-8b-base,0.4221033524381973,0.4776956677111636,0.094410876,0.3213087248322148,0.3922291666666667,0.3232214095744681
ibm-granite/granite-3.1-8b-instruct,0.7207564816908026,0.5364460433816018,0.21978851963746224,0.31208053691275167,0.47070833333333334,0.3537234042553192
ibm-granite/granite-3.2-2b-instruct,0.6151688630611223,0.43872707491212865,0.14425981873111782,0.2902684563758389,0.3645729166666667,0.2783410904255319
ibm-granite/granite-3.2-8b-instruct,0.7274509412802475,0.5401759656246116,0.23791540785498488,0.31543624161073824,0.4561979166666667,0.35123005319148937
ibm-granite/granite-7b-base,0.24142719096441884,0.34804372716106186,0.015861027190332326,0.24580536912751677,0.35548958333333336,0.18342752659574468
ibm-granite/granite-7b-instruct,0.2972313461615181,0.37229529603269523,0.020392749,0.28523489932885904,0.40199999999999997,0.2286402925531915
icefog72/Ice0.15-02.10-RP,0.5343355629729118,0.4976384736188401,0.057401813,0.27768456375838924,0.43197916666666664,0.30659906914893614
icefog72/Ice0.16-02.10-RP,0.5069083365470286,0.4945564313654156,0.058912387,0.27936241610738255,0.433375,0.3067652925531915
icefog72/Ice0.17-03.10-RP,0.5123538876846767,0.5006815748225494,0.061178248,0.28187919463087246,0.433375,0.30851063829787234
icefog72/Ice0.27-06.11-RP,0.49182059158588104,0.5111654648230625,0.056646526,0.31208053691275167,0.43278125000000006,0.3154089095744681
icefog72/Ice0.29-06.11-RP,0.486050346,0.5087880173407883,0.056646526,0.3028523489932886,0.4458958333333333,0.30925864361702127
icefog72/Ice0.31-08.11-RP,0.5145768782386291,0.5032134100285419,0.061178248,0.30788590604026844,0.42766666666666664,0.3130817819148936
icefog72/Ice0.32-10.11-RP,0.49154576523623983,0.5047695597611622,0.051359517,0.31208053691275167,0.4382083333333333,0.3100066489361702
icefog72/Ice0.34b-14.11-RP,0.47620868185303883,0.5067195329696937,0.064954683,0.30956375838926176,0.4419895833333333,0.3125
icefog72/Ice0.34n-14.11-RP,0.47865663107222167,0.5091090160356474,0.072507553,0.313758389,0.4379583333333333,0.31241688829787234
icefog72/Ice0.37-18.11-RP,0.4972162750391184,0.5084310833712639,0.064199396,0.31208053691275167,0.43392708333333335,0.3143284574468085
icefog72/Ice0.38-19.11-RP,0.44033830237104216,0.510108216,0.055135952,0.30453020134228187,0.43671875,0.31399601063829785
icefog72/Ice0.39-19.11-RP,0.47565902915375646,0.5092985137525424,0.049848943,0.3104026845637584,0.4341458333333333,0.3126662234042553
icefog72/Ice0.40-20.11-RP,0.4762585495374495,0.509308587,0.064199396,0.3070469798657718,0.44459374999999995,0.30992353723404253
icefog72/Ice0.41-22.11-RP,0.4620451513096362,0.4723318624775949,0.030966767371601207,0.28691275167785235,0.45597916666666666,0.26180186170212766
icefog72/Ice0.50-16.01-RP,0.43848987353555235,0.49804682910006176,0.046827795,0.29949664429530204,0.4380520833333333,0.30693151595744683
icefog72/Ice0.50.1-16.01-RP,0.4829031414424837,0.5107472937598788,0.061178248,0.30956375838926176,0.43274999999999997,0.3132480053191489
icefog72/Ice0.51-16.01-RP,0.4430610779398662,0.5044464794803141,0.051359517,0.30453020134228187,0.44366666666666665,0.30601728723404253
icefog72/Ice0.51.1-16.01-RP,0.4573243438520902,0.5121083021452105,0.064199396,0.3062080536912752,0.43938541666666664,0.3104222074468085
icefog72/Ice0.52-16.01-RP,0.4503051902285935,0.5046775,0.05060423,0.3087248322147651,0.43960416666666663,0.3080119680851064
icefog72/Ice0.52.1-16.01-RP,0.45492626231731803,0.510648342,0.062688822,0.3036912751677852,0.43938541666666664,0.31050531914893614
icefog72/Ice0.53-16.01-RP,0.4741352943523185,0.5101675133484068,0.063444109,0.3087248322147651,0.43274999999999997,0.31299867021276595
icefog72/Ice0.54-17.01-RP,0.4378903531518593,0.4853448809638454,0.040785498,0.30956375838926176,0.48741666666666666,0.23262965425531915
icefog72/Ice0.55-17.01-RP,0.496067102,0.5076567509425027,0.060422961,0.28691275167785235,0.4725,0.2657912234042553
icefog72/Ice0.57-17.01-RP,0.5151763986223221,0.5064080420224116,0.051359517,0.29697986577181207,0.46859375,0.26512632978723405
icefog72/Ice0.60-18.01-RP,0.5374329002601985,0.5093724614980669,0.053625378,0.30453020134228187,0.46704166666666663,0.28366023936170215
icefog72/Ice0.60.1-18.01-RP,0.5187735209244804,0.5119675522804026,0.046072508,0.30201342281879195,0.4497708333333333,0.2913896276595745
icefog72/Ice0.61-18.01-RP,0.5441273598496433,0.5104839613346842,0.046827795,0.2986577181208054,0.4697395833333333,0.27086103723404253
icefog72/Ice0.62-18.01-RP,0.536733645,0.5103327208197285,0.057401813,0.2978187919463087,0.4537708333333333,0.28773271276595747
icefog72/Ice0.62.1-24.01-RP,0.5181740005407873,0.5108967760246949,0.055891238670694864,0.30033557046979864,0.45510416666666664,0.28706781914893614
icefog72/Ice0.64-24.01-RP,0.5440774921652327,0.5059610114856247,0.062688822,0.3036912751677852,0.4620208333333333,0.29330119680851063
icefog72/Ice0.64.1-24.01-RP,0.5446770125489258,0.5059610114856247,0.062688822,0.3036912751677852,0.4620208333333333,0.29330119680851063
icefog72/Ice0.65-25.01-RP,0.5029366525264077,0.5095976254774931,0.064954683,0.30453020134228187,0.4339583333333333,0.29970079787234044
icefog72/Ice0.66-25.01-RP,0.532487134,0.5128983540188711,0.060422961,0.3070469798657718,0.44344791666666666,0.3039394946808511
icefog72/Ice0.67-25.01-RP,0.536134124,0.5112894150790012,0.074773414,0.28523489932885904,0.42788541666666663,0.30967420212765956
icefog72/Ice0.68-25.01-RP,0.5513714721383707,0.5130058094823416,0.072507553,0.3104026845637584,0.44456249999999997,0.3011968085106383
icefog72/Ice0.69-25.01-RP,0.5437527981311808,0.5097683665599672,0.056646526,0.31291946308724833,0.4485625,0.29654255319148937
icefog72/Ice0.7-29.09-RP,0.5175744801570943,0.5047661992357916,0.066465257,0.287751678,0.4237916666666666,0.3126662234042553
icefog72/Ice0.70-25.01-RP,0.54979787,0.513632436,0.059667674,0.30788590604026844,0.45119791666666664,0.2996176861702128
icefog72/Ice0.70.1-01.02-RP,0.5069582042314393,0.5059798926804829,0.033987915407854986,0.2978187919463087,0.4599166666666667,0.2748503989361702
icefog72/Ice0.73-01.02-RP,0.529164838,0.5103425890792322,0.038519637,0.2911073825503356,0.46639583333333334,0.27019614361702127
icefog72/Ice0.74-02.02-RP,0.2935344884905384,0.4646134965075064,0.001510574,0.2961409395973154,0.42804166666666665,0.21434507978723405
icefog72/Ice0.76-02.02-RP,0.45290274250100837,0.5085610407875073,0.014350453172205438,0.28691275167785235,0.43616666666666665,0.2652094414893617
icefog72/Ice0.77-02.02-RP,0.5309633993359841,0.5109257300160749,0.039274924,0.28523489932885904,0.4765,0.29986702127659576
icefog72/Ice0.78-02.02-RP,0.405292402,0.5002126961381052,0.043806647,0.2936241610738255,0.468625,0.2954621010638298
icefog72/Ice0.80-03.02-RP,0.5516462984880118,0.5097962218679292,0.055891238670694864,0.2785234899328859,0.4923125,0.2912234042553192
icefog72/IceCocoaRP-7b,0.4962421929369628,0.4937902147076245,0.057401813,0.2953020134228188,0.4197916666666666,0.3098404255319149
icefog72/IceCoffeeRP-7b,0.4959174989029109,0.48887216244327214,0.054380664652567974,0.28523489932885904,0.4159791666666666,0.2974567819148936
icefog72/IceDrinkByFrankensteinV3RP,0.4974911013887596,0.4832523723413275,0.05060423,0.26174496644295303,0.4253125,0.292719415
icefog72/IceDrinkNameGoesHereRP-7b-Model_Stock,0.49684171332065585,0.46578646938927254,0.040785498,0.2684563758389262,0.4067395833333334,0.2816655585106383
icefog72/IceDrinkNameNotFoundRP-7b-Model_Stock,0.5130032757527804,0.502625425,0.060422961,0.27768456375838924,0.4371875,0.3064328457446808
icefog72/IceDrunkCherryRP-7b,0.48982255969715904,0.4846629039263151,0.061178248,0.27684563758389263,0.4291875,0.3009474734042553
icefog72/IceDrunkenCherryRP-7b,0.4762585495374495,0.509308587,0.064199396,0.3070469798657718,0.44459374999999995,0.30992353723404253
icefog72/IceEspressoRPv2-7b,0.4977160600539901,0.5054890156350785,0.061933534743202415,0.28942953020134227,0.43306249999999996,0.3061003989361702
icefog72/IceLemonTeaRP-32k-7b,0.5212214701436633,0.49973852418379305,0.054380664652567974,0.2902684563758389,0.42903125,0.3067652925531915
icefog72/IceMartiniRP-7b,0.5044603873278457,0.4972421837639585,0.066465257,0.27936241610738255,0.4344895833333333,0.3073470744680851
icefog72/IceNalyvkaRP-7b,0.54979787,0.513632436,0.059667674,0.30788590604026844,0.45119791666666664,0.2996176861702128
icefog72/IceSakeRP-7b,0.5227950726295119,0.5119287057484642,0.063444109,0.28523489932885904,0.41300000000000003,0.3176529255319149
icefog72/IceSakeV4RP-7b,0.4634192830578421,0.4929557826908731,0.055891238670694864,0.29446308724832215,0.40819791666666666,0.31025598404255317
icefog72/IceSakeV6RP-7b,0.5032613465604596,0.49760336362566354,0.061933534743202415,0.2911073825503356,0.42001041666666666,0.3093417553191489
icefog72/IceSakeV8RP-7b,0.6085741388404988,0.48847141337960176,0.059667674,0.276006711,0.3992708333333333,0.301030585
icefog72/IceTea21EnergyDrinkRPV13-DPOv3,0.5263423272472595,0.5019587584232624,0.0581571,0.2835570469798658,0.4371875,0.30560172872340424
icefog72/IceTea21EnergyDrinkRPV13-DPOv3.5,0.48709978412833504,0.4399660013109026,0.036253776,0.28439597315436244,0.39641666666666664,0.24983377659574468
ifable/gemma-2-Ifable-9B,0.2984292787581395,0.5866115556693244,0.13972809667673716,0.3414429530201342,0.40525000000000005,0.4226230053191489
ilsp/Llama-Krikri-8B-Instruct,0.6078748830879843,0.504664192,0.11782477341389729,0.3028523489932886,0.4079791666666666,0.3312832446808511
inflatebot/MN-12B-Mag-Mell-R1,0.46129602787271107,0.5303854975434981,0.1299093655589124,0.3162751677852349,0.40022916666666664,0.34383311170212766
informatiker/Qwen2-7B-Instruct-abliterated,0.5821708622011817,0.5534265515936739,0.263595166,0.3011744966442953,0.38879166666666665,0.3873005319148936
insightfactory/Llama-3.2-3B-Instruct-unsloth-bnb-4bitlora_model,0.45884807865352817,0.4146016381618061,0.10498489425981873,0.27181208053691275,0.349875,0.2960438829787234
instruction-pretrain/InstructLM-500M,0.1027662158627996,0.29408717872529677,0,0.25671140939597314,0.3528229166666667,0.1141123670212766
internlm/internlm2-1_8b,0.2197702097102355,0.3879732800028095,0.021148036253776436,0.2483221476510067,0.38128125,0.15882646276595744
internlm/internlm2-chat-1_8b,0.2386545477111841,0.4452271664119214,0.032477341,0.26593959731543626,0.36305208333333333,0.18392619680851063
internlm/internlm2_5-1_8b-chat,0.38490870889240547,0.4488926786996439,0.15861027190332327,0.2902684563758389,0.35939583333333336,0.12990359042553193
internlm/internlm2_5-20b-chat,0.7009977969565198,0.7473580533672884,0.4078549848942598,0.3213087248322148,0.4558229166666667,0.39976728723404253
internlm/internlm2_5-7b-chat,0.5538692890419642,0.7073179916851792,0.25302114803625375,0.34731543624161076,0.45938541666666666,0.3776595744680851
intervitens/mini-magnum-12b-v1.1,0.5155509603407846,0.506180036,0.061933534743202415,0.28859060402684567,0.4004479166666666,0.3291223404255319
inumulaisk/eval_model,0.19314197440568803,0.35118774303346373,0.297583082,0.27936241610738255,0.35796875,0.16638962765957446
invalid-coder/Sakura-SOLAR-Instruct-CarbonVillain-en-10.7B-v2-slerp,0.45547591501660034,0.5158439010792586,0.049093656,0.3053691275167785,0.3992395833333333,0.3145777925531915
invisietch/EtherealRainbow-v0.2-8B,0.39032988027323057,0.5102035205059678,0.082326284,0.3028523489932886,0.38267708333333333,0.36527593085106386
invisietch/EtherealRainbow-v0.3-8B,0.36822298168858625,0.5096758454539693,0.076283988,0.30453020134228187,0.39039583333333333,0.36261635638297873
invisietch/MiS-Firefly-v0.2-22B,0.5371082062261466,0.5513523591170696,0.16540785498489427,0.30453020134228187,0.46937500000000004,0.3620345744680851
invisietch/Nimbus-Miqu-v0.1-70B,0.46466819150963884,0.601030668,0.060422961,0.3389261744966443,0.41331249999999997,0.3853058510638298
irahulpandey/mistralai-7B-slerp-v0.1,0.4966167546554254,0.5010682924547378,0.051359517,0.3036912751677852,0.45497916666666666,0.2951296542553192
jaredjoss/pythia-410m-roberta-lr_8e7-kl_01-steps_12000-rlhf-model,0.15722172723928066,0.2863444769655102,0,0.25922818791946306,0.3606979166666667,0.11685505319148937
jaspionjader/Auro-Kosmos-EVAA-v2-8B,0.4778077722664752,0.5447163557182707,0.14123867069486404,0.31543624161073824,0.425,0.38580452127659576
jaspionjader/Auro-Kosmos-EVAA-v2.1-8B,0.4665919759571271,0.5444200006474947,0.14577039274924472,0.3087248322147651,0.4316979166666666,0.382563165
jaspionjader/Auro-Kosmos-EVAA-v2.2-8B,0.4267997801389203,0.5431077158331955,0.14123867069486404,0.3104026845637584,0.42506249999999995,0.37982047872340424
jaspionjader/Auro-Kosmos-EVAA-v2.3-8B,0.42712447417297217,0.5440818233123913,0.13444108761329304,0.31208053691275167,0.4277916666666666,0.37840757978723405
jaspionjader/Kosmos-Aurora_faustus-8B,0.443236169,0.5260325661068855,0.11253776435045318,0.2953020134228188,0.4116979166666666,0.38131648936170215
jaspionjader/Kosmos-EVAA-8B,0.4404635256674513,0.5311831227740652,0.11782477341389729,0.29949664429530204,0.4236666666666667,0.3818151595744681
jaspionjader/Kosmos-EVAA-Franken-Immersive-v39-8B,0.43779061778303796,0.5189720817259138,0.12915407854984895,0.31543624161073824,0.4236354166666667,0.3900432180851064
jaspionjader/Kosmos-EVAA-Franken-v38-8B,0.4355676272290855,0.5229513322616746,0.12915407854984895,0.3087248322147651,0.42115624999999995,0.3890458776595745
jaspionjader/Kosmos-EVAA-Fusion-8B,0.4417623018036587,0.5405890148943007,0.1351963746223565,0.3062080536912752,0.42766666666666664,0.3859707446808511
jaspionjader/Kosmos-EVAA-PRP-8B,0.34052092891306174,0.5195634214282913,0.08836858,0.31291946308724833,0.4301145833333333,0.3646941489361702
jaspionjader/Kosmos-EVAA-PRP-light-8B,0.38238651223198894,0.5271029575696119,0.11027190332326284,0.31208053691275167,0.42490625,0.3781582446808511
jaspionjader/Kosmos-EVAA-PRP-v23-8B,0.4040933611705829,0.5289840558524612,0.11555891238670694,0.3087248322147651,0.43684375,0.37059507978723405
jaspionjader/Kosmos-EVAA-PRP-v24-8B,0.42587556572117535,0.5276140433113651,0.11027190332326284,0.3104026845637584,0.42903125,0.3779089095744681
jaspionjader/Kosmos-EVAA-PRP-v25-8B,0.4420869958377106,0.5290702582598797,0.11858006042296072,0.3179530201342282,0.4303333333333333,0.37159242021276595
jaspionjader/Kosmos-EVAA-PRP-v26-8B,0.4413877400851962,0.5271171047819411,0.11329305135951662,0.30453020134228187,0.4263645833333333,0.3793218085106383
jaspionjader/Kosmos-EVAA-PRP-v27-8B,0.4378404854674486,0.5290320010579407,0.11933534743202417,0.3087248322147651,0.4343333333333333,0.37549867021276595
jaspionjader/Kosmos-EVAA-PRP-v28-8B,0.43659157701565177,0.5294743678489208,0.11706948640483383,0.3070469798657718,0.43296874999999996,0.375
jaspionjader/Kosmos-EVAA-PRP-v29-8B,0.4487315877427448,0.5275189525290296,0.12009063444108761,0.3104026845637584,0.42366666666666664,0.37649601063829785
jaspionjader/Kosmos-EVAA-PRP-v30-8B,0.42947268802333366,0.5327819889174134,0.11782477341389729,0.30453020134228187,0.4263333333333333,0.3937832446808511
jaspionjader/Kosmos-EVAA-PRP-v31-8B,0.43986400528375824,0.5315048053167004,0.11329305135951662,0.313758389,0.42506249999999995,0.39345079787234044
jaspionjader/Kosmos-EVAA-PRP-v32-8B,0.4487315877427448,0.5292530349260334,0.1148036253776435,0.3162751677852349,0.42106249999999995,0.3776595744680851
jaspionjader/Kosmos-EVAA-PRP-v33-8B,0.4301719437758481,0.5321153222507468,0.11782477341389729,0.31291946308724833,0.41839583333333336,0.390874335
jaspionjader/Kosmos-EVAA-PRP-v34-8B,0.45625052638111324,0.533301459,0.11253776435045318,0.311241611,0.42372916666666666,0.3927027925531915
jaspionjader/Kosmos-EVAA-TSN-8B,0.47213726246359655,0.5176546480934434,0.13444108761329304,0.3028523489932886,0.43290625,0.3816489361702128
jaspionjader/Kosmos-EVAA-TSN-light-8B,0.46849027247702757,0.5235021286391058,0.1216012084592145,0.30453020134228187,0.42893749999999997,0.38056848404255317
jaspionjader/Kosmos-EVAA-TSN-v19-8B,0.4563502617499346,0.5316458785173577,0.11555891238670694,0.3053691275167785,0.4276979166666666,0.37898936170212766
jaspionjader/Kosmos-EVAA-TSN-v20-8B,0.4423119545029411,0.5250468078369915,0.12462235649546828,0.313758389,0.42103124999999997,0.39361702127659576
jaspionjader/Kosmos-EVAA-TSN-v21-8B,0.46701640536000033,0.524796521,0.11933534743202417,0.31208053691275167,0.43427083333333333,0.3816489361702128
jaspionjader/Kosmos-EVAA-TSN-v22-8B,0.4673410993940522,0.5245863682593667,0.11329305135951662,0.3070469798657718,0.4303333333333333,0.38115026595744683
jaspionjader/Kosmos-EVAA-gamma-8B,0.45722460848326885,0.5321936191858193,0.10498489425981873,0.3187919463087248,0.4305833333333333,0.39012632978723405
jaspionjader/Kosmos-EVAA-gamma-alt-8B,0.4542270065648036,0.5297928701221488,0.1095166163141994,0.32466442953020136,0.42921875,0.3896276595744681
jaspionjader/Kosmos-EVAA-gamma-light-8B,0.45809895521660304,0.5376138387743472,0.11027190332326284,0.3162751677852349,0.42909375,0.394281915
jaspionjader/Kosmos-EVAA-gamma-light-alt-8B,0.44535942410581697,0.5327145731870764,0.11329305135951662,0.313758389,0.43045833333333333,0.39228723404255317
jaspionjader/Kosmos-EVAA-gamma-ultra-light-8B,0.4563003940655239,0.5316344937208096,0.11782477341389729,0.3162751677852349,0.4196979166666666,0.3914561170212766
jaspionjader/Kosmos-EVAA-gamma-v13-8B,0.44286160720222345,0.5359422335881335,0.11178247734138973,0.313758389,0.42776041666666664,0.3929521276595745
jaspionjader/Kosmos-EVAA-gamma-v14-8B,0.4380155764482684,0.5363063034440413,0.11027190332326284,0.31291946308724833,0.42772916666666666,0.3931183510638298
jaspionjader/Kosmos-EVAA-gamma-v15-8B,0.4654428028741517,0.534326873,0.11102719033232629,0.311241611,0.42772916666666666,0.3941156914893617
jaspionjader/Kosmos-EVAA-gamma-v16-8B,0.4556510059974202,0.5343925058514598,0.11706948640483383,0.31543624161073824,0.4264270833333333,0.39170545212765956
jaspionjader/Kosmos-EVAA-gamma-v17-8B,0.4462337708391512,0.5346666279815969,0.11102719033232629,0.311241611,0.42906249999999996,0.39228723404255317
jaspionjader/Kosmos-EVAA-gamma-v18-8B,0.43409376011205825,0.5339179190615058,0.11102719033232629,0.311241611,0.4316979166666666,0.3904587765957447
jaspionjader/Kosmos-EVAA-immersive-sof-v44-8B,0.44078821970150317,0.5214884907801955,0.11858006042296072,0.30956375838926176,0.4143958333333333,0.3887965425531915
jaspionjader/Kosmos-EVAA-v10-8B,0.4261503920708165,0.5375875314179012,0.12462235649546828,0.29949664429530204,0.4223645833333333,0.38314494680851063
jaspionjader/Kosmos-EVAA-v11-8B,0.44263664853699297,0.5359208647512345,0.13217522658610273,0.31543624161073824,0.4184270833333333,0.3835605053191489
jaspionjader/Kosmos-EVAA-v12-8B,0.43779061778303796,0.5348808250181011,0.13670694864048338,0.30956375838926176,0.42106249999999995,0.3835605053191489
jaspionjader/Kosmos-EVAA-v2-8B,0.4395891789341171,0.5341160060985229,0.13217522658610273,0.2978187919463087,0.42106249999999995,0.3826462765957447
jaspionjader/Kosmos-EVAA-v3-8B,0.4410630460511443,0.5330987974156178,0.13293051359516617,0.3053691275167785,0.4223958333333333,0.38214760638297873
jaspionjader/Kosmos-EVAA-v4-8B,0.4289230353240513,0.5336560458316563,0.12537764350453173,0.30033557046979864,0.41972916666666665,0.38173204787234044
jaspionjader/Kosmos-EVAA-v5-8B,0.445958944,0.5344958011609363,0.12613293051359517,0.3036912751677852,0.4223958333333333,0.3820644946808511
jaspionjader/Kosmos-EVAA-v6-8B,0.4395891789341171,0.5379609044843678,0.12915407854984895,0.30201342281879195,0.4184270833333333,0.3820644946808511
jaspionjader/Kosmos-EVAA-v7-8B,0.4276741268722545,0.5334882804815716,0.1336858006042296,0.3053691275167785,0.41709375,0.3835605053191489
jaspionjader/Kosmos-EVAA-v8-8B,0.43834027048232027,0.5359208647512345,0.13066465256797583,0.3036912751677852,0.42103124999999997,0.38272938829787234
jaspionjader/Kosmos-EVAA-v9-8B,0.43686640336529303,0.5360680608930435,0.12764350453172205,0.3062080536912752,0.4183958333333333,0.3819813829787234
jaspionjader/Kosmos-EVAA-v9-TitanFusion-Mix-8B,0.428373383,0.5539931244833417,0.1148036253776435,0.287751678,0.43544791666666666,0.3836436170212766
jaspionjader/Kosmos-Elusive-8b,0.41688275996577967,0.5338593917060857,0.12613293051359517,0.30788590604026844,0.4077916666666667,0.3759973404255319
jaspionjader/Kosmos-Elusive-VENN-8B,0.4232525255211727,0.5355598563659026,0.12462235649546828,0.29949664429530204,0.4156979166666667,0.3797373670212766
jaspionjader/Kosmos-Elusive-VENN-Asymmetric-8B,0.4541771388803929,0.5312976840812583,0.13444108761329304,0.29446308724832215,0.42506249999999995,0.3842253989361702
jaspionjader/Kosmos-Elusive-VENN-Aurora_faustus-8B,0.4335441074127758,0.5303980337010061,0.11253776435045318,0.2953020134228188,0.417,0.3794880319148936
jaspionjader/Kosmos-VENN-8B,0.433219413,0.5317923607687299,0.14123867069486404,0.29278523489932884,0.42109375,0.3800698138297872
jaspionjader/PRP-Kosmos-EVAA-8B,0.36327721556580983,0.5237421324582278,0.09592145,0.30956375838926176,0.425,0.3765791223404255
jaspionjader/PRP-Kosmos-EVAA-light-8B,0.4321201079801593,0.5274582578494339,0.11027190332326284,0.3221476510067114,0.4235416666666667,0.3631150265957447
jaspionjader/TSN-Kosmos-EVAA-8B,0.49032234471203073,0.5347376087743225,0.14501510574018128,0.32046979865771813,0.4173125,0.383061835
jaspionjader/TSN-Kosmos-EVAA-v2-8B,0.46669171132594844,0.534342097,0.10800604229607251,0.3221476510067114,0.41864583333333333,0.3762466755319149
jaspionjader/bbb-1,0.4864005283758206,0.5375556962119087,0.13670694864048338,0.313758389,0.41706250000000006,0.38971077127659576
jaspionjader/bbb-2,0.4077403511571519,0.5066789926627318,0.11253776435045318,0.30201342281879195,0.4144583333333333,0.363530585
jaspionjader/bbb-3,0.416832892,0.5157831821186084,0.1404833836858006,0.311241611,0.4264895833333333,0.38563829787234044
jaspionjader/bbb-4,0.47675833455232114,0.521150518,0.12764350453172205,0.2978187919463087,0.40924999999999995,0.3773271276595745
jaspionjader/bbb-5,0.4702888336281067,0.5206902586604485,0.13972809667673716,0.30453020134228187,0.3998229166666667,0.3833942819148936
jaspionjader/bbb-6,0.48797413086166924,0.5211453749255449,0.13897280966767372,0.3104026845637584,0.40515625000000005,0.3871343085106383
jaspionjader/bbb-7,0.48280340607366234,0.5211089947725771,0.13670694864048338,0.3104026845637584,0.4038229166666667,0.3859707446808511
jaspionjader/bh-1,0.42842325030917966,0.5890155164168736,0.053625378,0.29446308724832215,0.4441041666666667,0.3449135638297872
jaspionjader/bh-10,0.46184568057199343,0.5856025427339699,0.11027190332326284,0.30033557046979864,0.41985416666666664,0.37076130319148937
jaspionjader/bh-11,0.45754930251732073,0.5851155912628809,0.11782477341389729,0.3070469798657718,0.4145520833333334,0.3738364361702128
jaspionjader/bh-12,0.47338617091539337,0.5802489392471556,0.11858006042296072,0.30033557046979864,0.4144895833333333,0.37367021276595747
jaspionjader/bh-13,0.4697890486132351,0.5777886799254942,0.11253776435045318,0.3070469798657718,0.41585416666666664,0.37300531914893614
jaspionjader/bh-15,0.47453534399836883,0.5818643001829722,0.12462235649546828,0.2986577181208054,0.4105208333333334,0.37666223404255317
jaspionjader/bh-16,0.4730614768813415,0.5783335636603978,0.11933534743202417,0.3028523489932886,0.4158541666666667,0.37757646276595747
jaspionjader/bh-17,0.4721871301480073,0.5776302177859685,0.11329305135951662,0.2978187919463087,0.41582291666666665,0.37566489361702127
jaspionjader/bh-18,0.47246195649764844,0.5823837707078298,0.11858006042296072,0.30033557046979864,0.4184895833333333,0.37566489361702127
jaspionjader/bh-19,0.45842364925065493,0.5765774285787187,0.11933534743202417,0.29697986577181207,0.417125,0.3774933510638298
jaspionjader/bh-2,0.45792386423578324,0.5937358907182445,0.1027190332326284,0.3011744966442953,0.41864583333333333,0.3695146276595745
jaspionjader/bh-20,0.4727367828472896,0.574973334,0.12009063444108761,0.287751678,0.4105208333333334,0.3768284574468085
jaspionjader/bh-21,0.47001400727846554,0.5738369241857685,0.1216012084592145,0.2978187919463087,0.4157916666666667,0.37757646276595747
jaspionjader/bh-22,0.45999725173650363,0.579296884,0.11858006042296072,0.2961409395973154,0.41715625000000006,0.3764128989361702
jaspionjader/bh-23,0.46576749690820357,0.570027701,0.12009063444108761,0.29446308724832215,0.4197291666666667,0.37957114361702127
jaspionjader/bh-24,0.4715377420799035,0.5716684749879075,0.1268882175226586,0.2961409395973154,0.4157604166666667,0.38090093085106386
jaspionjader/bh-25,0.47518473206647255,0.5705628020556314,0.11329305135951662,0.2911073825503356,0.4117916666666667,0.37824135638297873
jaspionjader/bh-26,0.4690897928607206,0.5734958656360526,0.1163141993957704,0.29949664429530204,0.4276979166666666,0.3771609042553192
jaspionjader/bh-27,0.4818791916559174,0.571405918,0.12764350453172205,0.2961409395973154,0.409125,0.3799035904255319
jaspionjader/bh-28,0.4785070280189896,0.5702617832390487,0.12311178247734139,0.2986577181208054,0.413125,0.3812333776595745
jaspionjader/bh-29,0.46881496651107946,0.5670161357895335,0.12084592145015106,0.2953020134228188,0.4236979166666666,0.38189827127659576
jaspionjader/bh-3,0.4663670172918966,0.5890722855221537,0.1148036253776435,0.30201342281879195,0.41728125,0.37017952127659576
jaspionjader/bh-30,0.46664184364153777,0.5705838505746653,0.12311178247734139,0.29278523489932884,0.4144270833333334,0.3781582446808511
jaspionjader/bh-31,0.4727367828472896,0.5665082303171874,0.1283987915407855,0.2936241610738255,0.4104270833333334,0.3819813829787234
jaspionjader/bh-32,0.4635943740386619,0.5662056335064284,0.12462235649546828,0.29697986577181207,0.4157291666666667,0.3812333776595745
jaspionjader/bh-33,0.4685401401614383,0.5652966799156172,0.11782477341389729,0.2961409395973154,0.4156979166666667,0.38081781914893614
jaspionjader/bh-34,0.4623953332712758,0.5681235912530039,0.12084592145015106,0.29194630872483224,0.4184583333333333,0.38040226063829785
jaspionjader/bh-35,0.47213726246359655,0.5639648300586834,0.12462235649546828,0.2953020134228188,0.41830208333333335,0.3829787234042553
jaspionjader/bh-36,0.4665919759571271,0.5664445599052024,0.12386706948640483,0.30201342281879195,0.4196354166666667,0.383061835
jaspionjader/bh-37,0.48797413086166924,0.562488461,0.1216012084592145,0.29446308724832215,0.4156354166666667,0.3828125
jaspionjader/bh-38,0.46179581288758276,0.5658176339168742,0.12386706948640483,0.2978187919463087,0.4117291666666667,0.3810671542553192
jaspionjader/bh-39,0.45759917020173135,0.5633012248625926,0.12537764350453173,0.30033557046979864,0.4262395833333334,0.38314494680851063
jaspionjader/bh-4,0.4672912317096415,0.5892000111391051,0.1095166163141994,0.2961409395973154,0.41728125,0.3705119680851064
jaspionjader/bh-40,0.45357761849669986,0.5633956317971519,0.12462235649546828,0.2986577181208054,0.4236041666666667,0.38347739361702127
jaspionjader/bh-41,0.4739856912990864,0.561384665,0.12537764350453173,0.29278523489932884,0.41827083333333337,0.38248005319148937
jaspionjader/bh-42,0.4660423232578447,0.5645607204696422,0.1268882175226586,0.2961409395973154,0.42100000000000004,0.3812333776595745
jaspionjader/bh-43,0.45999725173650363,0.5635240412618795,0.12386706948640483,0.29446308724832215,0.4156041666666667,0.3819813829787234
jaspionjader/bh-44,0.4706135276621586,0.5642775941837409,0.1216012084592145,0.2961409395973154,0.42487500000000006,0.3833942819148936
jaspionjader/bh-46,0.4727367828472896,0.5631697539272891,0.12764350453172205,0.2961409395973154,0.4262395833333334,0.3822307180851064
jaspionjader/bh-47,0.46516797652451053,0.5545716016743777,0.12764350453172205,0.29446308724832215,0.4156041666666667,0.3854720744680851
jaspionjader/bh-48,0.46881496651107946,0.5541308128775738,0.12537764350453173,0.29446308724832215,0.4209375,0.3859707446808511
jaspionjader/bh-49,0.47246195649764844,0.5540285004706683,0.12009063444108761,0.29446308724832215,0.41290625000000003,0.38081781914893614
jaspionjader/bh-5,0.46516797652451053,0.5881569099353959,0.10574018126888217,0.29949664429530204,0.4186145833333333,0.37017952127659576
jaspionjader/bh-50,0.47246195649764844,0.555294803,0.12084592145015106,0.2936241610738255,0.41687500000000005,0.3842253989361702
jaspionjader/bh-51,0.4630447213393795,0.5557101784534039,0.12386706948640483,0.29278523489932884,0.41681250000000003,0.38314494680851063
jaspionjader/bh-52,0.45362748618111054,0.544409095,0.12009063444108761,0.29194630872483224,0.41690625000000003,0.38430851063829785
jaspionjader/bh-53,0.4779573753197073,0.5494367702137035,0.1268882175226586,0.29865771812080544,0.4196041666666667,0.38580452127659576
jaspionjader/bh-54,0.48405231452545916,0.5547738488653888,0.12915407854984895,0.29446308724832215,0.4155416666666667,0.38248005319148937
jaspionjader/bh-55,0.47093822169621047,0.5549641462109072,0.1283987915407855,0.3062080536912752,0.42220833333333335,0.3846409574468085
jaspionjader/bh-56,0.45999725173650363,0.5446903231355648,0.12311178247734139,0.30033557046979864,0.4116041666666667,0.3843916223404255
jaspionjader/bh-57,0.44051339335186196,0.5424621834237494,0.12613293051359517,0.3036912751677852,0.42103124999999997,0.3896276595744681
jaspionjader/bh-58,0.4630447213393795,0.5446322106157867,0.13217522658610273,0.3062080536912752,0.4183333333333333,0.3896276595744681
jaspionjader/bh-59,0.43414362779646887,0.5511531646170439,0.1540785498489426,0.31543624161073824,0.41700000000000004,0.3838098404255319
jaspionjader/bh-6,0.4620706392372239,0.5890658635262072,0.10876132930513595,0.29949664429530204,0.41991666666666666,0.36976396276595747
jaspionjader/bh-60,0.42070484093316846,0.5368509826419269,0.1578549848942598,0.32550335570469796,0.42890625,0.3689328457446808
jaspionjader/bh-61,0.42467652495378927,0.5271029876122725,0.17069486404833836,0.3187919463087248,0.4355729166666667,0.3679355053191489
jaspionjader/bh-62,0.41498446344587914,0.5379352222621877,0.1623867069486405,0.32046979865771813,0.42890625,0.3719248670212766
jaspionjader/bh-63,0.43077146415954115,0.49171126396743653,0.11102719033232629,0.3028523489932886,0.4312604166666667,0.3248005319148936
jaspionjader/bh-64,0.41401038134372353,0.5359944334653838,0.15483383685800603,0.3213087248322148,0.4355416666666667,0.3692652925531915
jaspionjader/bh-7,0.4623953332712758,0.5860594415302606,0.11404833836858005,0.3036912751677852,0.41191666666666665,0.3715093085106383
jaspionjader/bh-8,0.45967255770245175,0.5899505025903907,0.11782477341389729,0.3011744966442953,0.4265208333333333,0.37200797872340424
jaspionjader/bh-9,0.4508548429278758,0.5850048697918168,0.11555891238670694,0.30201342281879195,0.4145833333333333,0.3702626329787234
jaspionjader/dp-6-8b,0.4805804155197099,0.5299697041031141,0.13293051359516617,0.30788590604026844,0.44338541666666664,0.38971077127659576
jaspionjader/dp-7-8b,0.44983089314130953,0.5290850650389306,0.12613293051359517,0.3062080536912752,0.44075,0.3933676861702128
jaspionjader/ek-6,0.4642437621067656,0.5219292795769993,0.13217522658610273,0.3087248322147651,0.4143645833333333,0.3861369680851064
jaspionjader/ek-7,0.47670846686791046,0.5194098090521417,0.13293051359516617,0.3162751677852349,0.41706249999999995,0.38871343085106386
jaspionjader/f-1-8b,0.49826571275327247,0.5140825686172996,0.1283987915407855,0.3087248322147651,0.45268749999999996,0.39070811170212766
jaspionjader/f-2-8b,0.48237897667078905,0.5294150378468933,0.11706948640483383,0.29949664429530204,0.4500520833333334,0.39619348404255317
jaspionjader/f-3-8b,0.4803055891700687,0.5274906581043712,0.1216012084592145,0.313758389,0.44208333333333333,0.39544547872340424
jaspionjader/f-4-8b,0.4797060687863757,0.5288622486396436,0.1148036253776435,0.3087248322147651,0.45141666666666663,0.39561170212765956
jaspionjader/f-5-8b,0.5043606519590242,0.5313273519630752,0.12386706948640483,0.3087248322147651,0.4460520833333334,0.39486369680851063
jaspionjader/f-6-8b,0.48460196722474147,0.524094753,0.11933534743202417,0.30788590604026844,0.44735416666666666,0.3939494680851064
jaspionjader/f-7-8b,0.4462337708391512,0.5277022085059414,0.12386706948640483,0.31291946308724833,0.4315104166666666,0.39361702127659576
jaspionjader/f-8-8b,0.4739358236146758,0.5259311478463803,0.12235649546827794,0.30956375838926176,0.43544791666666666,0.39403257978723405
jaspionjader/f-9-8b,0.4601723427173233,0.5291558412946383,0.1299093655589124,0.3062080536912752,0.44608333333333333,0.3943650265957447
jaspionjader/fct-14-8b,0.4128612082607481,0.5206018889288543,0.12009063444108761,0.3162751677852349,0.4185520833333333,0.3875498670212766
jaspionjader/fct-9-8b,0.4353925362482657,0.520510244,0.11933534743202417,0.30788590604026844,0.42906249999999996,0.39320146276595747
jaspionjader/fr-1-8b,0.421079403,0.5142290494968609,0.11178247734138973,0.3053691275167785,0.4276979166666666,0.36103723404255317
jaspionjader/fr-10-8b,0.44018869931781013,0.5206624978702634,0.12235649546827794,0.31711409395973156,0.4118541666666667,0.3863031914893617
jaspionjader/fr-3-8b,0.4325700253106203,0.5255174690526301,0.11329305135951662,0.3053691275167785,0.41982291666666666,0.3863031914893617
jaspionjader/gamma-Kosmos-EVAA-8B,0.42500121898784116,0.5252624326543692,0.089879154,0.313758389,0.44115624999999997,0.37757646276595747
jaspionjader/gamma-Kosmos-EVAA-v2-8B,0.4232525255211727,0.5262464083930688,0.10574018126888217,0.32046979865771813,0.4343958333333333,0.3755817819148936
jaspionjader/gamma-Kosmos-EVAA-v3-8B,0.43326928106313467,0.527793554,0.11102719033232629,0.31291946308724833,0.4263020833333333,0.3897938829787234
jaspionjader/knf-2-8b,0.42500121898784116,0.5206718655559387,0.12009063444108761,0.3104026845637584,0.4185208333333333,0.3874667553191489
jaspionjader/knfp-2-8b,0.5327120928026525,0.5304878011708133,0.14274924471299094,0.29278523489932884,0.4184583333333333,0.37258976063829785
jaspionjader/knfp-3-8b,0.49456885508229276,0.5199790073136731,0.12235649546827794,0.3070469798657718,0.41712499999999997,0.3881316489361702
jaspionjader/kstc-1-8b,0.4642936297911763,0.5209048705325947,0.11706948640483383,0.31711409395973156,0.4157916666666666,0.3892121010638298
jaspionjader/kstc-11-8b,0.4757343847657549,0.5189389675805397,0.12009063444108761,0.3028523489932886,0.4117604166666667,0.3878823138297872
jaspionjader/kstc-4-8b,0.4769832932175517,0.5216059333020012,0.12386706948640483,0.3036912751677852,0.4117916666666666,0.3868849734042553
jaspionjader/kstc-5-8b,0.47208739477918593,0.5211438914491455,0.1299093655589124,0.31543624161073824,0.4223958333333333,0.3892121010638298
jaspionjader/kstc-6-8b,0.49439376410147295,0.5230977287748603,0.12462235649546828,0.29949664429530204,0.4104895833333333,0.3857214095744681
jaspionjader/kstc-8-8b,0.49097173278013445,0.5238910223750602,0.13066465256797583,0.3053691275167785,0.42112499999999997,0.3888796542553192
jaspionjader/kstc-9-8b,0.4860758343417687,0.5238366551736342,0.13595166163141995,0.3011744966442953,0.4117916666666666,0.38721742021276595
jaspionjader/slu-10,0.4359920566319587,0.5096469529197213,0.097432024,0.313758389,0.3920104166666667,0.3663563829787234
jaspionjader/slu-11,0.37251936,0.4890236865115587,0.055891238670694864,0.3036912751677852,0.3919479166666667,0.33818151595744683
jaspionjader/slu-13,0.4378404854674486,0.5097334543819346,0.08081571,0.30788590604026844,0.38140625,0.35804521276595747
jaspionjader/slu-14,0.4106880853912065,0.5088505978489455,0.097432024,0.30788590604026844,0.3960416666666667,0.3626994680851064
jaspionjader/slu-17,0.42167892303532406,0.5070562055653275,0.085347432,0.3087248322147651,0.3761041666666667,0.3618683510638298
jaspionjader/slu-2,0.40159554426698935,0.5008068127974601,0.063444109,0.2986577181208054,0.3958854166666667,0.35064827127659576
jaspionjader/slu-20,0.4393143525844759,0.5061273966566772,0.086858006,0.3087248322147651,0.39334375000000005,0.36652260638297873
jaspionjader/slu-22,0.4321201079801593,0.5081790871805086,0.079305136,0.3162751677852349,0.38934375000000004,0.3650265957446808
jaspionjader/slu-23,0.44780737332499987,0.5131603005034272,0.094410876,0.30453020134228187,0.40924999999999995,0.3725066489361702
jaspionjader/slu-25,0.4500303638789523,0.5094887898349904,0.083836858,0.3087248322147651,0.3946145833333334,0.3684341755319149
jaspionjader/slu-29,0.4430610779398662,0.5096472519745161,0.086858006,0.3070469798657718,0.3933125,0.366938165
jaspionjader/slu-32,0.45155409868039026,0.5167277162337642,0.10725075528700906,0.30201342281879195,0.4039166666666667,0.3765791223404255
jaspionjader/slu-33,0.4457339858242796,0.5081308429202344,0.099697885,0.31208053691275167,0.38667708333333334,0.3679355053191489
jaspionjader/slu-34,0.4350678422142138,0.5077400809148992,0.099697885,0.30788590604026844,0.3880416666666667,0.37200797872340424
jaspionjader/slu-35,0.42417673993891764,0.5103079759559944,0.10120845921450151,0.31208053691275167,0.39464583333333336,0.3676030585106383
jaspionjader/slu-36,0.4518289250300314,0.5087352369131289,0.090634441,0.31208053691275167,0.3933125,0.37109375
jaspionjader/slu-37,0.4533526598314694,0.5099854293096197,0.097432024,0.3070469798657718,0.39464583333333336,0.3695146276595745
jaspionjader/slu-6,0.41166216749336204,0.5098719666858446,0.094410876,0.3028523489932886,0.4066458333333334,0.3611203457446808
jaspionjader/slu-mix-1,0.45689991444921696,0.5240269525191525,0.11178247734138973,0.30033557046979864,0.42766666666666664,0.39303523936170215
jaspionjader/sof-1,0.4313709845432342,0.5009822733212669,0.11404833836858005,0.3028523489932886,0.40819791666666666,0.367436835
jaspionjader/sof-10,0.46484328249045864,0.5197177291754291,0.12386706948640483,0.3062080536912752,0.40906250000000005,0.38738364361702127
jaspionjader/sof-3,0.46369410940748323,0.5206072122413828,0.12764350453172205,0.29697986577181207,0.41312499999999996,0.3812333776595745
jaspionjader/sof-6,0.4353925362482657,0.5209098090521417,0.1299093655589124,0.29949664429530204,0.41706250000000006,0.3843916223404255
jaspionjader/test-10,0.4578241288669619,0.5316217442466934,0.11404833836858005,0.3196308724832215,0.42509375,0.39361702127659576
jaspionjader/test-11,0.45412727119598223,0.5350048053167004,0.12009063444108761,0.3238255033557047,0.429,0.3939494680851064
jaspionjader/test-12,0.4368165356808823,0.5347063686599355,0.10800604229607251,0.3187919463087248,0.42503124999999997,0.3935339095744681
jaspionjader/test-13,0.45809895521660304,0.531808681,0.10574018126888217,0.3162751677852349,0.4263958333333333,0.3935339095744681
jaspionjader/test-14,0.4443853420036614,0.5322932549151301,0.11027190332326284,0.3145973154362416,0.4316979166666666,0.3929521276595745
jaspionjader/test-15,0.4364918416468304,0.532788411,0.11178247734138973,0.31208053691275167,0.4264270833333333,0.3929521276595745
jaspionjader/test-16,0.4599473840520929,0.5330160713144172,0.1095166163141994,0.313758389,0.4224583333333333,0.39303523936170215
jaspionjader/test-17,0.42674991245450955,0.5329373895863633,0.11027190332326284,0.31291946308724833,0.429,0.39286901595744683
jaspionjader/test-18,0.43916474953124374,0.5317453097096507,0.1148036253776435,0.31208053691275167,0.42506249999999995,0.39303523936170215
jaspionjader/test-19,0.44008896394898867,0.5319373895863634,0.1095166163141994,0.30956375838926176,0.4263958333333333,0.39286901595744683
jaspionjader/test-20,0.45292823042859615,0.5327388877137041,0.11178247734138973,0.313758389,0.42506249999999995,0.39195478723404253
jayasuryajsk/Qwen2.5-3B-reasoner,0.4159585455480348,0.46511772991620703,0.2084592145015106,0.30201342281879195,0.41229166666666667,0.3482380319148936
jeanmichela/o-distil-qwen,0.44823180272787316,0.5900367438200601,0.5649546827794562,0.3934563758389262,0.5339895833333334,0.46575797872340424
jebcarter/psyonic-cetacean-20B,0.25436619281284767,0.4907386156835858,0.018126888,0.27348993288590606,0.46611458333333333,0.28856382978723405
jebish7/Llama-3-Nanda-10B-Chat,0.2952831819572069,0.4958605204321644,0.055891238670694864,0.3011744966442953,0.4356041666666666,0.3156582446808511
jebish7/Llama-3.1-8B-Instruct,0.5058345190760515,0.5088388495224864,0.15483383685800603,0.3213087248322148,0.3997916666666667,0.3777426861702128
jebish7/Nemotron-4-Mini-Hindi-4B-Base,0.228488189,0.3923566745600671,0.027190332326283987,0.2835570469798658,0.42490625,0.25033244680851063
jebish7/Nemotron-4-Mini-Hindi-4B-Instruct,0.3345257250761313,0.4040596055988545,0.028700906344410877,0.3087248322147651,0.41529166666666667,0.25947473404255317
jebish7/Nemotron-Mini-4B-Instruct,0.37092026932982264,0.4244475437312765,0.032477341,0.276006711,0.47271875,0.27825797872340424
jebish7/aya-expanse-8b,0.37911408396388246,0.496904421,0.081570997,0.2835570469798658,0.3868958333333334,0.31025598404255317
jebish7/gemma-2-2b-it,0.127170352,0.43951564907099594,0.033987915407854986,0.29697986577181207,0.42444791666666665,0.27152593085106386
jebish7/gemma-2-9b-it,0.1557467519514887,0.5949210568047724,0.084592145,0.34731543624161076,0.4554479166666667,0.414311835
jebish7/qwen2.5-0.5B-IHA-Hin,0.14163419726326149,0.29891753632624085,0,0.2525167785234899,0.34748958333333335,0.109375
jeffmeloy/Qwen-7B-nerd-uncensored-v1.0,0.6135952605752737,0.5421083753999172,0.28700906344410876,0.32802013422818793,0.47929166666666667,0.4362533244680851
jeffmeloy/Qwen2.5-7B-minperplexity-2,0.509730847,0.552390586,0.3013595166163142,0.311241611,0.46245833333333336,0.4345910904255319
jeffmeloy/Qwen2.5-7B-nerd-uncensored-v0.9,0.6048274134851084,0.5469701834138724,0.2945619335347432,0.32298657718120805,0.48198958333333336,0.4363364361702128
jeffmeloy/Qwen2.5-7B-nerd-uncensored-v1.0,0.7695159953368174,0.541762772,0.47129909365558914,0.2902684563758389,0.4551145833333334,0.4253656914893617
jeffmeloy/Qwen2.5-7B-nerd-uncensored-v1.1,0.6626296005709296,0.48640249867140106,0.13293051359516617,0.28691275167785235,0.38429166666666664,0.3849734042553192
jeffmeloy/Qwen2.5-7B-nerd-uncensored-v1.2,0.49646715160219335,0.494592979,0.12084592145015106,0.3036912751677852,0.41724999999999995,0.3968583776595745
jeffmeloy/Qwen2.5-7B-nerd-uncensored-v1.3,0.49951462120506923,0.5026055485090198,0.12311178247734139,0.31291946308724833,0.41873958333333333,0.4015957446808511
jeffmeloy/Qwen2.5-7B-nerd-uncensored-v1.4,0.6078748830879843,0.5467076263362468,0.2809667673716012,0.3238255033557047,0.47138541666666667,0.44190492021276595
jeffmeloy/Qwen2.5-7B-nerd-uncensored-v1.5,0.5650352176669016,0.5522599149696679,0.2756797583081571,0.3271812080536913,0.49820833333333336,0.44481382978723405
jeffmeloy/Qwen2.5-7B-nerd-uncensored-v1.7,0.4201551882338861,0.5391718355132782,0.29154078549848944,0.3238255033557047,0.48484375,0.42802526595744683
jeffmeloy/Qwen2.5-7B-nerd-uncensored-v1.8,0.6255601803215468,0.5446899383425835,0.270392749,0.3238255033557047,0.47671875,0.4343417553191489
jeffmeloy/Qwen2.5-7B-olm-v1.0,0.5331365222055258,0.5659918212629057,0.2862537764350453,0.32046979865771813,0.42776041666666664,0.4566156914893617
jeffmeloy/Qwen2.5-7B-olm-v1.1,0.4329445870290828,0.5478077656573704,0.38293051359516617,0.3087248322147651,0.48081250000000003,0.4354222074468085
jeffmeloy/Qwen2.5-7B-olm-v1.2,0.42025492360270744,0.5533340429711561,0.2847432024169184,0.31711409395973156,0.46878125,0.4387466755319149
jeffmeloy/Qwen2.5-7B-olm-v1.3,0.4218540140161438,0.5531852688351706,0.3104229607250755,0.3213087248322148,0.4700520833333333,0.44697473404255317
jeffmeloy/Qwen2.5-7B-olm-v1.4,0.4545018329144448,0.5581962445576828,0.29229607250755285,0.31208053691275167,0.46220833333333333,0.4457280585106383
jeffmeloy/Qwen2.5-7B-olm-v1.5,0.4546514359676769,0.5543943528577703,0.28172205438066467,0.33976510067114096,0.4539270833333333,0.43991023936170215
jeffmeloy/jeffmeloy_Qwen2.5-7B-minperplexity-1,0.37571643239936703,0.5582354546195324,0.29154078549848944,0.33221476510067116,0.42903125,0.4367519946808511
jeonsworld/CarbonVillain-en-10.7B-v4,0.45792386423578324,0.516795956,0.046827795,0.3062080536912752,0.3965416666666666,0.31416223404255317
jiangxinyang-shanda/Homer-LLama3-8B,0.3991719748046295,0.5173242047543128,0.086102719,0.29697986577181207,0.40562499999999996,0.3139128989361702
jieliu/Storm-7B,0.3424192254329623,0.5187285371254579,0.061178248,0.30788590604026844,0.4428958333333333,0.3119182180851064
jiviai/medX_v2,0.37431792089433813,0.4508721125093523,0.054380664652567974,0.32298657718120805,0.34984375,0.34283577127659576
jlzhou/Qwen2.5-3B-Infinity-Instruct-0625,0.35575827692744144,0.4773774601029352,0.13670694864048338,0.26929530201342283,0.39809374999999997,0.3198969414893617
johnsutor/Llama-3-8B-Instruct_breadcrumbs-density-0.1-gamma-0.01,0.42712447417297217,0.5035519809362171,0.045317220543806644,0.3221476510067114,0.4637604166666667,0.37391954787234044
johnsutor/Llama-3-8B-Instruct_breadcrumbs-density-0.1-gamma-0.1,0.42532591302189304,0.5018845446835877,0.096676737,0.3011744966442953,0.41502083333333334,0.37242353723404253
johnsutor/Llama-3-8B-Instruct_breadcrumbs-density-0.3-gamma-0.01,0.33774828565982706,0.4917135045463188,0.010574018126888218,0.31208053691275167,0.5017708333333334,0.3533078457446808
johnsutor/Llama-3-8B-Instruct_breadcrumbs-density-0.3-gamma-0.1,0.4273993005226133,0.5125777877188348,0.08081571,0.3087248322147651,0.42264583333333333,0.37391954787234044
johnsutor/Llama-3-8B-Instruct_breadcrumbs-density-0.5-gamma-0.01,0.32036219453272874,0.48835763921755193,0.003776435,0.30201342281879195,0.5097708333333334,0.33444148936170215
johnsutor/Llama-3-8B-Instruct_breadcrumbs-density-0.5-gamma-0.1,0.43963904661852776,0.5140041302485145,0.080060423,0.3070469798657718,0.43979166666666664,0.36959773936170215
johnsutor/Llama-3-8B-Instruct_breadcrumbs-density-0.7-gamma-0.01,0.2814443454478561,0.4854325756272537,0.002265861,0.2902684563758389,0.5163125000000001,0.3295378989361702
johnsutor/Llama-3-8B-Instruct_breadcrumbs-density-0.7-gamma-0.1,0.4302218114602588,0.5157097379648965,0.062688822,0.30788590604026844,0.43315624999999996,0.36627327127659576
johnsutor/Llama-3-8B-Instruct_breadcrumbs-density-0.9-gamma-0.01,0.2789963962286732,0.48611535229340735,0.001510574,0.29446308724832215,0.5150104166666667,0.3304521276595745
johnsutor/Llama-3-8B-Instruct_breadcrumbs-density-0.9-gamma-0.1,0.4222784434190171,0.5153764046315631,0.074018127,0.30788590604026844,0.4384270833333333,0.3650265957446808
johnsutor/Llama-3-8B-Instruct_breadcrumbs_ties-density-0.1-gamma-0.01,0.4358923212631374,0.5040935986635269,0.048338369,0.3104026845637584,0.45315625,0.3762466755319149
johnsutor/Llama-3-8B-Instruct_breadcrumbs_ties-density-0.1-gamma-0.1,0.4201551882338861,0.501124271,0.098187311,0.30033557046979864,0.41502083333333334,0.3699301861702128
johnsutor/Llama-3-8B-Instruct_breadcrumbs_ties-density-0.3-gamma-0.01,0.35178659290682057,0.49985217584312186,0.023413897280966767,0.3062080536912752,0.48710416666666667,0.3611203457446808
johnsutor/Llama-3-8B-Instruct_breadcrumbs_ties-density-0.3-gamma-0.1,0.42038014689911657,0.5107301269172088,0.087613293,0.30453020134228187,0.42785416666666665,0.37101063829787234
johnsutor/Llama-3-8B-Instruct_breadcrumbs_ties-density-0.5-gamma-0.01,0.34541682735142754,0.4983827321097329,0.021903323,0.29697986577181207,0.49113541666666666,0.3531416223404255
johnsutor/Llama-3-8B-Instruct_breadcrumbs_ties-density-0.5-gamma-0.1,0.40916435058976847,0.513665953,0.08081571,0.2953020134228188,0.43569791666666663,0.366938165
johnsutor/Llama-3-8B-Instruct_breadcrumbs_ties-density-0.7-gamma-0.01,0.29038728351884113,0.4967337534367295,0.014350453172205438,0.29949664429530204,0.4990729166666667,0.34898603723404253
johnsutor/Llama-3-8B-Instruct_breadcrumbs_ties-density-0.7-gamma-0.1,0.41988036188424493,0.5146905664948336,0.08081571,0.2986577181208054,0.43576041666666665,0.3615359042553192
johnsutor/Llama-3-8B-Instruct_breadcrumbs_ties-density-0.9-gamma-0.01,0.29131149793658606,0.49182964384768835,0.010574018126888218,0.30033557046979864,0.4976770833333333,0.34541223404255317
johnsutor/Llama-3-8B-Instruct_breadcrumbs_ties-density-0.9-gamma-0.1,0.41623337189767595,0.5138610942606995,0.077794562,0.29697986577181207,0.43172916666666666,0.3624501329787234
johnsutor/Llama-3-8B-Instruct_dare_linear,0.21454961723781787,0.4282807940700452,0,0.2961409395973154,0.49792708333333335,0.24143949468085107
johnsutor/Llama-3-8B-Instruct_dare_ties-density-0.1,0.18907055501624578,0.41187360174735804,0.000755287,0.27181208053691275,0.46580208333333334,0.22647938829787234
johnsutor/Llama-3-8B-Instruct_dare_ties-density-0.3,0.21132705665412216,0.4558569854124363,0.001510574,0.29697986577181207,0.5069479166666667,0.30402260638297873
johnsutor/Llama-3-8B-Instruct_dare_ties-density-0.7,0.20338368861288048,0.4722858888388635,0.003021148,0.3036912751677852,0.5110104166666667,0.3148271276595745
johnsutor/Llama-3-8B-Instruct_dare_ties-density-0.9,0.21607335203925582,0.46639610671811504,0.001510574,0.30788590604026844,0.5230416666666667,0.3143284574468085
johnsutor/Llama-3-8B-Instruct_linear,0.4308213318439518,0.5031496839210309,0.10045317220543806,0.2953020134228188,0.40971874999999996,0.37117686170212766
johnsutor/Llama-3-8B-Instruct_ties-density-0.1,0.41161229980895137,0.5021445196013956,0.079305136,0.28859060402684567,0.417375,0.36003989361702127
johnsutor/Llama-3-8B-Instruct_ties-density-0.3,0.3626278274977061,0.49061122520005807,0.067220544,0.2961409395973154,0.40248958333333335,0.33211436170212766
johnsutor/Llama-3-8B-Instruct_ties-density-0.5,0.37966373666316483,0.47931248948849836,0.061178248,0.30453020134228187,0.3879791666666667,0.31748670212765956
johnsutor/Llama-3-8B-Instruct_ties-density-0.7,0.3681232463197649,0.4738186124296502,0.067220544,0.30956375838926176,0.3880729166666667,0.3152426861702128
johnsutor/Llama-3-8B-Instruct_ties-density-0.9,0.3858085435533274,0.47354321136013144,0.061933534743202415,0.29949664429530204,0.3880416666666667,0.3181515957446808
jpacifico/Chocolatine-14B-Instruct-4k-DPO,0.4688648341954902,0.6299582409761587,0.1782477341389728,0.3414429530201342,0.44388541666666664,0.4763962765957447
jpacifico/Chocolatine-14B-Instruct-DPO-v1.2,0.6852107962428579,0.6438408959901142,0.20921450151057402,0.32550335570469796,0.4267708333333333,0.46966422872340424
jpacifico/Chocolatine-14B-Instruct-DPO-v1.3,0.703995399,0.6846125547592651,0.5619335347432024,0.3414429530201342,0.42339583333333336,0.5374002659574468
jpacifico/Chocolatine-2-14B-Instruct-DPO-v2.0b1,0.10334024831890495,0.669567432,0.2756797583081571,0.37583892617449666,0.44673958333333336,0.5123836436170213
jpacifico/Chocolatine-2-14B-Instruct-v2.0,0.08852733,0.6769929749559443,0.48036253776435045,0.3875838926174497,0.5021145833333334,0.5301695478723404
jpacifico/Chocolatine-2-14B-Instruct-v2.0.1,0.074214196,0.6736278064166185,0.479607251,0.39177852348993286,0.50075,0.5299202127659575
jpacifico/Chocolatine-2-14B-Instruct-v2.0.3,0.7037205725253439,0.6548026688308357,0.4206948640483384,0.37919463087248323,0.47681250000000003,0.5374002659574468
jpacifico/Chocolatine-2-14B-Instruct-v2.0b2,0.7240787776433197,0.6475822300543483,0.3950151057401813,0.38338926174496646,0.48075,0.5369015957446809
jpacifico/Chocolatine-2-14B-Instruct-v2.0b3,0.7322969720342026,0.646878884,0.4108761329305136,0.37919463087248323,0.47811458333333334,0.5337433510638298
jpacifico/Chocolatine-3B-Instruct-DPO-Revised,0.5622625744136669,0.5539982344792619,0.18051359516616314,0.3221476510067114,0.44534375,0.3988530585106383
jpacifico/Chocolatine-3B-Instruct-DPO-v1.0,0.3737184005106451,0.5471398082537478,0.1782477341389728,0.31543624161073824,0.4754791666666667,0.3937001329787234
jpacifico/Chocolatine-3B-Instruct-DPO-v1.2,0.5455014915978493,0.5487182027245813,0.20468277945619334,0.3389261744966443,0.41542708333333334,0.3877160904255319
jpacifico/Distilucie-7B-Math-Instruct-DPO-v0.1,0.30475028479988653,0.38346961466103785,0.025679758,0.29949664429530204,0.3644479166666667,0.1809341755319149
jpacifico/Lucie-7B-Instruct-DPO-v1.1,0.31209413245743517,0.37810118011411814,0.023413897280966767,0.287751678,0.40159374999999997,0.18375997340425532
jpacifico/Lucie-7B-Instruct-DPO-v1.1.3,0.3044754584502453,0.381900182,0.024169184,0.2860738255033557,0.38178124999999996,0.1763630319148936
jpacifico/Lucie-7B-Instruct-Merged-Model_Stock-v1.0,0.32335979645119395,0.3802022135816421,0.024169184,0.28859060402684567,0.38438541666666665,0.1870844414893617
jpacifico/Lucie-7B-Instruct-Merged-Model_Stock-v1.1,0.30142798884736943,0.38078615414710804,0.027945619335347432,0.2827181208053691,0.37502083333333336,0.18617021276595744
jpacifico/Lucie-Boosted-7B-Instruct,0.25661467129438775,0.34654827210803724,0.012839879,0.26677852348993286,0.369875,0.1629820478723404
jsfs11/L3-8B-Stheno-slerp,0.6751940407008958,0.5325675903618755,0.098942598,0.28523489932885904,0.3725416666666667,0.36494348404255317
jsfs11/MixtureofMerges-MoE-4x7b-v4,0.40299405577201824,0.5169007103786006,0.063444109,0.2860738255033557,0.43855208333333334,0.30319148936170215
jsfs11/MixtureofMerges-MoE-4x7b-v5,0.41993022956865567,0.5198481257083689,0.075528701,0.28439597315436244,0.4304895833333333,0.3097573138297872
kaist-ai/janus-7b,0.37751499355044615,0.4693667591541633,0.040785498,0.2726510067114094,0.4401041666666667,0.28740026595744683
kaist-ai/janus-dpo-7b,0.4002712802031942,0.4772581104894978,0.041540785,0.28187919463087246,0.43873958333333335,0.2976230053191489
kaist-ai/janus-rm-7b,0.177804891,0.3056467446788138,0,0.2516778523489933,0.38829166666666665,0.11261635638297872
kaist-ai/mistral-orpo-capybara-7k,0.536733645,0.4488995185492166,0.039274924,0.2860738255033557,0.3963541666666666,0.297124335
kavonalds/BunderMaxx-0710,0.32825569488955975,0.6650758850169982,0.067975831,0.2609060402684564,0.3393333333333333,0.13139960106382978
kavonalds/BunderMaxx-1010,0.2980558252104416,0.7019840419971701,0.10498489425981873,0.2609060402684564,0.3484479166666667,0.12242353723404255
kavonalds/Lancer-1-1b-Instruct,0.5545940327220664,0.32532742727549835,0.039274924,0.26174496644295303,0.3144375,0.1568317819148936
kayfour/T3Q-Qwen2.5-7B-it-KOR-Safe,0.6081497094376255,0.5549941776226351,0.37613293051359514,0.3213087248322148,0.42772916666666666,0.44639295212765956
keeeeenw/MicroLlama,0.19853765785892544,0.3007313991347165,0.011329305135951661,0.2609060402684564,0.36981249999999993,0.11377992021276596
kekmodel/StopCarbon-10.7B-v5,0.47283651821611106,0.5177716413471513,0.055891238670694864,0.3062080536912752,0.4019375,0.3156582446808511
kevin009/llamaRAGdrama,0.2598372318780835,0.4007385667099335,0.04305136,0.26426174496644295,0.43157291666666664,0.27235704787234044
khoantap/cheap-moe-merge,0.4557008736818309,0.513116897,0.092145015,0.2953020134228188,0.4103020833333333,0.3338597074468085
khoantap/llama-3-8b-stock-merge,0.48117993590340297,0.5162255701726589,0.16163141993957703,0.3179530201342282,0.39458333333333334,0.37998670212765956
khoantap/llama-breadcrumbs-ties-merge,0.22051933314716063,0.5415928172799896,0.11253776435045318,0.26593959731543626,0.44344791666666666,0.3171542553191489
khoantap/llama-evolve-ties-best-merge,0.6743950495795601,0.5413565104914732,0.15634441087613293,0.31711409395973156,0.39455208333333336,0.3859707446808511
khoantap/llama-linear-0.5-0.5-1-merge,0.48122980358781364,0.5643013649244941,0.2054380664652568,0.3070469798657718,0.41427083333333337,0.38331117021276595
khoantap/llama-linear-0.5-1-0.5-merge,0.5031616111916382,0.5950766502131658,0.14803625377643503,0.2936241610738255,0.4171875,0.3690159574468085
khoantap/llama-linear-1-0.5-0.5-merge,0.45145436331156885,0.5526017944110775,0.24773413897280966,0.29278523489932884,0.4117604166666667,0.363530585
khoantap/llama-slerp-merge,0.49799088640363126,0.5782782780315171,0.083081571,0.3028523489932886,0.40531249999999996,0.3677692819148936
khoantap/moe-out-merge,0.4504802812094133,0.515116897,0.092900302,0.28859060402684567,0.40630208333333334,0.3347739361702128
khulaifi95/Llama-3.1-8B-Reason-Blend-888k,0.583170432,0.4789526925494476,0.11555891238670694,0.27936241610738255,0.3379375,0.3100066489361702
kms7530/chemeng_llama-3-8b-Instruct-bnb-4bit_24_1_100_1,0.5455014915978493,0.42890394469736065,0.061933534743202415,0.2701342281879195,0.38206249999999997,0.2798371010638298
kms7530/chemeng_phi-3-mini-4k-instruct-bnb-4bit_16_4_100_1_nonmath,0.4863251727638222,0.49871846432893613,0.10800604229607251,0.3104026845637584,0.39828125,0.3480718085106383
kms7530/chemeng_qwen-math-7b_24_1_100_1,0.21105223,0.3578007894497858,0.2243202416918429,0.24412751677852348,0.3686979166666666,0.21584109042553193
kms7530/chemeng_qwen-math-7b_24_1_100_1_nonmath,0.25836336476105626,0.3892856967853256,0.30966767371601206,0.2902684563758389,0.40869791666666666,0.24517952127659576
kno10/ende-chat-0.0.5,0.3404455733010634,0.3604365707523862,0.020392749,0.2651006711409396,0.39384375,0.17902260638297873
kno10/ende-chat-0.0.7,0.440063476,0.37918745577624335,0.017371601208459216,0.28104026845637586,0.386125,0.19664228723404256
kyutai/helium-1-preview-2b,0.26136096667952147,0.3638164815956466,0.013595166163141994,0.2785234899328859,0.3549583333333333,0.18725066489361702
kz919/QwQ-0.5B-Distilled-SFT,0.3076725311063534,0.3256291569645335,0.074018127,0.2609060402684564,0.3408541666666667,0.15874335106382978
ladydaina/ECE-FDF,0.3728440537773109,0.5150177593278346,0.081570997,0.2827181208053691,0.45039583333333333,0.30069813829787234
laislemke/LLaMA-2-vicuna-7b-slerp,0.29320979445648654,0.29862163052356266,0.011329305135951661,0.27348993288590606,0.3833020833333333,0.13422539893617022
lalainy/ECE-PRYMMAL-0.5B-FT-V5-MUSR,0.21377500587330506,0.32694393820046386,0.045317220543806644,0.27432885906040266,0.32625,0.15334109042553193
lalainy/ECE-PRYMMAL-0.5B-SLERP-V4,0.15639724819035714,0.2894308596288922,0,0.2625838926174497,0.37892708333333336,0.11685505319148937
lalainy/ECE-PRYMMAL-YL-0.5B-SLERP-BIS-V1,0.1437075847639818,0.3031946898842932,0.000755287,0.2348993288590604,0.3646041666666667,0.11211768617021277
lalainy/ECE-PRYMMAL-YL-1B-SLERP-V3,0.325008755,0.42245501886651654,0.097432024,0.29446308724832215,0.42128125,0.2931349734042553
lalainy/ECE-PRYMMAL-YL-1B-SLERP-V4,0.33235260220658963,0.4170742409015322,0.10045317220543806,0.2860738255033557,0.4306145833333333,0.289311835
lalainy/ECE-PRYMMAL-YL-6B-SLERP-V1,0.3264072660540699,0.46293726502592586,0.1268882175226586,0.28859060402684567,0.48639583333333336,0.32139295212765956
lalainy/ECE-PRYMMAL-YL-6B-SLERP-V2,0.3248835312526319,0.46293726502592586,0.1268882175226586,0.28859060402684567,0.48639583333333336,0.32139295212765956
langgptai/Qwen-las-v0.1,0.33010412372504955,0.38925525629956187,0.037009063,0.24664429530201343,0.37009374999999994,0.2325465425531915
langgptai/qwen1.5-7b-chat-sa-v0.1,0.42677429221133256,0.4325267992878656,0.030211480362537766,0.31208053691275167,0.3551458333333333,0.29928523936170215
lars1234/Mistral-Small-24B-Instruct-2501-writer,0.6565346613651777,0.6733164099871131,0.3557401812688822,0.38926174496644295,0.46453125,0.5447972074468085
leafspark/Llama-3.1-8B-MultiReflection-Instruct,0.7125382872999197,0.5009088261495708,0.17069486404833836,0.29278523489932884,0.3681979166666667,0.37242353723404253
lemon07r/Gemma-2-Ataraxy-9B,0.3008772279773224,0.5931298417725773,0.085347432,0.3347315436241611,0.4424270833333333,0.4226230053191489
lemon07r/Gemma-2-Ataraxy-Advanced-9B,0.5515964308036011,0.5889067263184956,0.19788519637462235,0.33557046979865773,0.3760729166666667,0.4243683510638298
lemon07r/Gemma-2-Ataraxy-Remix-9B,0.7083416446140685,0.5892021015046846,0.20166163141993956,0.3389261744966443,0.4371875,0.42386968085106386
lemon07r/Gemma-2-Ataraxy-v2-9B,0.21362429464930827,0.5765835815625312,0.084592145,0.3422818791946309,0.34838541666666667,0.422124335
lemon07r/Gemma-2-Ataraxy-v2a-9B,0.15946909755005606,0.518248966,0.061178248,0.33976510067114096,0.31647916666666664,0.35147938829787234
lemon07r/Gemma-2-Ataraxy-v2f-9B,0.37911408396388246,0.5192845467961766,0.1163141993957704,0.3389261744966443,0.3231458333333333,0.3503158244680851
lemon07r/Gemma-2-Ataraxy-v3-Advanced-9B,0.6601816513517467,0.5935146853737787,0.18731117824773413,0.33640939597315433,0.44496874999999997,0.41963098404255317
lemon07r/Gemma-2-Ataraxy-v3b-9B,0.6809144181881852,0.5907698162898164,0.21525679758308158,0.33305369127516776,0.44887499999999997,0.4204621010638298
lemon07r/Gemma-2-Ataraxy-v3i-9B,0.4203047912871182,0.5625750779805955,0.15332326283987915,0.32802013422818793,0.31806249999999997,0.41663896276595747
lemon07r/Gemma-2-Ataraxy-v3j-9B,0.4169326276501904,0.5632286961183511,0.1691842900302115,0.32802013422818793,0.31803125,0.41339760638297873
lemon07r/Gemma-2-Ataraxy-v4-Advanced-9B,0.7015474496558022,0.6023627309683861,0.21525679758308158,0.3389261744966443,0.4580520833333333,0.4366688829787234
lemon07r/Gemma-2-Ataraxy-v4a-Advanced-9B,0.7135123694020753,0.598838715,0.21148036253776434,0.34395973154362414,0.44890625,0.4309341755319149
lemon07r/Gemma-2-Ataraxy-v4b-9B,0.6878338364428604,0.6039158192304305,0.23338368580060423,0.34060402684563756,0.45547916666666666,0.4356715425531915
lemon07r/Gemma-2-Ataraxy-v4c-9B,0.6945282960323054,0.6084319292299174,0.22658610271903323,0.3338926174496644,0.45278124999999997,0.43949468085106386
lemon07r/Gemma-2-Ataraxy-v4d-9B,0.7250029920610646,0.6054158192304304,0.23338368580060423,0.34731543624161076,0.4541458333333333,0.4345910904255319
lemon07r/Llama-3-RedMagic4-8B,0.4864005283758206,0.42560489470390417,0.089879154,0.2902684563758389,0.3766354166666666,0.3676030585106383
lemon07r/llama-3-NeuralMahou-8b,0.49009738604680025,0.41841123683301523,0.10196374622356495,0.28859060402684567,0.3872708333333333,0.3690159574468085
lesubra/ECE-EIFFEL-3B,0.3469405621528655,0.5101583259186949,0.1216012084592145,0.3313758389261745,0.43622916666666667,0.3820644946808511
lesubra/ECE-EIFFEL-3Bv2,0.30130276555096036,0.5424007873371969,0.11858006042296072,0.33557046979865773,0.4442916666666667,0.39993351063829785
lesubra/ECE-EIFFEL-3Bv3,0.3786142989490109,0.5469446669064592,0.16691842900302115,0.3296979865771812,0.46751041666666665,0.39752327127659576
lesubra/ECE-PRYMMAL-3B-SLERP-V1,0.2932840418977203,0.5340594627933309,0.1661631419939577,0.31711409395973156,0.45951041666666664,0.3900432180851064
lesubra/ECE-PRYMMAL-3B-SLERP-V2,0.2932840418977203,0.5340594627933309,0.1661631419939577,0.31711409395973156,0.45951041666666664,0.3900432180851064
lesubra/ECE-PRYMMAL-3B-SLERP_2-V1,0.3649006857360692,0.5411447467732948,0.16767371601208458,0.3213087248322148,0.4661458333333333,0.3990192819148936
lesubra/ECE-PRYMMAL-3B-SLERP_2-V2,0.3664244205375071,0.5411447467732948,0.16767371601208458,0.3213087248322148,0.4661458333333333,0.3990192819148936
lesubra/merge-test,0.538257379,0.5240434385320306,0.12084592145015106,0.3221476510067114,0.44190625,0.38738364361702127
lightblue/suzume-llama-3-8B-multilingual,0.6678003253589365,0.49499524187359745,0.094410876,0.2835570469798658,0.39768749999999997,0.33834773936170215
lightblue/suzume-llama-3-8B-multilingual-orpo-borda-full,0.5817464327983085,0.4714219934773132,0.076283988,0.25922818791946306,0.3221875,0.33095079787234044
lightblue/suzume-llama-3-8B-multilingual-orpo-borda-half,0.6249107922534431,0.47074584910573014,0.090634441,0.24496644295302014,0.35158333333333336,0.36136968085106386
lightblue/suzume-llama-3-8B-multilingual-orpo-borda-top25,0.6636535503574958,0.4864641205580417,0.1042296072507553,0.2726510067114094,0.35660416666666667,0.3684341755319149
lightblue/suzume-llama-3-8B-multilingual-orpo-borda-top75,0.6687245397766814,0.48333166095856117,0.078549849,0.2726510067114094,0.3816875,0.37691156914893614
lkoenig/BBAI_145_,0.44503473007176514,0.5567169940219221,0.3610271903323263,0.3162751677852349,0.4382083333333333,0.448969415
lkoenig/BBAI_200_Gemma,0.070517338,0.3449044607726533,0,0.26677852348993286,0.36311458333333335,0.16788563829787234
lkoenig/BBAI_212_QwenLawLo,0.4566250880995758,0.5574113357405873,0.3602719033232628,0.3162751677852349,0.43696874999999996,0.44888630319148937
lkoenig/BBAI_212_Qwencore,0.4384400058511416,0.556868235,0.34894259818731116,0.3162751677852349,0.4343333333333333,0.448969415
lkoenig/BBAI_230_Xiaqwen,0.4648931501748693,0.557779566,0.36631419939577037,0.313758389,0.4422083333333333,0.4480551861702128
lkoenig/BBAI_375_QwenDyancabs,0.4565752204151651,0.5571383122938682,0.377643505,0.31291946308724833,0.44617708333333334,0.4476396276595745
lkoenig/BBAI_456_QwenKoen,0.45292823042859615,0.5552713612233481,0.3685800604229607,0.31291946308724833,0.4395104166666666,0.4468916223404255
lkoenig/BBAI_7B_KoenQwenDyan,0.5807224830117421,0.5536566841353078,0.37386706948640486,0.3179530201342282,0.43687499999999996,0.44597739361702127
lkoenig/BBAI_7B_Qwen2.5koen,0.45999725173650363,0.5544031312134464,0.36555891238670696,0.31291946308724833,0.43690625,0.4484707446808511
lkoenig/BBAI_7B_QwenDyanKoenLo,0.46631714960748594,0.5562461525503201,0.3640483383685801,0.3187919463087248,0.4343020833333333,0.4464760638297872
lkoenig/BBAI_7B_QwenDyancabsLAW,0.5549685944405289,0.5578836606885887,0.3678247734138973,0.3187919463087248,0.4461145833333333,0.4471409574468085
llmat/Mistral-v0.3-7B-ORPO,0.3770406964631622,0.39776607302918093,0.024169184,0.26677852348993286,0.35552083333333334,0.2278091755319149
llnYou/ECE-PRYMMAL-YL-1B-SLERP-V5,0.33125329680802496,0.42329545804357255,0.11102719033232629,0.2860738255033557,0.3868020833333334,0.29305186170212766
llnYou/ECE-PRYMMAL-YL-1B-SLERP-V6,0.13876181864120535,0.3944027089700251,0.002265861,0.2902684563758389,0.39279166666666665,0.2349567819148936
llnYou/ECE-PRYMMAL-YL-3B-SLERP-V1,0.23463299600615256,0.4018418465179459,0.009063444,0.2936241610738255,0.3364479166666667,0.2849900265957447
llnYou/ECE-PRYMMAL-YL-3B-SLERP-V2,0.2309361383351729,0.39897709281426197,0.012839879,0.27684563758389263,0.3587708333333333,0.28997672872340424
llnYou/ECE-PRYMMAL-YL-3B-SLERP-V3,0.35808100285021516,0.5473121918055145,0.1299093655589124,0.30453020134228187,0.43613541666666666,0.40433843085106386
lmsys/vicuna-13b-v1.3,0.3343506340953115,0.3384399312777569,0.014350453172205438,0.2676174496644295,0.3727291666666666,0.2243184840425532
lmsys/vicuna-7b-v1.3,0.29086158060612505,0.3298410006592924,0.012839879,0.2424496644295302,0.3793333333333333,0.18375997340425532
lmsys/vicuna-7b-v1.5,0.23515716077784724,0.39470436842233775,0.013595166163141994,0.25838926174496646,0.42311458333333335,0.21467752659574468
lodrick-the-lafted/llama-3.1-8b-instruct-ortho-v7,0.3514618988727687,0.39069140261362917,0.027190332326283987,0.2726510067114094,0.36159375,0.1973902925531915
lordjia/Llama-3-Cantonese-8B-Instruct,0.6669259786256023,0.4814148018954038,0.089123867,0.2936241610738255,0.40460416666666665,0.35147938829787234
lordjia/Qwen2-Cantonese-7B-Instruct,0.5435278394659503,0.5215311346221223,0.25604229607250756,0.2953020134228188,0.40038541666666666,0.38430851063829785
lt-asset/nova-1.3b,0.1214255951985177,0.31700122104895806,0.012084592145015106,0.24916107382550334,0.36978125,0.11419547872340426
lunahr/thea-3b-50r-u1,0.6030288523340293,0.41046731029294475,0.1042296072507553,0.2835570469798658,0.3181875,0.2808344414893617
lunahr/thea-v2-3b-50r,0.370396105,0.4194416192911743,0.024169184,0.2609060402684564,0.3221875,0.2409408244680851
m42-health/Llama3-Med42-70B,0.6291074349392944,0.6687891109485058,0.2258308157099698,0.34731543624161076,0.46289583333333334,0.4962599734042553
macadeliccc/Samantha-Qwen-2-7B,0.4377152621710395,0.5082341412476951,0.21148036253776434,0.2726510067114094,0.4799479166666667,0.3779089095744681
macadeliccc/magistrate-3.2-3b-base,0.1159301763764589,0.3342701056047533,0.011329305135951661,0.2609060402684564,0.39759374999999997,0.16888297872340424
macadeliccc/magistrate-3.2-3b-it,0.22918744486850445,0.3256506790327196,0.019637462235649546,0.24748322147651006,0.3763229166666667,0.15924202127659576
magnifi/Phi3_intent_v56_3_w_unknown_5_lr_0.002,0.20181008612703183,0.3281563256810973,0,0.26426174496644295,0.41229166666666667,0.1471908244680851
maldv/Awqward2.5-32B-Instruct,0.8254697535871487,0.6974465506773041,0.6231117824773413,0.34060402684563756,0.42748958333333337,0.5723071808510638
maldv/Lytta2.5-32B-Instruct,0.25079455843827714,0.559971089,0.34441087613293053,0.26677852348993286,0.37685416666666666,0.5048204787234043
maldv/Qwentile2.5-32B-Instruct,0.7393161256576994,0.6962837451098368,0.5219033232628398,0.38422818791946306,0.4682291666666667,0.5879321808510638
maldv/badger-kappa-llama-3-8b,0.46946435457918323,0.5084927997756815,0.086102719,0.3028523489932886,0.3765104166666666,0.3695146276595745
maldv/badger-lambda-llama-3-8b,0.4860758343417687,0.49634866510444836,0.094410876,0.28187919463087246,0.3753645833333333,0.37666223404255317
maldv/badger-mu-llama-3-8b,0.49194581488229006,0.514287577,0.055891238670694864,0.25922818791946306,0.35545833333333327,0.3673537234042553
maldv/badger-writer-llama-3-8b,0.5303140112678804,0.4863893856673737,0.075528701,0.28942953020134227,0.35809375000000004,0.3759973404255319
marcuscedricridia/Cheng-1,0.7788833628106757,0.5524677845280024,0.48942598187311176,0.2961409395973154,0.4073333333333333,0.43492353723404253
marcuscedricridia/Cheng-2,0.8337378156624423,0.6498988582965893,0.5438066465256798,0.34563758389261745,0.41933333333333334,0.5013297872340425
marcuscedricridia/Cheng-2-v1.1,0.8269934883885868,0.6510142192324059,0.5392749244712991,0.34312080536912754,0.41672916666666665,0.5076462765957447
marcuscedricridia/Hush-Qwen2.5-7B-MST,0.7488330961847898,0.5458495423775734,0.4244712990936556,0.3036912751677852,0.3913645833333333,0.41630651595744683
marcuscedricridia/Hush-Qwen2.5-7B-MST-v1.1,0.7444868504457063,0.55591954,0.4652567975830816,0.3062080536912752,0.4073333333333333,0.429936835
marcuscedricridia/Hush-Qwen2.5-7B-MST-v1.3,0.704320093,0.5516165586639877,0.47583081570996977,0.3145973154362416,0.43105208333333334,0.44398271276595747
marcuscedricridia/Hush-Qwen2.5-7B-Preview,0.7962439660101863,0.5431064770878757,0.37537764350453173,0.311241611,0.4298125,0.43641954787234044
marcuscedricridia/Hush-Qwen2.5-7B-RP-v1.4-1M,0.7727884236049238,0.5295123017150106,0.3368580060422961,0.2986577181208054,0.44327083333333334,0.4134807180851064
marcuscedricridia/Hush-Qwen2.5-7B-v1.1,0.7889499860370484,0.5383575636307666,0.4380664652567976,0.3162751677852349,0.4179375,0.4227061170212766
marcuscedricridia/Hush-Qwen2.5-7B-v1.2,0.7865020368178655,0.540250407,0.44033232628398794,0.3145973154362416,0.421875,0.4197140957446808
marcuscedricridia/Hush-Qwen2.5-7B-v1.3,0.7856276900845313,0.5326893189699237,0.3323262839879154,0.31208053691275167,0.42463541666666665,0.43450797872340424
marcuscedricridia/Hush-Qwen2.5-7B-v1.4,0.7834545672149895,0.542299836,0.4259818731117825,0.311241611,0.4231770833333333,0.4195478723404255
marcuscedricridia/Qwen2.5-7B-Preview,0.7679423928509688,0.5359781834039953,0.34441087613293053,0.3238255033557047,0.41403125,0.42578125
marcuscedricridia/Yell-Qwen2.5-7B-Preview,0.5838696879834395,0.53713638,0.19259818731117825,0.28104026845637586,0.40463541666666664,0.37982047872340424
marcuscedricridia/Yell-Qwen2.5-7B-Preview-v1.1,0.5757013612769672,0.5347734083768815,0.18957703927492447,0.2860738255033557,0.4059375,0.38314494680851063
marcuscedricridia/absolute-o1-7b,0.7515558717536137,0.5469413884153854,0.5083081570996979,0.3196308724832215,0.4113645833333333,0.44132313829787234
marcuscedricridia/cursa-o1-7b,0.7628215357473725,0.5465860023973769,0.4954682779456193,0.3070469798657718,0.4300625,0.4392453457446808
marcuscedricridia/cursa-o1-7b-2-28-2025,0.7467098409996586,0.538413713,0.4811178247734139,0.3070469798657718,0.42733333333333334,0.4365026595744681
marcuscedricridia/cursa-o1-7b-v1.1,0.7527549125209998,0.5492557305346194,0.4984894259818731,0.3070469798657718,0.425875,0.43916223404255317
marcuscedricridia/cursa-o1-7b-v1.2-normalize-false,0.7615726272955757,0.5492349810703803,0.49924471299093653,0.3070469798657718,0.4272708333333333,0.4435671542553192
marcuscedricridia/cursor-o1-7b,0.4106880853912065,0.5007453242508472,0.14123867069486404,0.28104026845637586,0.41009375,0.32513297872340424
marcuscedricridia/cursorr-o1.2-7b,0.1659895743294459,0.3068134113454804,0,0.25419463087248323,0.35384375,0.10804521276595745
marcuscedricridia/etr1o-explicit-v1.1,0.28803906966847964,0.31316553135589525,0.004531722,0.27768456375838924,0.4110520833333333,0.11951462765957446
marcuscedricridia/etr1o-explicit-v1.2,0.1504020443534267,0.29497368605886115,0,0.2609060402684564,0.40311458333333333,0.11261635638297872
marcuscedricridia/etr1o-v1.1,0.15971954414287426,0.31003625778742805,0,0.25671140939597314,0.40165625,0.11569148936170212
marcuscedricridia/etr1o-v1.2,0.7286998497320443,0.6349035922791185,0.35876132930513593,0.37583892617449666,0.4714479166666667,0.5315824468085106
marcuscedricridia/fan-o1-7b,0.4455588948434598,0.4849058892394324,0.16163141993957703,0.28439597315436244,0.3833645833333333,0.3273769946808511
marcuscedricridia/olmner-7b,0.7253775537795273,0.5471591805569388,0.46299093655589124,0.30788590604026844,0.43796875,0.4309341755319149
marcuscedricridia/olmner-della-7b,0.7636958824807067,0.5491231851969524,0.4962235649546828,0.3011744966442953,0.4207604166666667,0.43858045212765956
marcuscedricridia/olmner-o1-7b,0.7527549125209998,0.5480873056178129,0.49244712990936557,0.3011744966442953,0.42990625,0.43858045212765956
marcuscedricridia/olmner-sbr-7b,0.7600488924941378,0.5461642048146724,0.4947129909365559,0.3087248322147651,0.4153645833333333,0.4412400265957447
marcuscedricridia/post-cursa-o1,0.7628215357473725,0.5479692437233474,0.4871601208459215,0.30956375838926176,0.43514583333333334,0.4360871010638298
marcuscedricridia/pre-cursa-o1,0.740889728,0.5461688442794247,0.5037764350453172,0.30956375838926176,0.42596875,0.4424035904255319
marcuscedricridia/pre-cursa-o1-v1.2,0.7548781677061308,0.5486788313377599,0.506797583,0.31291946308724833,0.42723958333333334,0.4402426861702128
marcuscedricridia/pre-cursa-o1-v1.3,0.7506815250202795,0.5454519705653261,0.5075528700906344,0.31291946308724833,0.42714583333333334,0.4419880319148936
marcuscedricridia/pre-cursa-o1-v1.4,0.748783229,0.5493014138981462,0.48338368580060426,0.3053691275167785,0.42851041666666667,0.4435671542553192
marcuscedricridia/pre-cursa-o1-v1.6,0.7527549125209998,0.5473342320067097,0.5,0.32046979865771813,0.4233645833333333,0.44132313829787234
marcuscedricridia/r1o-et,0.3596800932636516,0.42092007019831174,0.079305136,0.2726510067114094,0.3579375,0.2579787234042553
marcuscedricridia/sbr-o1-7b,0.7454609325478618,0.5478826565229475,0.4984894259818731,0.3104026845637584,0.4404166666666667,0.43550531914893614
marcuscedricridia/stray-r1o-et,0.15622215720953736,0.2967459956151434,0.004531722,0.26174496644295303,0.4085729166666667,0.109375
matouLeLoup/ECE-PRYMMAL-0.5B-FT-EnhancedMUSREnsembleV3,0.18732186154957736,0.3239117424825444,0.026435045317220542,0.2609060402684564,0.37520833333333337,0.17195811170212766
matouLeLoup/ECE-PRYMMAL-0.5B-FT-MUSR-ENSEMBLE-V2Mathis,0.18732186154957736,0.3239117424825444,0.026435045317220542,0.2609060402684564,0.37520833333333337,0.17195811170212766
matouLeLoup/ECE-PRYMMAL-0.5B-FT-V4-MUSR-ENSEMBLE-Mathis,0.18732186154957736,0.3239117424825444,0.026435045317220542,0.2609060402684564,0.37520833333333337,0.17195811170212766
matouLeLoup/ECE-PRYMMAL-0.5B-FT-V4-MUSR-Mathis,0.18824607596732226,0.32327887380902803,0.027190332326283987,0.2634228187919463,0.3684791666666667,0.17204122340425532
matouLeLoup/ECE-PRYMMAL-0.5B-FT-V5-MUSR-Mathis,0.16521496296493304,0.30237295164613204,0.018882175,0.25671140939597314,0.42730208333333336,0.1116190159574468
mattshumer/Reflection-Llama-3.1-70B,0.004521337,0.645001286,0.21450151057401812,0.36325503355704697,0.45765625000000004,0.4955119680851064
mattshumer/ref_70_e3,0.6294321289733462,0.6500839481104265,0.2794561933534743,0.33557046979865773,0.4327604166666667,0.5302526595744681
maywell/Qwen2-7B-Multilingual-RP,0.4347176602525743,0.5062058680861069,0.2243202416918429,0.29697986577181207,0.3695625,0.3858876329787234
meditsolutions/Llama-3.1-MedIT-SUN-8B,0.7837293935646308,0.5186924904597405,0.20921450151057402,0.3087248322147651,0.40562499999999996,0.3916223404255319
meditsolutions/Llama-3.2-SUN-1B-Instruct,0.6412973133507981,0.34738999022447486,0.070996979,0.2424496644295302,0.35136458333333337,0.17810837765957446
meditsolutions/Llama-3.2-SUN-1B-chat,0.5481743994822625,0.35144575516411386,0.064199396,0.26174496644295303,0.3249166666666667,0.18375997340425532
meditsolutions/Llama-3.2-SUN-2.4B-checkpoint-26000,0.28139447776344545,0.3017752699243885,0.018126888,0.27768456375838924,0.41033333333333327,0.1344747340425532
meditsolutions/Llama-3.2-SUN-2.4B-checkpoint-34800,0.25009530268576263,0.3161124673749052,0.010574018126888218,0.2860738255033557,0.4022395833333334,0.13572140957446807
meditsolutions/Llama-3.2-SUN-2.4B-v1.0.0,0.5636865738462834,0.3390826682107771,0.062688822,0.2575503355704698,0.32094791666666667,0.15425531914893617
meditsolutions/Llama-3.2-SUN-2.5B-chat,0.560414146,0.3574734302161124,0.070996979,0.25922818791946306,0.3155208333333333,0.1813497340425532
meditsolutions/Llama-3.2-SUN-HDIC-1B-Instruct,0.6826631116548536,0.3507731670753292,0.061933534743202415,0.23657718120805368,0.3593645833333334,0.16871675531914893
meditsolutions/MSH-Lite-7B-v1-Bielik-v2.3-Instruct-Llama-Prune,0.36550020611976225,0.4034845834509661,0.026435045317220542,0.3028523489932886,0.42534374999999996,0.21899933510638298
meditsolutions/MSH-v1-Bielik-v2.3-Instruct-MedIT-merge,0.5814217387642566,0.5671722290858499,0.20770392749244712,0.34563758389261745,0.43845833333333334,0.3499833776595745
meditsolutions/MedIT-Mesh-3B-Instruct,0.5814217387642566,0.5575523356865378,0.20317220543806647,0.3238255033557047,0.4047604166666667,0.4011801861702128
meditsolutions/SmolLM2-MedIT-Upscale-2B,0.6429207835210575,0.3551122445928012,0.055891238670694864,0.26426174496644295,0.33136458333333335,0.19705784574468085
meetkai/functionary-small-v3.1,0.6274584768414474,0.4981781042779377,0.15709969788519637,0.28859060402684567,0.3833645833333333,0.33485704787234044
meraGPT/mera-mix-4x7B,0.4831779677921249,0.40189899163661713,0.053625378,0.30453020134228187,0.40565625,0.27476728723404253
mergekit-community/JAJUKA-WEWILLNEVERFORGETYOU-3B,0.49406907006742107,0.43697195,0.12462235649546828,0.29278523489932884,0.36562500000000003,0.3032746010638298
mergekit-community/SuperQwen-2.5-1.5B,0.1336409615376091,0.2906897601443365,0.019637462235649546,0.25419463087248323,0.3355208333333333,0.10746343085106383
mergekit-community/VirtuosoSmall-InstructModelStock,0.5237946426592552,0.6517899193567194,0.4093655589123867,0.3825503355704698,0.4755729166666667,0.5420545212765957
mergekit-community/diabolic6045_ELN-AOC-CAIN,0.086154736,0.31256779393862577,0.012084592145015106,0.2634228187919463,0.36575,0.11909906914893617
mergekit-community/mergekit-dare_ties-ajgjgea,0.5263423272472595,0.3494703687455365,0.064199396,0.26426174496644295,0.3289166666666667,0.17436835106382978
mergekit-community/mergekit-della-zgowfmf,0.4827535383892516,0.6590790528029254,0.36178247734138974,0.3901006711409396,0.4833854166666667,0.5414727393617021
mergekit-community/mergekit-model_stock-azgztvm,0.5061592131101034,0.6542775546755846,0.43731117824773413,0.38171140939597314,0.47300000000000003,0.5405585106382979
mergekit-community/mergekit-slerp-fmrazcr,0.41743241266506204,0.5341624678276029,0.11933534743202417,0.311241611,0.41045833333333337,0.3776595744680851
mergekit-community/mergekit-ties-rraxdhv,0.11230756614671294,0.5183590984128971,0.040030211,0.30788590604026844,0.42019791666666667,0.39095744680851063
mergekit-community/mergekit-ties-ykqemwr,0.35995491961329273,0.5455496677885336,0.12235649546827794,0.3221476510067114,0.4197916666666666,0.3734208776595745
mergekit-community/sexeh_time_testing,0.7329463601023063,0.5241321549202608,0.089879154,0.2911073825503356,0.36190625000000004,0.36668882978723405
meta-llama/Llama-2-13b-chat-hf,0.398472719,0.33427367066714186,0.013595166163141994,0.23154362416107382,0.40072916666666664,0.19232047872340424
meta-llama/Llama-2-13b-hf,0.24824687385027283,0.41256242233835055,0.015105740181268883,0.28104026845637586,0.35375,0.23778257978723405
meta-llama/Llama-2-70b-chat-hf,0.49579227560650185,0.30424741461642657,0.029456193,0.26426174496644295,0.3686666666666667,0.2432679521276596
meta-llama/Llama-2-70b-hf,0.2406780675274937,0.5472591190449342,0.032477341,0.3028523489932886,0.41235416666666663,0.37175864361702127
meta-llama/Llama-2-7b-chat-hf,0.3986478100329348,0.3113546355002185,0.019637462235649546,0.2533557046979866,0.3675520833333333,0.16879986702127658
meta-llama/Llama-2-7b-hf,0.2518938638368418,0.34961958199821835,0.017371601208459216,0.26677852348993286,0.37006249999999996,0.18608710106382978
meta-llama/Llama-3.1-70B,0.16843752354862876,0.626006918,0.18429003021148038,0.3875838926174497,0.4571875,0.4654255319148936
meta-llama/Llama-3.1-70B-Instruct,0.8668854195756149,0.6917287453663654,0.3806646525679758,0.3565436241610738,0.45806250000000004,0.5309175531914894
meta-llama/Llama-3.1-8B,0.12459828809780273,0.46595905446007296,0.06570997,0.3104026845637584,0.3811875,0.32878989361702127
meta-llama/Llama-3.1-8B-Instruct,0.4921707735475206,0.5087032184331889,0.1555891238670695,0.31543624161073824,0.39715625000000004,0.37982047872340424
meta-llama/Llama-3.2-1B,0.14777900415342402,0.31149540964608097,0.012084592145015106,0.22818791946308725,0.3447291666666667,0.12034574468085106
meta-llama/Llama-3.2-1B-Instruct,0.5698313807364459,0.34968498061768266,0.070241692,0.2751677852348993,0.3328541666666667,0.16821808510638298
meta-llama/Llama-3.2-3B,0.13374069690643048,0.3905117116991059,0.018882175,0.2676174496644295,0.35771875000000003,0.2487533244680851
meta-llama/Llama-3.2-3B-Instruct,0.7393161256576994,0.4610070239466069,0.17673716012084592,0.2785234899328859,0.3528541666666667,0.3194813829787234
meta-llama/Llama-3.3-70B-Instruct,0.8997581971391464,0.6919312828325811,0.48338368580060426,0.3288590604026846,0.44612500000000005,0.5331615691489362
meta-llama/Meta-Llama-3-70B,0.1603190645265673,0.6461074599904467,0.18580060422960726,0.3976510067114094,0.4518229166666667,0.4709109042553192
meta-llama/Meta-Llama-3-70B-Instruct,0.8099077115387172,0.6546699432372051,0.24471299093655588,0.28691275167785235,0.4153645833333333,0.5206948138297872
meta-llama/Meta-Llama-3-8B,0.14550614591506092,0.4597905195240255,0.045317220543806644,0.3053691275167785,0.36140625,0.32097739361702127
meta-llama/Meta-Llama-3-8B-Instruct,0.7408398604591373,0.49887111136169526,0.086858006,0.25922818791946306,0.3568229166666667,0.3664394946808511
mhl1/Qwen2.5-0.5B-cinstruct-stage1,0.14817905379947427,0.32557832478283544,0.012839879,0.2651006711409396,0.35003125,0.11394614361702128
microsoft/DialoGPT-medium,0.14790422744983311,0.3014156380141994,0,0.25419463087248323,0.4286666666666667,0.1118683510638298
microsoft/Orca-2-13b,0.3127933882099496,0.48844897288396094,0.031722054,0.2802013422818792,0.5129687500000001,0.27493351063829785
microsoft/Orca-2-7b,0.2183462102776189,0.4452132267545943,0.019637462235649546,0.2609060402684564,0.5026145833333333,0.23188164893617022
microsoft/Phi-3-medium-128k-instruct,0.6040029344361849,0.6382322530870549,0.19184290030211482,0.33640939597315433,0.4129479166666667,0.47116023936170215
microsoft/Phi-3-medium-4k-instruct,0.6422713954529538,0.6412464890555547,0.19561933534743203,0.33640939597315433,0.42575,0.4675864361702128
microsoft/Phi-3-mini-128k-instruct,0.5976331688807919,0.5574531792679852,0.1404833836858006,0.3179530201342282,0.3936875,0.3734208776595745
microsoft/Phi-3-mini-4k-instruct,0.5612884923115112,0.5675972626334875,0.1163141993957704,0.3196308724832215,0.3950208333333333,0.38663563829787234
microsoft/Phi-3-small-128k-instruct,0.6368258443153056,0.6202176778696983,0.2026086956521739,0.31711409395973156,0.43784375000000003,0.4490525265957447
microsoft/Phi-3-small-8k-instruct,0.6496651107949131,0.6208364880870563,0.18869565217391304,0.31208053691275167,0.45579166666666665,0.4506316489361702
microsoft/Phi-3.5-MoE-instruct,0.692454909,0.640762565,0.3119335347432024,0.35570469798657717,0.4564791666666667,0.46575797872340424
microsoft/Phi-3.5-mini-instruct,0.5774500547436359,0.5517785126111956,0.19637462235649547,0.33976510067114096,0.402125,0.39619348404255317
microsoft/Phi-4-mini-instruct,0.7377923908562614,0.568862936,0.16993957703927492,0.30956375838926176,0.3873020833333333,0.39320146276595747
microsoft/phi-1,0.20680571993421898,0.31394755895837845,0.009818731,0.2651006711409396,0.35251041666666666,0.11619015957446809
microsoft/phi-1_5,0.2032839532440591,0.33597583211996657,0.018126888,0.2676174496644295,0.34041666666666665,0.16913231382978725
microsoft/phi-2,0.273875539,0.4881208771249696,0.029456193,0.27181208053691275,0.4098958333333333,0.26279920212765956
microsoft/phi-4,0.048785001573602486,0.6703464626619114,0.27870090634441086,0.401006711,0.5033541666666667,0.5295046542553191
migtissera/Llama-3-70B-Synthia-v3.5,0.6076499244227538,0.6488638026271278,0.21148036253776434,0.3875838926174497,0.49219791666666673,0.4658410904255319
migtissera/Llama-3-8B-Synthia-v3.5,0.5069582042314393,0.4887940933660044,0.06570997,0.27181208053691275,0.40438541666666666,0.30302526595744683
migtissera/Tess-3-7B-SFT,0.3946262583279033,0.46073483895076217,0.040030211,0.2709731543624161,0.4112708333333333,0.30335771276595747
migtissera/Tess-3-Mistral-Nemo-12B,0.335499807,0.489942302,0.057401813,0.25083892617449666,0.44578125,0.25648271276595747
migtissera/Tess-v2.5-Phi-3-medium-128k-14B,0.45387682460316403,0.6206613823135703,0.05060423,0.30788590604026844,0.41130208333333335,0.3731715425531915
migtissera/Tess-v2.5.2-Qwen2-72B,0.44943084349525925,0.6646791891060648,0.2938066465256798,0.35067114093959734,0.41883333333333334,0.5561003989361702
migtissera/Trinity-2-Codestral-22B,0.4202050559182968,0.5593244825460373,0.096676737,0.3145973154362416,0.4110520833333333,0.3307845744680851
migtissera/Trinity-2-Codestral-22B-v0.2,0.43446832183052075,0.5686364683055418,0.083836858,0.30033557046979864,0.40447916666666667,0.33402593085106386
mindw96/DeepSeek-llama3.3-Bllossom-8B-DACON-LLM3,0.13881168632561602,0.3067536965504715,0.008308157,0.25083892617449666,0.3792083333333333,0.11062167553191489
minghaowu/Qwen1.5-1.8B-OpenHermes-2.5,0.27779735546128714,0.33746396801266015,0.024169184,0.2835570469798658,0.3528854166666667,0.17918882978723405
ministral/Ministral-3b-instruct,0.1357642167227401,0.31918598478332383,0.008308157,0.2516778523489933,0.33825,0.10929188829787234
mistral-community/Mistral-7B-v0.2,0.22663976028050017,0.4510187962797583,0.030211480362537766,0.29194630872483224,0.4031770833333333,0.2952958776595745
mistral-community/mixtral-8x22B-v0.3,0.25826362939223485,0.6250002178435845,0.18353474320241692,0.3775167785234899,0.4036979166666667,0.46392952127659576
mistralai/Codestral-22B-v0.1,0.5771752283939946,0.5139136921003167,0.10045317220543806,0.2986577181208054,0.4187083333333333,0.3155751329787234
mistralai/Ministral-8B-Instruct-2410,0.5896399331551394,0.47616402016891385,0.19561933534743203,0.28439597315436244,0.41375,0.3291223404255319
mistralai/Mistral-7B-Instruct-v0.1,0.4487060998151571,0.33548084759810987,0.022658610271903322,0.25,0.38476041666666666,0.24143949468085107
mistralai/Mistral-7B-Instruct-v0.2,0.5496227786717023,0.44597355203292793,0.030211480362537766,0.276006711,0.39660416666666665,0.2716921542553192
mistralai/Mistral-7B-Instruct-v0.3,0.5465254413844156,0.47219631712648397,0.038519637,0.27936241610738255,0.37390625000000005,0.30751329787234044
mistralai/Mistral-7B-v0.1,0.2385548123423627,0.4419401145517045,0.029456193,0.29194630872483224,0.4139375,0.30127992021276595
mistralai/Mistral-7B-v0.3,0.22663976028050017,0.45168546294642503,0.030211480362537766,0.29194630872483224,0.4031770833333333,0.2952958776595745
mistralai/Mistral-Large-Instruct-2411,0.8400577135334246,0.6746647735675069,0.4954682779456193,0.43708053691275167,0.454,0.5561835106382979
mistralai/Mistral-Nemo-Base-2407,0.16299197241098062,0.5035062000369291,0.059667674,0.2936241610738255,0.3921354166666667,0.34715757978723405
mistralai/Mistral-Nemo-Instruct-2407,0.6380248850826917,0.5036523950310812,0.1268882175226586,0.2902684563758389,0.38999999999999996,0.3517287234042553
mistralai/Mistral-Small-24B-Base-2501,0.16723848278124265,0.6441860347172437,0.1971299093655589,0.3875838926174497,0.42366666666666664,0.5406416223404256
mistralai/Mistral-Small-Instruct-2409,0.666975846,0.5213075098146217,0.14350453172205438,0.3238255033557047,0.36320833333333336,0.39602726063829785
mistralai/Mixtral-8x22B-Instruct-v0.1,0.7183584001560305,0.6124924926272018,0.18731117824773413,0.3733221476510067,0.43111458333333336,0.44830452127659576
mistralai/Mixtral-8x22B-v0.1,0.25826362939223485,0.6239807473187268,0.18353474320241692,0.37583892617449666,0.4036979166666667,0.46392952127659576
mistralai/Mixtral-8x7B-Instruct-v0.1,0.5599143605633053,0.49623654013356494,0.091389728,0.3028523489932886,0.42032291666666666,0.36918218085106386
mistralai/Mixtral-8x7B-v0.1,0.24152692633324024,0.508666744,0.10196374622356495,0.313758389,0.43213541666666666,0.3849734042553192
mixtao/MixTAO-7Bx2-MoE-v8.1,0.41623337189767595,0.5189059391733521,0.090634441,0.28439597315436244,0.4463333333333333,0.3123337765957447
mkurman/llama-3.2-MEDIT-3B-o1,0.43816517950150047,0.43996584807961553,0.13066465256797583,0.26593959731543626,0.3565416666666667,0.27410239361702127
mkurman/phi-4-MedIT-11B-exp-1,0.5947607902587357,0.5413943771388249,0.089879154,0.3011744966442953,0.38479166666666664,0.38248005319148937
mkurman/phi4-MedIT-10B-o1,0.34629117408476173,0.519820312,0.1148036253776435,0.24580536912751677,0.39679166666666665,0.3507313829787234
mkxu/llama-3-8b-instruct-fpo,0.6790161216682846,0.4959114413700331,0.07326284,0.27768456375838924,0.36578125,0.36045545212765956
mkxu/llama-3-8b-po1,0.4081149128756145,0.49760854852246356,0.070241692,0.29697986577181207,0.3804166666666667,0.3562167553191489
mlabonne/AlphaMonarch-7B,0.49394384677101205,0.4625522037183211,0.040785498,0.2701342281879195,0.41213541666666664,0.24725731382978725
mlabonne/Beyonder-4x7B-v3,0.5608385749810503,0.4670522037183211,0.053625378,0.28523489932885904,0.40454166666666663,0.2512466755319149
mlabonne/BigQwen2.5-52B-Instruct,0.7913480675718205,0.7121004678698547,0.547583082,0.30201342281879195,0.41130208333333335,0.5519448138297872
mlabonne/BigQwen2.5-Echo-47B-Instruct,0.7356691356711305,0.6125111878044905,0.4380664652567976,0.3145973154362416,0.4124791666666667,0.4734042553191489
mlabonne/ChimeraLlama-3-8B-v2,0.44688315890725494,0.5045597361952603,0.090634441,0.28523489932885904,0.3790833333333334,0.3568816489361702
mlabonne/ChimeraLlama-3-8B-v3,0.44078821970150317,0.49781902726529204,0.08836858,0.29194630872483224,0.4003541666666666,0.36685505319148937
mlabonne/Daredevil-8B,0.45477665926408595,0.5194408746721715,0.10649546827794562,0.30788590604026844,0.393875,0.383061835
mlabonne/Daredevil-8B-abliterated,0.44263664853699297,0.4254272523147253,0.094410876,0.2902684563758389,0.40702083333333333,0.3700964095744681
mlabonne/Hermes-3-Llama-3.1-70B-lorablated,0.34244360518978534,0.6693171063183693,0.2243202416918429,0.36577181208053694,0.5029270833333334,0.4679188829787234
mlabonne/Meta-Llama-3.1-8B-Instruct-abliterated,0.7329463601023063,0.48740648734902187,0.068731118,0.25671140939597314,0.36488541666666663,0.3503158244680851
mlabonne/NeuralBeagle14-7B,0.49351941736813876,0.46278709452353844,0.052114804,0.28187919463087246,0.43194791666666665,0.2601396276595745
mlabonne/NeuralDaredevil-8B-abliterated,0.756077208,0.5110566504436299,0.090634441,0.3062080536912752,0.4019375,0.38414228723404253
mlabonne/OrpoLlama-3-8B,0.36527524745453177,0.4424079063503051,0.055891238670694864,0.27936241610738255,0.3579375,0.2705285904255319
mlabonne/phixtral-2x2_8,0.3431184811854767,0.48885941873076205,0.035498489425981876,0.2651006711409396,0.3643541666666667,0.2550698138297872
mlx-community/Josiefied-Qwen2.5-0.5B-Instruct-abliterated-v1-float32,0.3368983186833158,0.32921013057720044,0.084592145,0.2575503355704698,0.3249166666666667,0.16381316489361702
mlx-community/Mistral-Small-24B-Instruct-2501-bf16,0.6282829558903709,0.6713272911918485,0.32250755287009064,0.3951342281879195,0.4618333333333333,0.5394780585106383
mmnga/Llama-3-70B-japanese-suzume-vector-v0.1,0.4648931501748693,0.6541763652331517,0.2326283987915408,0.2860738255033557,0.4140625,0.5224401595744681
mobiuslabsgmbh/DeepSeek-R1-ReDistill-Llama3-8B-v1.1,0.370396105,0.34730320150504124,0.3285498489425982,0.2709731543624161,0.33955208333333337,0.2198304521276596
mobiuslabsgmbh/DeepSeek-R1-ReDistill-Qwen-7B-v1.1,0.34731512387132807,0.36983762765044165,0.3496978851963746,0.2651006711409396,0.40088541666666666,0.23262965425531915
moeru-ai/L3.1-Moe-2x8B-v0.2,0.7347947889377962,0.5255688392585965,0.16993957703927492,0.30033557046979864,0.41985416666666664,0.38580452127659576
moeru-ai/L3.1-Moe-4x8B-v0.1,0.433219413,0.49392781736367014,0.1299093655589124,0.25922818791946306,0.3609166666666667,0.34541223404255317
moeru-ai/L3.1-Moe-4x8B-v0.2,0.5406554608438943,0.446625676,0.10347432024169184,0.26677852348993286,0.3233958333333333,0.27626329787234044
monsterapi/Llama-3_1-8B-Instruct-orca-ORPO,0.22728914834860392,0.28653625778742803,0,0.24916107382550334,0.34447916666666667,0.11677194148936171
monsterapi/gemma-2-2b-LoRA-MonsterInstruct,0.3902545246612322,0.36496861927498697,0.05060423,0.2701342281879195,0.3643854166666667,0.19872007978723405
mosaicml/mpt-7b,0.21519900530592162,0.32997415960801324,0.015861027190332326,0.2600671140939597,0.36723958333333334,0.12059507978723404
mosama/Qwen2.5-1.5B-Instruct-CoT-Reflection,0.2870394996387363,0.41093712633583523,0.027190332326283987,0.26174496644295303,0.3211979166666667,0.26512632978723405
mrdayl/OpenCogito,0.3933773498761065,0.47196973414577464,0.21827794561933533,0.30033557046979864,0.42401041666666667,0.3451628989361702
mrdayl/OpenCognito,0.40621661635571393,0.4705607805549634,0.21148036253776434,0.2978187919463087,0.42934374999999997,0.3443317819148936
mrdayl/OpenCognito-r1,0.42412687225450696,0.4673346036303057,0.1903323262839879,0.29949664429530204,0.42407291666666663,0.3474900265957447
mrdayl/OpenCognito-r2,0.3958751667797001,0.46882818163435913,0.20241691842900303,0.3062080536912752,0.42016666666666663,0.34616023936170215
mrdayl/OpenThink,0.20540720842919008,0.34597850879756104,0.28851963746223563,0.2827181208053691,0.32888541666666665,0.18500664893617022
mrm8488/phi-4-14B-grpo-gsm8k-3e,0.688533092,0.6805415739665394,0.452416918,0.33557046979865773,0.39939583333333334,0.52684508
mrm8488/phi-4-14B-grpo-limo,0.681239112,0.678485424,0.4569486404833837,0.33640939597315433,0.3980625,0.5260970744680851
mukaj/Llama-3.1-Hawkish-8B,0.6720468357291984,0.4883822828416351,0.243202417,0.2902684563758389,0.39672916666666663,0.33311170212765956
natong19/Mistral-Nemo-Instruct-2407-abliterated,0.6392239258500778,0.5048447739625885,0.13217522658610273,0.28691275167785235,0.4033333333333333,0.351811835
natong19/Qwen2-7B-Instruct-abliterated,0.5836945970026197,0.5553035842403061,0.2764350453172205,0.3011744966442953,0.4034270833333333,0.3842253989361702
nazimali/Mistral-Nemo-Kurdish,0.3401208792670115,0.5133321102266589,0.09592145,0.3011744966442953,0.4115729166666667,0.3234707446808511
nazimali/Mistral-Nemo-Kurdish-Instruct,0.4963917959901949,0.4699417600389813,0.004531722,0.2827181208053691,0.397875,0.3062666223404255
nbeerbower/BigKartoffel-mistral-nemo-20B,0.5857181168189294,0.551483052,0.026435045317220542,0.28691275167785235,0.42804166666666665,0.3529753989361702
nbeerbower/DoppelKartoffel-Mistral-Nemo-23B,0.5191480826429429,0.5217926041279988,0.030966767371601207,0.2751677852348993,0.3794895833333333,0.3080119680851064
nbeerbower/DoublePotato-Mistral-Nemo-13B,0.6796156420519777,0.5437915398770364,0.040030211,0.3011744966442953,0.45997916666666666,0.359624335
nbeerbower/Dumpling-Qwen2.5-1.5B,0.3698963195432563,0.4159743091354106,0.11706948640483383,0.2684563758389262,0.37276041666666665,0.2771775265957447
nbeerbower/Dumpling-Qwen2.5-14B,0.6064010159709571,0.6450644262798378,0.30966767371601206,0.3011744966442953,0.43539583333333337,0.5170378989361702
nbeerbower/Dumpling-Qwen2.5-7B-1k-r16,0.4860004787297703,0.5214228032573378,0.236404834,0.2701342281879195,0.4229895833333333,0.39586103723404253
nbeerbower/Dumpling-Qwen2.5-7B-1k-r64-2e-5,0.41790671,0.5300548108450988,0.21148036253776434,0.2701342281879195,0.4486041666666667,0.41215093085106386
nbeerbower/EVA-abliterated-TIES-Qwen2.5-1.5B,0.41148707651254224,0.39965589836197535,0.13746223564954682,0.2651006711409396,0.35018750000000004,0.27119348404255317
nbeerbower/EVA-abliterated-TIES-Qwen2.5-14B,0.783554303,0.6372016353633118,0.5045317220543807,0.3548657718120805,0.4406666666666667,0.5211103723404256
nbeerbower/Flammades-Mistral-Nemo-12B,0.38415958545548035,0.5299609345270283,0.075528701,0.3036912751677852,0.480625,0.36610704787234044
nbeerbower/Gemma2-Gutenberg-Doppel-9B,0.7171094917042337,0.5870114193661848,0.19788519637462235,0.3296979865771812,0.46078125,0.41273271276595747
nbeerbower/Gutensuppe-mistral-nemo-12B,0.29161070404305023,0.5486832203098263,0.13293051359516617,0.337248322,0.42903125,0.3680186170212766
nbeerbower/Hermes2-Gutenberg2-Mistral-7B,0.37214479802479644,0.4981450458280896,0.057401813,0.28942953020134227,0.46230208333333334,0.29928523936170215
nbeerbower/Kartoffel-Deepfry-12B,0.5021620411618949,0.5365374219062301,0.060422961,0.2961409395973154,0.4791666666666667,0.3582114361702128
nbeerbower/Llama-3.1-Nemotron-lorablated-70B,0.7228797368759337,0.6825051293384551,0.3338368580060423,0.39093959731543626,0.4681666666666667,0.5343251329787234
nbeerbower/Llama3.1-Gutenberg-Doppel-70B,0.7092159913474027,0.6660891255994471,0.2122356495468278,0.3447986577181208,0.48971875,0.4736535904255319
nbeerbower/Lyra-Gutenberg-mistral-nemo-12B,0.34948824674086976,0.5586245741555749,0.10120845921450151,0.3338926174496644,0.43566666666666665,0.36278257978723405
nbeerbower/Lyra4-Gutenberg-12B,0.2212185888996751,0.538669488,0.1299093655589124,0.3187919463087248,0.4037916666666666,0.35713098404255317
nbeerbower/Lyra4-Gutenberg2-12B,0.25851296781428834,0.5344527944750038,0.11706948640483383,0.31291946308724833,0.39721874999999995,0.35654920212765956
nbeerbower/Mahou-1.5-mistral-nemo-12B-lorablated,0.6824880206740338,0.5496040380079439,0.089123867,0.27936241610738255,0.45216666666666666,0.35738031914893614
nbeerbower/Mistral-Gutenberg-Doppel-7B-FFT,0.5716798095719358,0.40762540890255944,0.024924471299093656,0.2835570469798658,0.4059375,0.2728557180851064
nbeerbower/Mistral-Nemo-Gutenberg-Doppel-12B,0.3567068711020093,0.5274606999473499,0.1216012084592145,0.3162751677852349,0.41321874999999997,0.35787898936170215
nbeerbower/Mistral-Nemo-Gutenberg-Doppel-12B-v2,0.6535869271311232,0.5374496172235809,0.11555891238670694,0.2709731543624161,0.42330208333333336,0.3546376329787234
nbeerbower/Mistral-Nemo-Moderne-12B-FFT-experimental,0.33522498082864577,0.5234089179237257,0.077039275,0.28104026845637586,0.3714895833333333,0.3454953457446808
nbeerbower/Mistral-Nemo-Prism-12B,0.6858103166265509,0.5475186352291487,0.086858006,0.30788590604026844,0.46261458333333333,0.3581283244680851
nbeerbower/Mistral-Nemo-Prism-12B-v2,0.6974006746543615,0.5491875637377679,0.089123867,0.3053691275167785,0.45997916666666666,0.3567154255319149
nbeerbower/Mistral-Nemo-Prism-12B-v7,0.6961517662025647,0.5521104600038905,0.086858006,0.29949664429530204,0.46388541666666666,0.35904255319148937
nbeerbower/Mistral-Small-Drummer-22B,0.6331289866443259,0.5793201948136216,0.18882175226586104,0.34312080536912754,0.40636458333333336,0.40949135638297873
nbeerbower/Mistral-Small-Gutenberg-Doppel-22B,0.48932277468228746,0.5858932329112819,0.21827794561933533,0.3464765100671141,0.39706250000000004,0.41240026595744683
nbeerbower/Nemo-Loony-12B-experimental,0.37344357416100393,0.38222228797769536,0.015105740181268883,0.2701342281879195,0.3340625,0.1589095744680851
nbeerbower/Nemoties-ChatML-12B,0.6381999760635115,0.5470252374810588,0.078549849,0.29697986577181207,0.45086458333333335,0.3550531914893617
nbeerbower/Qwen2.5-Gutenberg-Doppel-14B,0.8090832324897937,0.6381735755183319,0.5415407854984894,0.33305369127516776,0.4100625,0.49210438829787234
nbeerbower/SmolNemo-12B-FFT-experimental,0.3348005514257725,0.3336088810494464,0.012839879,0.2600671140939597,0.38469791666666664,0.12167553191489362
nbeerbower/Stella-mistral-nemo-12B-v2,0.32743121584063617,0.5483750956495209,0.1163141993957704,0.33221476510067116,0.4303958333333333,0.3684341755319149
nbeerbower/gemma2-gutenberg-27B,0.29470804133033685,0.37965683503451614,0.018882175,0.2726510067114094,0.3727291666666666,0.19822140957446807
nbeerbower/gemma2-gutenberg-9B,0.2795948084416016,0.5950904001490335,0.08081571,0.33808724832214765,0.45951041666666664,0.4192154255319149
nbeerbower/llama-3-gutenberg-8B,0.4371910973993448,0.49936002561994197,0.078549849,0.3011744966442953,0.40730208333333334,0.383061835
nbeerbower/llama3.1-cc-8B,0.5068086011782071,0.4871187428614386,0.070996979,0.28523489932885904,0.38851041666666664,0.3346908244680851
nbeerbower/llama3.1-kartoffeldes-70B,0.8230218043679659,0.6893878613110068,0.3217522658610272,0.35151006711409394,0.46460416666666665,0.4988364361702128
nbeerbower/mistral-nemo-bophades-12B,0.6794405510711579,0.4988471515853883,0.12311178247734139,0.28523489932885904,0.41778125,0.35006648936170215
nbeerbower/mistral-nemo-bophades3-12B,0.6577835698169745,0.544933208,0.084592145,0.31208053691275167,0.4604479166666667,0.3371010638297872
nbeerbower/mistral-nemo-cc-12B,0.14353249378316202,0.5399409546487519,0.025679758,0.31543624161073824,0.44236458333333334,0.3597905585106383
nbeerbower/mistral-nemo-gutades-12B,0.3425189608017837,0.5407194259684368,0.11782477341389729,0.31543624161073824,0.4040416666666667,0.3560505319148936
nbeerbower/mistral-nemo-gutenberg-12B,0.350386973,0.5281363707697807,0.1163141993957704,0.3070469798657718,0.41706250000000006,0.3562167553191489
nbeerbower/mistral-nemo-gutenberg-12B-v2,0.6203395878491292,0.5397203788283472,0.10876132930513595,0.27768456375838924,0.4286979166666667,0.34990026595744683
nbeerbower/mistral-nemo-gutenberg-12B-v3,0.21827085466562057,0.544065799,0.059667674,0.3145973154362416,0.44503125,0.3644448138297872
nbeerbower/mistral-nemo-gutenberg-12B-v4,0.237929804,0.5269028864823667,0.12613293051359517,0.3162751677852349,0.4104270833333333,0.3575465425531915
nbeerbower/mistral-nemo-gutenberg2-12B-test,0.33847192116916447,0.525477909,0.1163141993957704,0.31711409395973156,0.4157291666666667,0.35546875
nbeerbower/mistral-nemo-kartoffel-12B,0.7031709198260616,0.5483796436144805,0.085347432,0.30453020134228187,0.46528125000000004,0.35846077127659576
nbeerbower/mistral-nemo-narwhal-12B,0.5549187267561182,0.5057374929934754,0.0581571,0.2709731543624161,0.38469791666666664,0.34832114361702127
nbeerbower/mistral-nemo-wissenschaft-12B,0.6520133246452745,0.5040306120993181,0.1216012084592145,0.29278523489932884,0.41778125,0.35322473404255317
nbrahme/IndusQ,0.24397487555242311,0.30624035198474986,0.000755287,0.26510067114093966,0.3366354166666667,0.11203457446808511
necva/IE-cont-Llama3.1-8B,0.20490742341431845,0.2911778102988436,0,0.2600671140939597,0.35753125,0.11668882978723404
necva/replica-IEPile,0.4677910167245132,0.4778579652970231,0.12386706948640483,0.3062080536912752,0.3997604166666667,0.3560505319148936
neopolita/jessi-v0.1-bf16-falcon3-7b-instruct,0.7527050448365891,0.5516128933222162,0.3806646525679758,0.3028523489932886,0.48248958333333336,0.3923703457446808
neopolita/jessi-v0.1-falcon3-10b-instruct,0.755152994,0.5952883626256132,0.2001510574018127,0.3187919463087248,0.42785416666666665,0.4187998670212766
neopolita/jessi-v0.1-qwen2.5-7b-instruct,0.7326715337526651,0.5292315105257686,0.4086102719033233,0.29697986577181207,0.3913645833333333,0.42278922872340424
neopolita/jessi-v0.1-virtuoso-small,0.7959192719761344,0.6442861439957068,0.33987915407854985,0.33053691275167785,0.43616666666666665,0.5129654255319149
neopolita/jessi-v0.2-falcon3-10b-instruct,0.7768099753099553,0.6204846671314362,0.2122356495468278,0.3288590604026846,0.42813541666666666,0.4354222074468085
neopolita/jessi-v0.2-falcon3-7b-instruct,0.5770754930251731,0.5363079188886575,0.2537764350453172,0.31711409395973156,0.44788541666666665,0.3904587765957447
neopolita/jessi-v0.3-falcon3-7b-instruct,0.7509064836855099,0.538793503,0.18882175226586104,0.3196308724832215,0.46915625,0.3970246010638298
neopolita/jessi-v0.4-falcon3-7b-instruct,0.7603735865281896,0.5521668757306609,0.3768882175226586,0.3028523489932886,0.49712500000000004,0.40043218085106386
neopolita/jessi-v0.5-falcon3-7b-instruct,0.7411645544931892,0.5589627302276082,0.37386706948640486,0.311241611,0.48652083333333335,0.3966090425531915
neopolita/jessi-v0.6-falcon3-7b-instruct,0.7401904723910335,0.5508818723957883,0.3564954682779456,0.30033557046979864,0.49042708333333335,0.3956948138297872
neopolita/loki-v0.1-virtuoso,0.7819308324135517,0.6467251502613163,0.3391238670694864,0.35067114093959734,0.43753125,0.5128823138297872
netcat420/DeepSeek-R1-Distill-Qwen-MFANN-Slerp-7b,0.11500596195871399,0.28767781029884354,0.001510574,0.26426174496644295,0.3723854166666667,0.10895944148936171
netcat420/DeepSeek-R1-MFANN-TIES-unretrained-7b,0.2586880587951081,0.30859903405301287,0.012084592145015106,0.2550335570469799,0.3527291666666667,0.11452792553191489
netcat420/Llama3.1-MFANN-8b,0.29695651981187693,0.4281154680742545,0.029456193,0.287751678,0.33790625,0.27252327127659576
netcat420/MFANN-Llama3.1-Abliterated-SLERP-TIES-V2,0.4209796672828096,0.49237606236472237,0.076283988,0.29697986577181207,0.37276041666666665,0.35222739361702127
netcat420/MFANN-Llama3.1-Abliterated-SLERP-TIES-V3,0.4238021782204551,0.4914021594225444,0.075528701,0.29697986577181207,0.37406249999999996,0.34898603723404253
netcat420/MFANN-Llama3.1-Abliterated-SLERP-V4,0.41688275996577967,0.4908971108837563,0.067975831,0.3053691275167785,0.38209374999999995,0.35164561170212766
netcat420/MFANN-Llama3.1-Abliterated-SLERP-V5,0.4328947193446721,0.4951892200623516,0.081570997,0.2936241610738255,0.378125,0.3444980053191489
netcat420/MFANN-Llama3.1-Abliterated-Slerp-TIES,0.42934746472692453,0.49675121796238325,0.066465257,0.29194630872483224,0.3686979166666667,0.3531416223404255
netcat420/MFANN-Llama3.1-Abliterated-Slerp-V3.2,0.41281134057633745,0.49782535474346185,0.070241692,0.287751678,0.37542708333333336,0.3527260638297872
netcat420/MFANN-SFT,0.36822298168858625,0.485188719,0.059667674,0.3162751677852349,0.3725416666666666,0.3336103723404255
netcat420/MFANN-abliterated-phi2-merge-unretrained,0.3005037744296245,0.4104131503721586,0.028700906344410877,0.2609060402684564,0.31834375,0.14777260638297873
netcat420/MFANN-llama3.1-Abliterated-SLERP,0.25906262051357065,0.45744999460878283,0.048338369,0.27348993288590606,0.3809166666666666,0.2928025265957447
netcat420/MFANN-llama3.1-abliterated-SLERP-v3,0.37993856301280604,0.49305765460927126,0.064199396,0.2911073825503356,0.36603125000000003,0.35305851063829785
netcat420/MFANN-llama3.1-abliterated-SLERP-v3.1,0.4201551882338861,0.492068921,0.069486405,0.29278523489932884,0.3686354166666667,0.3543051861702128
netcat420/MFANN-llama3.1-abliterated-v2,0.4429114748866341,0.4940829733015402,0.074018127,0.29278523489932884,0.3845416666666666,0.3490691489361702
netcat420/MFANN-phigments-slerp-V2,0.32316032571355113,0.48272762171598743,0.031722054,0.2726510067114094,0.40372916666666664,0.2716921542553192
netcat420/MFANN-phigments-slerp-V3.2,0.35243598097492435,0.4808549324972969,0.033232628,0.2835570469798658,0.3707708333333333,0.2705285904255319
netcat420/MFANN-phigments-slerp-V3.3,0.36909732842192056,0.48952950463630956,0.033232628,0.2751677852348993,0.38921874999999995,0.2802526595744681
netcat420/MFANN3b,0.2524435165361241,0.4433128382028508,0.021903323,0.29194630872483224,0.36060416666666667,0.23055186170212766
netcat420/MFANN3bv0.15,0.2012105657433388,0.453931294,0.026435045317220542,0.2516778523489933,0.3957916666666667,0.24684175531914893
netcat420/MFANN3bv0.18,0.22064455644356973,0.4514366169824164,0.024924471299093656,0.2575503355704698,0.40236458333333336,0.25
netcat420/MFANN3bv0.19,0.22581528123157665,0.4515800678058734,0.022658610271903322,0.2575503355704698,0.40239583333333334,0.25199468085106386
netcat420/MFANN3bv0.20,0.21934578030736224,0.4493365019423472,0.026435045317220542,0.25922818791946306,0.4077291666666667,0.25
netcat420/MFANN3bv0.21,0.1909189838517356,0.44700236898039053,0.031722054,0.26426174496644295,0.37594791666666666,0.23927859042553193
netcat420/MFANN3bv0.22,0.1979381374752324,0.44851095830051274,0.026435045317220542,0.26174496644295303,0.35213541666666665,0.2517453457446808
netcat420/MFANN3bv0.23,0.20480768804549704,0.44954178056127364,0.024924471299093656,0.2516778523489933,0.3427395833333333,0.2417719414893617
netcat420/MFANN3bv0.24,0.2200450360598767,0.4407346600666096,0.027945619335347432,0.25838926174496646,0.3520729166666667,0.23520611702127658
netcat420/MFANN3bv1.1,0.2506948230694557,0.3397086626022651,0.020392749,0.26677852348993286,0.3223125,0.11585771276595745
netcat420/MFANN3bv1.2,0.2686050789682487,0.3659932511014956,0.026435045317220542,0.2634228187919463,0.31555208333333334,0.14502992021276595
netcat420/MFANN3bv1.3,0.25466650709007654,0.4456312489762861,0.021148036253776436,0.2575503355704698,0.329875,0.22755984042553193
netcat420/MFANN3bv1.4,0.35243598097492435,0.4808549324972969,0.037009063,0.2827181208053691,0.3707708333333333,0.2705285904255319
netcat420/MFANNv0.19,0.30567449921763146,0.47313832038755316,0.041540785,0.3070469798657718,0.35269791666666667,0.24725731382978725
netcat420/MFANNv0.20,0.34786477657061043,0.4574431878198548,0.049848943,0.2902684563758389,0.38739583333333333,0.32022938829787234
netcat420/MFANNv0.21,0.3233099287667832,0.45763723048372523,0.057401813,0.2785234899328859,0.3993333333333333,0.3031083776595745
netcat420/MFANNv0.22.1,0.3089469274857378,0.46608928527824584,0.053625378,0.276006711,0.3753020833333333,0.33427526595744683
netcat420/MFANNv0.23,0.3127435205255389,0.4898102063834755,0.049848943,0.28439597315436244,0.3767916666666667,0.33876329787234044
netcat420/MFANNv0.24,0.3162409074588758,0.479027492,0.061178248,0.28439597315436244,0.3753958333333333,0.3347739361702128
netcat420/MFANNv0.25,0.34666573580322435,0.47940650861209216,0.0581571,0.2802013422818792,0.36879166666666663,0.33427526595744683
netcat420/Qwen2.5-7B-nerd-uncensored-v0.9-MFANN,0.5878413720040603,0.5236664966992856,0.3376132930513595,0.28104026845637586,0.39257291666666666,0.390375665
netcat420/Qwen2.5-7b-MFANN-slerp,0.6532123654126606,0.5088729928004616,0.28700906344410876,0.2953020134228188,0.40730208333333334,0.3416722074468085
netcat420/Qwen2.5-7b-nerd-uncensored-MFANN-slerp,0.15644711587476784,0.2920111436321769,0,0.2600671140939597,0.3791770833333333,0.11003989361702128
netcat420/Qwen2.5-Coder-Scholar-7B-Abliterated-MFANN,0.5742274941599401,0.5071448530886461,0.256797583,0.29278523489932884,0.40584375,0.3156582446808511
netcat420/Qwen2.5-Coder-Scholar-7B-Abliterated-MFANN-Slerp-Unretrained,0.6486411610083467,0.5065573474607916,0.2990936555891239,0.2986577181208054,0.41520833333333335,0.3431682180851064
netcat420/Qwen2.5-DeepSeek-R1-MFANN-Slerp-7b,0.2675556412540947,0.37890218644722085,0.018126888,0.23238255033557048,0.35279166666666667,0.16771941489361702
netcat420/Qwen2.5-MFANN-7b,0.6097233119234742,0.5054347004252888,0.27870090634441086,0.2860738255033557,0.4020625,0.32330452127659576
netcat420/qwen2.5-MFANN-7b-SLERP-V1.2,0.6606060807546199,0.5111030308243185,0.28700906344410876,0.29697986577181207,0.4259375,0.34383311170212766
netcat420/qwen2.5-MFANN-7b-SLERPv1.1,0.6554852236510238,0.5074761993537673,0.29682779456193353,0.2902684563758389,0.41263541666666664,0.34483045212765956
netcat420/qwen2.5-MFANN-7b-v1.1,0.6088489651901399,0.49666375554657477,0.2824773413897281,0.276006711,0.41139583333333335,0.3248005319148936
netease-youdao/Confucius-o1-14B,0.6378497941018719,0.6299772409698484,0.4312688821752266,0.3649328859060403,0.4338125,0.5265126329787234
newsbang/Homer-7B-v0.1,0.6108724850064495,0.5601389961416444,0.3859516616314199,0.32466442953020136,0.43569791666666663,0.4474734042553192
newsbang/Homer-7B-v0.2,0.7493827488840721,0.5517330182832224,0.24773413897280966,0.33221476510067116,0.42975,0.4409906914893617
newsbang/Homer-v0.3-Qwen2.5-7B,0.5154013572875525,0.5480594290467807,0.30891238670694865,0.3338926174496644,0.47436458333333337,0.445561835
newsbang/Homer-v0.4-Qwen2.5-7B,0.799940824,0.5533099174800821,0.27794561933534745,0.31543624161073824,0.4310833333333333,0.4362533244680851
newsbang/Homer-v1.0-Qwen2.5-72B,0.7627716680629618,0.7309799550978827,0.4901812688821752,0.4161073825503356,0.4677291666666667,0.6145279255319149
newsbang/Homer-v1.0-Qwen2.5-7B,0.6392737935344885,0.5655254177370223,0.3323262839879154,0.3221476510067114,0.42782291666666666,0.45345744680851063
nguyentd/FinancialAdvice-Qwen2.5-7B,0.449605934,0.4730934153895792,0.1148036253776435,0.29446308724832215,0.40248958333333335,0.375249335
ngxson/MiniThinky-1B-Llama-3.2,0.2771479673931834,0.31422650382721545,0.057401813,0.23909395973154363,0.34336458333333336,0.1146941489361702
ngxson/MiniThinky-v2-1B-Llama-3.2,0.2963071317437732,0.32051111358951634,0.028700906344410877,0.23993288590604026,0.3356145833333333,0.1116190159574468
nhyha/N3N_Delirium-v1_1030_0227,0.8022890375315275,0.5890686677822234,0.2107250755287009,0.337248322,0.40981249999999997,0.41497672872340424
nhyha/N3N_Llama-3.1-8B-Instruct_1028_0216,0.4796063334175543,0.5053741309920361,0.17069486404833836,0.3062080536912752,0.40503125,0.36377992021276595
nhyha/N3N_gemma-2-9b-it_20241029_1532,0.6751940407008958,0.5863124381827675,0.2122356495468278,0.34060402684563756,0.4593541666666667,0.4122340425531915
nhyha/N3N_gemma-2-9b-it_20241110_2026,0.6282829558903709,0.5867149609980419,0.1608761329305136,0.33640939597315433,0.40730208333333334,0.40201130319148937
nhyha/merge_Qwen2.5-7B-Instruct_20241023_0314,0.5694568190179834,0.5558529241660143,0.3542296072507553,0.3213087248322148,0.42506249999999995,0.45420545212765956
nidum/Nidum-Limitless-Gemma-2B,0.24235140538216376,0.3078801520076317,0.013595166163141994,0.26426174496644295,0.37403125,0.11735372340425532
nisten/franqwenstein-35b,0.37986320740080765,0.6646579178049268,0.3406344410876133,0.4035234899328859,0.49402083333333335,0.5730551861702128
nisten/tqwendo-36b,0.6777672132164878,0.6431830832659088,0.41540785498489424,0.3313758389261745,0.44295833333333334,0.4380817819148936
nlpguy/Lion-Lamarck-v.1.0.8,0.45090471061228654,0.5868930914775694,0.554380665,0.35822147651006714,0.4672708333333333,0.46434507978723405
nlpguy/Lion-Lamarck-v.1.0.9,0.34089549063152436,0.5918237099420903,0.5641993957703928,0.3901006711409396,0.5299583333333334,0.47041223404255317
nlpguy/Lion-Lamarck-v.1.1.0,0.3657750324694034,0.5962460968547941,0.5755287009063444,0.3926174496644295,0.53253125,0.4630984042553192
nlpguy/Miisce-one,0.6065761069517768,0.6504562869685913,0.4169184290030212,0.3859060402684564,0.48198958333333336,0.5412234042553191
nlpguy/Mistral-NeMo-Minitron-Upscale-v1,0.16484040124647048,0.44679984097967057,0.014350453172205438,0.2802013422818792,0.3803541666666667,0.2537400265957447
nlpguy/Mistral-NeMo-Minitron-Upscale-v2,0.15727159492369136,0.3949668154807224,0.012839879,0.27348993288590606,0.3790833333333334,0.1926529255319149
nlpguy/Mistral-NeMo-Minitron-Upscale-v3,0.14120976786038822,0.30524522602918064,0.011329305135951661,0.25922818791946306,0.40984375,0.11710438829787234
nlpguy/StableProse,0.19723888172271792,0.5116558625577087,0.064954683,0.3028523489932886,0.4067083333333333,0.3468251329787234
nlpguy/StarFusion-alpha1,0.5660092997690572,0.4428694115507034,0.071752266,0.2953020134228188,0.40810416666666666,0.3190658244680851
noname0202/Llama-3.2-4x3B-Instruct,0.7067181744438091,0.4647311192852755,0.15861027190332327,0.2726510067114094,0.36739583333333337,0.3285405585106383
noname0202/gemma-2-2b-it-ties,0.12657083205893696,0.42057403060290816,0.024169184,0.2701342281879195,0.39288541666666665,0.2560671542553192
noname0202/gemma-2-9b-sft-jp-en-zh-v1,0.29880494864736673,0.4519290530910057,0.089123867,0.3070469798657718,0.40801041666666665,0.3125
noname0202/gemma-2-9b-sft-jp-en-zh-v2,0.3993470657854493,0.4515041184509401,0.1042296072507553,0.287751678,0.36115625,0.36751994680851063
noname0202/llama-math-1b-r16-0to512tokens-test,0.5469753587148765,0.34884166022601404,0.081570997,0.26677852348993286,0.3143125,0.17278922872340424
noname0202/llama-math-1b-r32-0to512tokens-test,0.5682577782505973,0.3495183139510159,0.090634441,0.2651006711409396,0.32094791666666667,0.17603058510638298
noname0202/llama-math-1b-r32-test,0.5819215237791282,0.3485960127764988,0.072507553,0.26174496644295303,0.31564583333333335,0.17810837765957446
noname0202/llama-math-1b-r8-512tokens-test,0.5791987482103043,0.3495762462148306,0.081570997,0.2684563758389262,0.31694791666666666,0.17528257978723405
notbdq/Qwen2.5-14B-Instruct-1M-GRPO-Reasoning,0.8413564896696322,0.6198222551365405,0.5302114803625377,0.34312080536912754,0.418,0.4849567819148936
nothingiisreal/L3.1-8B-Celeste-V1.5,0.7326715337526651,0.5011796822721141,0.14652567975830816,0.28439597315436244,0.37486458333333333,0.37042885638297873
nothingiisreal/MN-12B-Starcannon-v2,0.3925273828995953,0.5004499888471767,0.059667674,0.2785234899328859,0.39781249999999996,0.31283244680851063
nothingiisreal/MN-12B-Starcannon-v3,0.38073755413414184,0.5170553444795719,0.077794562,0.27348993288590606,0.40463541666666664,0.32646276595744683
nvidia/AceInstruct-1.5B,0.3947758613811354,0.3931958135346713,0.31268882175226587,0.27181208053691275,0.34600000000000003,0.2573969414893617
nvidia/AceInstruct-72B,0.711888899,0.6139041785911337,0.6261329305135952,0.3213087248322148,0.42060416666666667,0.48736702127659576
nvidia/AceInstruct-7B,0.5422290633297429,0.550118131,0.5294561933534743,0.3070469798657718,0.4255,0.417719415
nvidia/AceMath-1.5B-Instruct,0.32123654126606294,0.4024301274933693,0.5287009063444109,0.27432885906040266,0.3606979166666667,0.20636635638297873
nvidia/AceMath-72B-Instruct,0.494993284,0.640215611,0.7145015105740181,0.2709731543624161,0.40615625,0.44107380319148937
nvidia/AceMath-72B-RM,0.14125963554479892,0.2717426350897727,0,0.23406040268456377,0.3351458333333333,0.11785239361702128
nvidia/AceMath-7B-Instruct,0.45317756885064964,0.49938547326244365,0.6336858006042296,0.29194630872483224,0.4192708333333333,0.33834773936170215
nvidia/AceMath-7B-RM,0.14937809456686035,0.2422689292768334,0,0.24580536912751677,0.35800000000000004,0.11386303191489362
nvidia/Hymba-1.5B-Base,0.2295121389025563,0.32564785214182224,0.013595166163141994,0.2558724832214765,0.3566354166666667,0.19223736702127658
nvidia/Hymba-1.5B-Instruct,0.6009055971488984,0.3067133908231881,0.027190332326283987,0.28859060402684567,0.33158333333333334,0.20403922872340424
nvidia/Llama-3.1-Minitron-4B-Depth-Base,0.16069362624502986,0.4170704193104893,0.019637462235649546,0.2634228187919463,0.40106250000000004,0.2798371010638298
nvidia/Llama-3.1-Nemotron-70B-Instruct-HF,0.7380672172059026,0.6316000668895038,0.42673716012084595,0.25838926174496646,0.4327604166666667,0.49185505319148937
nvidia/Minitron-4B-Base,0.2217937295265451,0.4083876243992497,0.019637462235649546,0.26929530201342283,0.413375,0.261968085
nvidia/Minitron-8B-Base,0.24242676099416216,0.43950631883576047,0.025679758,0.27348993288590606,0.40255208333333337,0.31806848404255317
nvidia/Mistral-NeMo-Minitron-8B-Base,0.19456597383830457,0.5219098090521418,0.048338369,0.32550335570469796,0.40915625000000005,0.37957114361702127
nvidia/Mistral-NeMo-Minitron-8B-Instruct,0.5003889679384035,0.5320919605840294,0.1163141993957704,0.287751678,0.38857291666666666,0.39910239361702127
nvidia/Nemotron-Mini-4B-Instruct,0.6668761109411916,0.3864840798591535,0.025679758,0.2802013422818792,0.3767291666666666,0.26263297872340424
nvidia/OpenMath2-Llama3.1-8B,0.23305939352030391,0.40955241401694514,0.2673716012084592,0.2651006711409396,0.34355208333333337,0.15533577127659576
nxmwxm/Beast-Soul-new,0.48687482546310457,0.5227143628884523,0.074018127,0.28187919463087246,0.4459270833333333,0.3101728723404255
occiglot/occiglot-7b-es-en-instruct,0.3485141646387142,0.4110970229781084,0.024169184,0.25922818791946306,0.37375,0.2310505319148936
odyssey-labs/Astral-1-10B,0.38780657544204933,0.4872563924334199,0.034743202,0.3053691275167785,0.42797916666666663,0.29853723404255317
olabs-ai/reflection_model,0.15986914719610634,0.4712508645838735,0.051359517,0.30033557046979864,0.35083333333333333,0.33111702127659576
ontocord/Llama_3.2_1b-autoredteam_helpfulness-train,0.2765484470094904,0.31150775306414563,0.016616314,0.25922818791946306,0.345875,0.11319813829787234
ontocord/RedPajama-3B-v1-AutoRedteam,0.13434021729012352,0.30256825198631376,0.009063444,0.2424496644295302,0.36606249999999996,0.1107878989361702
ontocord/RedPajama-3B-v1-AutoRedteam-Harmless-only,0.152475432,0.3123669789182832,0.006042296,0.23154362416107382,0.366125,0.10995678191489362
ontocord/RedPajama3b_v1-autoredteam_helpfulness-train,0.2847666414003732,0.30927408550278385,0.006797583,0.24580536912751677,0.35796875,0.11070478723404255
ontocord/merged_0.2_expert_0.8,0.17425763640473943,0.3046000784127159,0.026435045317220542,0.26174496644295303,0.36206249999999995,0.11112034574468085
ontocord/merged_0.2_expert_0.8-stack_2x,0.17960345217356613,0.30061312694162695,0.024924471299093656,0.2625838926174497,0.3540625,0.11028922872340426
ontocord/merged_0.5_expert_0.5,0.1787291054402319,0.3017011118802398,0.019637462235649546,0.26426174496644295,0.35424999999999995,0.1107878989361702
ontocord/ontocord_wide_3b-stage1_shuf_sample1_jsonl-pretrained-autoredteam_helpful-0.25_helpful,0.13184240038652995,0.3004467893724157,0.010574018126888218,0.2676174496644295,0.36311458333333335,0.11419547872340426
ontocord/ontocord_wide_7b-stacked-stage1,0.14845388014911545,0.28965200351622594,0.009063444,0.2533557046979866,0.3603541666666667,0.11053856382978723
ontocord/ontocord_wide_7b-stacked-stage1-instruct,0.15302508455342934,0.2853913447506418,0.006797583,0.24664429530201343,0.35378125,0.11170212765957446
ontocord/starcoder2-29b-ls,0.21492417895628046,0.37349755200329665,0.018882175,0.27348993288590606,0.36999999999999994,0.1869182180851064
ontocord/starcoder2_3b-AutoRedteam,0.15737133029251277,0.3497644619743598,0.010574018126888218,0.2516778523489933,0.3645729166666667,0.13364361702127658
ontocord/wide_3b-merge_test,0.17628115622104903,0.3011467446788138,0,0.23993288590604026,0.342,0.10663231382978723
ontocord/wide_3b-stage1_shuf_sample1_jsonl-pretrained,0.13946107439371977,0.30036095049490824,0.016616314,0.26593959731543626,0.36320833333333336,0.11402925531914894
ontocord/wide_3b_sft_stag1.2-lyrical_law_news_software_howto_formattedtext_math_wiki-merge,0.16636413604790845,0.30309127879396963,0.011329305135951661,0.2600671140939597,0.3845416666666666,0.11112034574468085
ontocord/wide_3b_sft_stag1.2-lyrical_news_software_howto_formattedtext-merge,0.16973629968483622,0.2975125970659158,0.013595166163141994,0.2600671140939597,0.37781249999999994,0.1124501329787234
ontocord/wide_3b_sft_stage1.1-ss1-no_redteam_skg_poem.no_issue,0.14800396281865452,0.30953444521357315,0.020392749,0.2701342281879195,0.3579375,0.1107878989361702
ontocord/wide_3b_sft_stage1.1-ss1-with_generics_intr.no_issue,0.12367407368005781,0.3060091508023586,0.010574018126888218,0.27432885906040266,0.3672708333333334,0.11112034574468085
ontocord/wide_3b_sft_stage1.1-ss1-with_generics_intr_math.no_issue,0.1191527369601546,0.2955590587949957,0.006797583,0.26426174496644295,0.35530208333333335,0.11826795212765957
ontocord/wide_3b_sft_stage1.1-ss1-with_generics_intr_math_stories.no_issue,0.1128328390891723,0.3171441625189962,0.011329305135951661,0.26845637583892623,0.34603125,0.11294880319148937
ontocord/wide_3b_sft_stage1.1-ss1-with_generics_intr_math_stories_no_orig_instr.no_issue,0.13169279733329786,0.30640062669813056,0.009063444,0.2651006711409396,0.34460416666666666,0.11444481382978723
ontocord/wide_3b_sft_stage1.1-ss1-with_generics_intr_stories.no_issue,0.118178655,0.3037498354512724,0.008308157,0.26593959731543626,0.35669791666666667,0.11619015957446809
ontocord/wide_3b_sft_stage1.1-ss1-with_generics_math.no_issue,0.12399876771410967,0.30324371251012056,0.00755287,0.25838926174496646,0.34869791666666666,0.11278257978723404
ontocord/wide_3b_sft_stage1.1-ss1-with_math.no_issue,0.12981888057022034,0.30518984588252307,0.015861027190332326,0.2600671140939597,0.39276041666666667,0.1146941489361702
ontocord/wide_3b_sft_stage1.1-ss1-with_r1_generics_intr_math_stories.no_issue,0.20490742341431845,0.2911778102988436,0,0.2600671140939597,0.35753125,0.11668882978723404
ontocord/wide_3b_sft_stage1.2-ss1-expert_fictional_lyrical,0.146105666,0.29981162881428614,0.013595166163141994,0.26426174496644295,0.39257291666666666,0.1141123670212766
ontocord/wide_3b_sft_stage1.2-ss1-expert_formatted_text,0.14872870649875664,0.3068950688059236,0.012084592145015106,0.26174496644295303,0.34739583333333335,0.11461103723404255
ontocord/wide_3b_sft_stage1.2-ss1-expert_how-to,0.12454842041339201,0.3047398483929371,0.014350453172205438,0.25922818791946306,0.36581250000000004,0.11527593085106383
ontocord/wide_3b_sft_stage1.2-ss1-expert_math,0.19151850423542865,0.3059577262726771,0.027945619335347432,0.25922818791946306,0.37003125,0.10920877659574468
ontocord/wide_3b_sft_stage1.2-ss1-expert_news,0.16581448334862608,0.2925879483112595,0.016616314,0.2676174496644295,0.36209375000000005,0.11112034574468085
ontocord/wide_3b_sft_stage1.2-ss1-expert_software,0.1733832896714052,0.2979956844198214,0.015861027190332326,0.25838926174496646,0.35685416666666664,0.11402925531914894
ontocord/wide_6.6b_sft_stag1.2-lyrical_law_news_software_howto_formattedtext_math_wiki-merge-stacked,0.12439881736015992,0.30264484636677236,0.014350453172205438,0.26593959731543626,0.3686354166666667,0.11145279255319149
oobabooga/CodeBooga-34B-v0.1,0.5250180631834643,0.3427441185661722,0.039274924,0.25671140939597314,0.43102083333333335,0.23595412234042554
oopere/Llama-FinSent-S,0.21187670935340452,0.31562055310321474,0.018126888,0.25671140939597314,0.3832395833333333,0.11303191489361702
oopere/pruned10-llama-3.2-3B,0.17762980004166723,0.3340421117164456,0.019637462235649546,0.26677852348993286,0.3721666666666667,0.16397938829787234
oopere/pruned20-llama-1b,0.19936213690784896,0.30313627830972034,0.010574018126888218,0.25,0.36314583333333333,0.11228390957446809
oopere/pruned20-llama-3.2-3b,0.17887870849346402,0.32478483912909756,0.015861027190332326,0.26593959731543626,0.34184375,0.12799202127659576
oopere/pruned40-llama-1b,0.22843832143157933,0.29691563801419935,0.00755287,0.24328859060402686,0.4286666666666667,0.10821143617021277
oopere/pruned40-llama-3.2-1B,0.22663976028050017,0.2982489713475327,0.008308157,0.25419463087248323,0.43523958333333335,0.11145279255319149
oopere/pruned40-llama-3.2-3b,0.21829634259320824,0.31671170280977073,0.012839879,0.22986577181208054,0.3539375,0.11768617021276596
oopere/pruned60-llama-1b,0.18285039251408486,0.3016193474185398,0.002265861,0.24916107382550334,0.40879166666666666,0.11727061170212766
oopere/pruned60-llama-3.2-3b,0.1824758307956223,0.31662597093352013,0.003776435,0.2701342281879195,0.3633333333333333,0.11311502659574468
open-atlas/Atlas-Flash-1.5B-Preview,0.3269569187533522,0.3215460102660847,0.2212990936555891,0.2525167785234899,0.34879166666666667,0.13738364361702127
open-atlas/Atlas-Flash-7B-Preview,0.3907543096761038,0.3541994356643969,0.25755287009063443,0.28859060402684567,0.38358333333333333,0.27842420212765956
open-neo/Kyro-n1-3B,0.45949746672163194,0.46853756471175373,0.2854984894259819,0.28187919463087246,0.40879166666666666,0.34225398936170215
open-neo/Kyro-n1-7B,0.5572669406064796,0.5386561160683788,0.38972809667673713,0.2609060402684564,0.38841666666666663,0.433344415
open-thoughts/OpenThinker-7B,0.4088895242401273,0.5342727589615611,0.4259818731117825,0.25671140939597314,0.38199999999999995,0.41647273936170215
openai-community/gpt2,0.17925327021192655,0.3035711244213359,0.002265861,0.25838926174496646,0.44705208333333335,0.11594082446808511
openai-community/gpt2-large,0.20478220011790937,0.30688418760118824,0.012084592145015104,0.25922818791946306,0.3788645833333333,0.11419547872340426
openai-community/gpt2-medium,0.22084402718121252,0.3050280232176266,0.00755287,0.2625838926174497,0.3884479166666666,0.11818484042553191
openai-community/gpt2-xl,0.20385798570016445,0.30085761123260785,0.009818731,0.25838926174496646,0.37095833333333333,0.11311502659574468
openbmb/MiniCPM-S-1B-sft-llama-format,0.3328767669782843,0.30493136322070497,0.030966767371601207,0.2709731543624161,0.33167708333333334,0.1858377659574468
openchat/openchat-3.5-0106,0.5966590867786362,0.46169787083960595,0.076283988,0.30788590604026844,0.42543749999999997,0.3291223404255319
openchat/openchat-3.5-1210,0.60367824,0.4535356846447984,0.078549849,0.3011744966442953,0.4414375,0.3142453457446808
openchat/openchat-3.6-8b-20240522,0.5343355629729118,0.5338412089001999,0.099697885,0.3179530201342282,0.3998541666666667,0.32288896276595747
openchat/openchat_3.5,0.5931118321608887,0.44263196862832893,0.072507553,0.2986577181208054,0.4228645833333333,0.31532579787234044
openchat/openchat_v3.2,0.2980558252104416,0.4330564283474314,0.012839879,0.2701342281879195,0.433625,0.2421875
openchat/openchat_v3.2_super,0.2861906408329898,0.42212089838803973,0.021148036253776436,0.26426174496644295,0.41613541666666665,0.24251994680851063
orai-nlp/Llama-eus-8B,0.21612321972366655,0.4418245490788701,0.046827795,0.28942953020134227,0.3918854166666667,0.30576795212765956
oxyapi/oxy-1-small,0.6244608749229821,0.5884593784818278,0.36027190332326287,0.3716442953020134,0.4486666666666667,0.5000831117021277
ozone-ai/0x-lite,0.7739874643723099,0.6340580988016683,0.5045317220543807,0.31963087248322153,0.4220625,0.5183676861702128
ozone-research/Chirp-01,0.6347524568145853,0.4649560260501419,0.3466767371601209,0.2718120805369128,0.4487291666666667,0.3508144946808511
paloalma/ECE-TW3-JRGL-V1,0.5534947273235016,0.6283667540784627,0.13141993957703926,0.34731543624161076,0.46208333333333335,0.422124335
paloalma/ECE-TW3-JRGL-V2,0.2254894790267601,0.6030988136029874,0.18504531722054382,0.3313758389261745,0.47932291666666665,0.4587765957446808
paloalma/ECE-TW3-JRGL-V5,0.4552509563513699,0.6024712037668832,0.18353474320241692,0.3414429530201342,0.4620520833333333,0.46476063829787234
paloalma/Le_Triomphant-ECE-TW3,0.5402055435134332,0.6112057897556996,0.19486404833836857,0.348993289,0.4725,0.476313165
paloalma/TW3-JRGL-v2,0.5316127874040878,0.6137525505395743,0.17900302114803626,0.35906040268456374,0.48583333333333334,0.4857878989361702
pankajmathur/Al_Dente_v1_8b,0.3693721547715617,0.48347371404380524,0.040785498,0.29949664429530204,0.3987083333333334,0.2859873670212766
pankajmathur/model_007_13b_v2,0.30564901129004374,0.4702292766687601,0.021148036253776436,0.2835570469798658,0.46109375,0.24609375
pankajmathur/orca_mini_3b,0.074214196,0.3196070040004752,0.008308157,0.24580536912751677,0.3349270833333333,0.11452792553191489
pankajmathur/orca_mini_7b,0.041216195,0.3332228472650342,0.012839879,0.25419463087248323,0.36975,0.12458444148936171
pankajmathur/orca_mini_phi-4,0.7780588837617521,0.6856329737542378,0.29531722054380666,0.37416107382550334,0.47030208333333334,0.5255152925531915
pankajmathur/orca_mini_v2_7b,0.13578859647956312,0.35363417847864514,0.011329305135951661,0.24916107382550334,0.35933333333333334,0.1541722074468085
pankajmathur/orca_mini_v3_13b,0.28966253983873896,0.4710970361474938,0.021148036253776436,0.2651006711409396,0.45979166666666665,0.23046875
pankajmathur/orca_mini_v3_70b,0.4014703209705803,0.5949312065598904,0.038519637,0.3179530201342282,0.5078541666666667,0.3757480053191489
pankajmathur/orca_mini_v3_7b,0.2820937335159599,0.4095332668279368,0.010574018126888218,0.24664429530201343,0.49823958333333335,0.20836103723404256
pankajmathur/orca_mini_v5_8b,0.48060479527653294,0.5064242853619262,0.098942598,0.28691275167785235,0.4000104166666667,0.3075964095744681
pankajmathur/orca_mini_v5_8b_dpo,0.48964746871633935,0.5074598658862709,0.097432024,0.27432885906040266,0.389375,0.31158577127659576
pankajmathur/orca_mini_v5_8b_orpo,0.082432391,0.496374377,0.066465257,0.28439597315436244,0.41312499999999996,0.2947140957446808
pankajmathur/orca_mini_v6_8b,0.011116060940526692,0.30286959112076134,0.003776435,0.23825503355704697,0.3554583333333334,0.1124501329787234
pankajmathur/orca_mini_v6_8b_dpo,0.3882564927725103,0.520280774,0.061178248,0.3011744966442953,0.40903125,0.359624335
pankajmathur/orca_mini_v7_72b,0.5929622291076566,0.6842301988001044,0.093655589,0.3850671140939597,0.5070416666666667,0.5621675531914894
pankajmathur/orca_mini_v7_7b,0.4387646998851935,0.5274909601771501,0.12084592145015106,0.2961409395973154,0.43597916666666664,0.4167220744680851
pankajmathur/orca_mini_v8_1_70b,0.8571434903832941,0.6781305630707934,0.3527190332326284,0.43288590604026844,0.44370833333333337,0.49833776595744683
pankajmathur/orca_mini_v9_0_3B-Instruct,0.5753766672429155,0.4412946064233128,0.14652567975830816,0.3011744966442953,0.36590625000000004,0.2603058510638298
pankajmathur/orca_mini_v9_1_1B-Instruct,0.3629270336041702,0.3205118362595434,0.046072508,0.25671140939597314,0.3380625,0.13738364361702127
pankajmathur/orca_mini_v9_2_14B,0.7780588837617521,0.6856329737542378,0.29531722054380666,0.37416107382550334,0.47030208333333334,0.5255152925531915
pankajmathur/orca_mini_v9_2_70b,0.8382591523823455,0.6744868732778627,0.2938066465256798,0.3733221476510067,0.47098958333333335,0.48213098404255317
pankajmathur/orca_mini_v9_4_70B,0.8014645584826039,0.6418899297276105,0.32628398791540786,0.36577181208053694,0.4647291666666667,0.45362367021276595
pankajmathur/orca_mini_v9_5_1B-Instruct,0.46379384477630464,0.3337001077145985,0.030211480362537766,0.2701342281879195,0.31815625,0.13696808510638298
pankajmathur/orca_mini_v9_5_1B-Instruct_preview,0.3935768206137493,0.32769514793198123,0.038519637,0.2634228187919463,0.33945833333333336,0.13272938829787234
pankajmathur/orca_mini_v9_5_3B-Instruct,0.7207066140063919,0.44963802133275826,0.1321752265861027,0.2869127516778524,0.4269895833333333,0.2882313829787234
pankajmathur/orca_mini_v9_6_1B-Instruct,0.6085741388404988,0.3561349568441982,0.077039275,0.2684563758389262,0.33955208333333337,0.18085106382978725
pankajmathur/orca_mini_v9_6_3B-Instruct,0.7316475839660989,0.45683272658133456,0.13293051359516617,0.2936241610738255,0.4067708333333333,0.28507313829787234
pankajmathur/orca_mini_v9_7_1B-Instruct,0.5610136659618701,0.3181526961435924,0.044561934,0.2726510067114094,0.35269791666666667,0.1344747340425532
pankajmathur/orca_mini_v9_7_3B-Instruct,0.5618381450107935,0.3297133908231881,0.061933534743202415,0.26174496644295303,0.361875,0.13746675531914893
paulml/ECE-ILAB-Q1,0.7864521691334547,0.6717755530661759,0.3557401812688822,0.38674496644295303,0.46137500000000004,0.550531915
pints-ai/1.5-Pints-16K-v0.1,0.1635914927946737,0.3133077677150869,0.014350453172205438,0.23573825503355705,0.357875,0.1118683510638298
pints-ai/1.5-Pints-2K-v0.1,0.17615593292463996,0.29801943389750435,0.012839879,0.2483221476510067,0.35018749999999993,0.11037234042553191
piotr25691/thea-3b-25r,0.7344202272193336,0.44844100293649863,0.1782477341389728,0.2676174496644295,0.33145833333333335,0.3182347074468085
piotr25691/thea-c-3b-25r,0.7401904723910335,0.4532410175874399,0.15256797583081572,0.2651006711409396,0.33148958333333334,0.3178191489361702
piotr25691/thea-rp-3b-25r,0.6577835698169745,0.4390291036559586,0.13217522658610273,0.27432885906040266,0.381875,0.30601728723404253
postbot/gpt2-medium-emailgen,0.1492030035860406,0.31304286003933807,0,0.2600671140939597,0.3911145833333333,0.1146941489361702
prince-canuma/Ministral-8B-Instruct-2410-HF,0.5911636679565775,0.4585611339334732,0.19184290030211482,0.28104026845637586,0.41375,0.32978723404255317
princeton-nlp/Llama-3-8B-ProLong-512k-Base,0.5322123077877808,0.5033213133882991,0.068731118,0.26174496644295303,0.4222708333333333,0.33294547872340424
princeton-nlp/Llama-3-8B-ProLong-512k-Instruct,0.5508218194390884,0.5028310716285619,0.052870090634441085,0.2860738255033557,0.42664583333333334,0.32313829787234044
princeton-nlp/Llama-3-8B-ProLong-64k-Base,0.5200722970606879,0.49271325981523906,0.064954683,0.2651006711409396,0.4340520833333333,0.3347739361702128
princeton-nlp/Llama-3-8B-ProLong-64k-Instruct,0.5563172382611471,0.5083040804243396,0.064954683,0.2953020134228188,0.43969791666666663,0.32746010638297873
princeton-nlp/Llama-3-Base-8B-SFT,0.27959591661236627,0.464303803,0.040030211,0.2978187919463087,0.4117916666666667,0.3093417553191489
princeton-nlp/Llama-3-Base-8B-SFT-CPO,0.37034623687371726,0.4594875922440002,0.054380664652567974,0.27432885906040266,0.3608541666666667,0.2976230053191489
princeton-nlp/Llama-3-Base-8B-SFT-DPO,0.41111251479407973,0.46658506064913546,0.041540785,0.3104026845637584,0.38673958333333336,0.3078457446808511
princeton-nlp/Llama-3-Base-8B-SFT-IPO,0.4486562321307464,0.4690068582318399,0.039274924,0.2978187919463087,0.3919479166666667,0.3115026595744681
princeton-nlp/Llama-3-Base-8B-SFT-KTO,0.4522533544329047,0.4692852292721417,0.052870090634441085,0.3053691275167785,0.3841979166666667,0.3054355053191489
princeton-nlp/Llama-3-Base-8B-SFT-ORPO,0.45165383404921167,0.47340573024653915,0.046827795,0.313758389,0.3706770833333333,0.30826130319148937
princeton-nlp/Llama-3-Base-8B-SFT-RDPO,0.4480068440626427,0.46620140448752295,0.057401813,0.3062080536912752,0.4027395833333334,0.30144614361702127
princeton-nlp/Llama-3-Base-8B-SFT-RRHF,0.3357247658435174,0.4520360167602379,0.045317220543806644,0.3053691275167785,0.37222916666666667,0.2888962765957447
princeton-nlp/Llama-3-Base-8B-SFT-SLiC-HF,0.4890479483326463,0.4704075127777334,0.05060423,0.28691275167785235,0.40909375000000003,0.30634973404255317
princeton-nlp/Llama-3-Base-8B-SFT-SimPO,0.4685401401614383,0.47412507033960827,0.055135952,0.28859060402684567,0.41268750000000004,0.31050531914893614
princeton-nlp/Llama-3-Instruct-8B-CPO,0.7292993701157373,0.4998793158888361,0.098942598,0.2600671140939597,0.35139583333333335,0.36519281914893614
princeton-nlp/Llama-3-Instruct-8B-CPO-v0.2,0.7505817896514582,0.5026669871217129,0.10800604229607251,0.2609060402684564,0.36190625000000004,0.37059507978723405
princeton-nlp/Llama-3-Instruct-8B-DPO,0.6757436934001781,0.4991303079139502,0.084592145,0.27181208053691275,0.37381250000000005,0.36652260638297873
princeton-nlp/Llama-3-Instruct-8B-DPO-v0.2,0.7208063493752133,0.505620321,0.089879154,0.28691275167785235,0.3844479166666666,0.37691156914893614
princeton-nlp/Llama-3-Instruct-8B-KTO,0.6864098370102439,0.4981903187457697,0.072507553,0.276006711,0.36984374999999997,0.35987367021276595
princeton-nlp/Llama-3-Instruct-8B-KTO-v0.2,0.7290245437660962,0.5079766897761946,0.099697885,0.2600671140939597,0.37775,0.3667719414893617
princeton-nlp/Llama-3-Instruct-8B-ORPO,0.712813114,0.5001206199104097,0.078549849,0.25838926174496646,0.35018750000000004,0.36461103723404253
princeton-nlp/Llama-3-Instruct-8B-ORPO-v0.2,0.7633213207622442,0.507835232,0.10196374622356495,0.2835570469798658,0.37796874999999996,0.37308843085106386
princeton-nlp/Llama-3-Instruct-8B-RDPO,0.6660017642078574,0.5033626077797596,0.084592145,0.2827181208053691,0.3752083333333333,0.36070478723404253
princeton-nlp/Llama-3-Instruct-8B-RDPO-v0.2,0.7076922565459647,0.5049218189829557,0.086858006,0.29278523489932884,0.3804479166666666,0.37741023936170215
princeton-nlp/Llama-3-Instruct-8B-RRHF,0.7274509412802475,0.49105468765647214,0.096676737,0.2802013422818792,0.3475520833333334,0.36436170212765956
princeton-nlp/Llama-3-Instruct-8B-RRHF-v0.2,0.71248842,0.49838952572927536,0.087613293,0.2600671140939597,0.37378125,0.3482380319148936
princeton-nlp/Llama-3-Instruct-8B-SLiC-HF,0.7399655137258031,0.5029422936734547,0.097432024,0.2860738255033557,0.3722916666666667,0.35846077127659576
princeton-nlp/Llama-3-Instruct-8B-SLiC-HF-v0.2,0.7109646848140712,0.49838952572927536,0.087613293,0.2600671140939597,0.37378125,0.3482380319148936
princeton-nlp/Llama-3-Instruct-8B-SimPO,0.6503898544750152,0.48446848524905367,0.086102719,0.2936241610738255,0.39483333333333337,0.3489029255319149
princeton-nlp/Llama-3-Instruct-8B-SimPO-v0.2,0.6808645505037745,0.503833834,0.074018127,0.3011744966442953,0.3988020833333334,0.36220079787234044
princeton-nlp/Mistral-7B-Base-SFT-CPO,0.46549267055856236,0.43821512506663574,0.027945619335347432,0.29194630872483224,0.4070833333333333,0.26512632978723405
princeton-nlp/Mistral-7B-Base-SFT-DPO,0.44033830237104216,0.43501123979612694,0.021148036253776436,0.2726510067114094,0.41222916666666665,0.26454454787234044
princeton-nlp/Mistral-7B-Base-SFT-IPO,0.48295300912689443,0.4458024605899282,0.028700906344410877,0.2802013422818792,0.37762500000000004,0.2791722074468085
princeton-nlp/Mistral-7B-Base-SFT-KTO,0.47848154,0.44764334464528677,0.039274924,0.2902684563758389,0.43678124999999995,0.28715093085106386
princeton-nlp/Mistral-7B-Base-SFT-RDPO,0.46064663980460735,0.44395328626924213,0.021903323,0.27768456375838924,0.3579375,0.27767619680851063
princeton-nlp/Mistral-7B-Base-SFT-RRHF,0.44066299640509404,0.42805937403716016,0.024924471299093656,0.2902684563758389,0.4186770833333333,0.23977726063829788
princeton-nlp/Mistral-7B-Base-SFT-SLiC-HF,0.5127284494031392,0.44223991890402176,0.035498489425981876,0.29194630872483224,0.42608333333333337,0.2780917553191489
princeton-nlp/Mistral-7B-Base-SFT-SimPO,0.47006387496287627,0.4398050727924064,0.014350453172205438,0.2835570469798658,0.39706250000000004,0.27019614361702127
princeton-nlp/Mistral-7B-Instruct-CPO,0.4203047912871182,0.406922268,0.020392749,0.26593959731543626,0.41784375,0.2701130319148936
princeton-nlp/Mistral-7B-Instruct-DPO,0.517624348,0.4060358459697702,0.030966767371601207,0.2684563758389262,0.3833333333333333,0.2748503989361702
princeton-nlp/Mistral-7B-Instruct-IPO,0.4929198969844457,0.4322183023180588,0.020392749,0.27348993288590606,0.43241666666666667,0.2707779255319149
princeton-nlp/Mistral-7B-Instruct-KTO,0.4907966417993147,0.4139586477181159,0.026435045317220542,0.27348993288590606,0.3952708333333333,0.28125
princeton-nlp/Mistral-7B-Instruct-ORPO,0.4719621714827768,0.41040615756566107,0.029456193,0.27432885906040266,0.3912395833333333,0.2662067819148936
princeton-nlp/Mistral-7B-Instruct-RDPO,0.4887232542985944,0.40501479745073615,0.024924471299093656,0.2802013422818792,0.3873333333333333,0.27767619680851063
princeton-nlp/Mistral-7B-Instruct-RRHF,0.49601723427173233,0.41897663476657404,0.027945619335347432,0.276006711,0.397875,0.26512632978723405
princeton-nlp/Mistral-7B-Instruct-SLiC-HF,0.5115294086357531,0.4040013641288438,0.017371601208459216,0.2726510067114094,0.39130208333333333,0.27152593085106386
princeton-nlp/Mistral-7B-Instruct-SimPO,0.4686897432146704,0.4507226157033399,0.028700906344410877,0.2785234899328859,0.40978125,0.2796708776595745
princeton-nlp/Sheared-LLaMA-1.3B,0.2197702097102355,0.31970467392464424,0.012839879,0.23993288590604026,0.3713020833333333,0.11710438829787234
princeton-nlp/Sheared-LLaMA-2.7B,0.24165214962964932,0.32586855691245953,0.012839879,0.2751677852348993,0.3567291666666667,0.11868351063829788
princeton-nlp/gemma-2-9b-it-DPO,0.27687203287277756,0.5941444682956648,0.083081571,0.33557046979865773,0.38203125,0.3723404255319149
princeton-nlp/gemma-2-9b-it-SimPO,0.3206857803960159,0.5839179923162123,0.070996979,0.33557046979865773,0.41232291666666665,0.39752327127659576
prithivMLmods/Bellatrix-1.5B-xElite,0.1964144026737944,0.35011984799236834,0.28700906344410876,0.2785234899328859,0.36190625000000004,0.1657247340425532
prithivMLmods/Bellatrix-Tiny-1.5B-R1,0.33522498082864577,0.40221745714531076,0.060422961,0.2986577181208054,0.3682916666666667,0.27509973404255317
prithivMLmods/Bellatrix-Tiny-1B-v2,0.15095169705270903,0.3267684418723903,0.028700906344410877,0.2726510067114094,0.34302083333333333,0.14926861702127658
prithivMLmods/Blaze-14B-xElite,0.036320297,0.6627817236091689,0.3693353474320242,0.39429530201342283,0.46248958333333334,0.5111369680851063
prithivMLmods/COCO-7B-Instruct-1M,0.4743103853331383,0.5409956853800891,0.3496978851963746,0.30788590604026844,0.4382395833333333,0.41863364361702127
prithivMLmods/Calcium-Opus-14B-Elite,0.6051521075191603,0.6317361472468987,0.4788519637462236,0.37416107382550334,0.4859583333333333,0.5301695478723404
prithivMLmods/Calcium-Opus-14B-Elite-1M,0.5612884923115112,0.6329399079569701,0.44561933534743203,0.3523489932885906,0.46760416666666665,0.5152094414893617
prithivMLmods/Calcium-Opus-14B-Elite-Stock,0.614294516,0.6328767168557433,0.46676737160120846,0.36828859060402686,0.48075,0.5284242021276596
prithivMLmods/Calcium-Opus-14B-Elite2,0.6176168122803052,0.6318256156619112,0.4690332326283988,0.3699664429530201,0.49395833333333333,0.5300864361702128
prithivMLmods/Calcium-Opus-14B-Elite2-R1,0.6325793339450436,0.6362357624539174,0.3338368580060423,0.39093959731543626,0.48998958333333337,0.5247672872340425
prithivMLmods/Calcium-Opus-14B-Elite3,0.5428285837134359,0.6350402275340573,0.4705438066465257,0.37080536912751677,0.4794791666666667,0.5334940159574468
prithivMLmods/Calcium-Opus-14B-Elite4,0.6111971790405014,0.6195264951573699,0.36253776435045315,0.35570469798657717,0.46871875,0.514876995
prithivMLmods/Calcium-Opus-14B-Merge,0.4949434168007554,0.6319290054891645,0.4637462235649547,0.37080536912751677,0.48608333333333337,0.5355718085106383
prithivMLmods/Calcium-Opus-20B-v1,0.3092716215197897,0.599033246,0.36178247734138974,0.35318791946308725,0.49433333333333335,0.4734042553191489
prithivMLmods/Codepy-Deepthink-3B,0.43271962836385236,0.4259451388094382,0.11555891238670694,0.27936241610738255,0.3310208333333333,0.3090093085106383
prithivMLmods/Coma-II-14B,0.416832892,0.6320713788922736,0.5513595166163142,0.4001677852348993,0.5351041666666667,0.5039893617021277
prithivMLmods/Condor-Opus-14B-Exp,0.40431831983581346,0.6154220154262888,0.5226586102719033,0.39177852348993286,0.5193854166666667,0.5014128989361702
prithivMLmods/Cygnus-II-14B,0.6184412913292286,0.6660565208074918,0.4395770392749245,0.3875838926174497,0.46884375,0.5390625
prithivMLmods/Deepthink-Llama-3-8B-Preview,0.29553252037926037,0.4664510845126107,0.3549848942598187,0.3162751677852349,0.37070833333333336,0.2738530585106383
prithivMLmods/Deepthink-Reasoning-14B,0.5423542866261519,0.6334054936091441,0.4229607250755287,0.36661073825503354,0.47315625,0.5295877659574468
prithivMLmods/Deepthink-Reasoning-7B,0.48400244684104843,0.5505070216145282,0.33459214501510576,0.29949664429530204,0.4432291666666666,0.43492353723404253
prithivMLmods/Dinobot-Opus-14B-Exp,0.8239958864701216,0.6370093752306357,0.5317220543806647,0.32466442953020136,0.42603125000000003,0.4979222074468085
prithivMLmods/Elita-0.1-Distilled-R1-abliterated,0.35423454212600347,0.38277850218543213,0.3066465256797583,0.26593959731543626,0.36596875,0.2757646276595745
prithivMLmods/Elita-1,0.4906470387460826,0.6520409113818334,0.3429003021148036,0.37583892617449666,0.48341666666666666,0.5381482712765957
prithivMLmods/Epimetheus-14B-Axo,0.5546439,0.6613340892011862,0.41012084592145015,0.3926174496644295,0.4819583333333333,0.5304188829787234
prithivMLmods/Equuleus-Opus-14B-Exp,0.7000735825387749,0.6433769213927613,0.45845921450151056,0.38674496644295303,0.4951666666666667,0.5374002659574468
prithivMLmods/Eridanus-Opus-14B-r999,0.638574538,0.6583918169279829,0.3859516616314199,0.39429530201342283,0.476875,0.5361535904255319
prithivMLmods/Evac-Opus-14B-Exp,0.5916135852870383,0.6475440673701862,0.4214501510574018,0.3884228187919463,0.47278125,0.5316655585106383
prithivMLmods/FastThink-0.5B-Tiny,0.25798880304259364,0.3205583807088257,0.020392749,0.2609060402684564,0.3566354166666667,0.16489361702127658
prithivMLmods/GWQ-9B-Preview,0.5065836425129767,0.5805745804247511,0.22658610271903323,0.33976510067114096,0.4951041666666667,0.39835438829787234
prithivMLmods/GWQ-9B-Preview2,0.5208967761096114,0.5797218710843371,0.23716012084592145,0.3263422818791946,0.48598958333333336,0.3996841755319149
prithivMLmods/GWQ2b,0.41148707651254224,0.41433702954085216,0.062688822,0.2827181208053691,0.43111458333333336,0.24725731382978725
prithivMLmods/Gaea-Opus-14B-Exp,0.5956351369920699,0.6560465337491567,0.42749244712990936,0.39093959731543626,0.48589583333333336,0.5400598404255319
prithivMLmods/Galactic-Qwen-14B-Exp1,0.5832202999153357,0.6582262489447345,0.40181268882175225,0.3934563758389262,0.4780520833333333,0.53956117
prithivMLmods/Galactic-Qwen-14B-Exp2,0.6620300801872365,0.7203002699449659,0.3474320241691843,0.39932885906040266,0.5353854166666667,0.5690658244680851
prithivMLmods/Gauss-Opus-14B-R999,0.39065457430728245,0.6227831608555382,0.5755287009063444,0.39177852348993286,0.5338333333333334,0.500748005
prithivMLmods/Jolt-v0.1,0.5092066827129793,0.6521408461659391,0.3564954682779456,0.3800335570469799,0.48471875000000003,0.5386469414893617
prithivMLmods/Lacerta-Opus-14B-Elite8,0.614144913,0.6401384743047456,0.3648036253776435,0.3783557046979866,0.4635416666666667,0.5321642287234043
prithivMLmods/Llama-3.1-5B-Instruct,0.14066011516110588,0.3051074188361172,0.015105740181268883,0.26426174496644295,0.35400000000000004,0.11835106382978723
prithivMLmods/Llama-3.1-8B-Open-SFT,0.4122616878770551,0.4967982234773378,0.1216012084592145,0.30956375838926176,0.39036458333333335,0.35222739361702127
prithivMLmods/Llama-3.2-3B-Math-Oct,0.4585233846194763,0.4371840952508727,0.11555891238670694,0.25838926174496646,0.34698958333333335,0.2911402925531915
prithivMLmods/Llama-3.2-6B-AlgoCode,0.21357553513566227,0.37477424449567703,0.013595166163141994,0.2869127516778524,0.40134374999999994,0.17977061170212766
prithivMLmods/Llama-8B-Distill-CoT,0.3341511633576688,0.4297620873695442,0.4003021148036254,0.28942953020134227,0.3719791666666667,0.273188165
prithivMLmods/Llama-Deepsync-1B,0.3570071853792382,0.33856262083940014,0.043806647,0.2600671140939597,0.35651041666666666,0.17378656914893617
prithivMLmods/Llama-Deepsync-3B,0.4302218114602588,0.4291521655271033,0.11782477341389729,0.27181208053691275,0.33238541666666666,0.3031083776595745
prithivMLmods/Llama-Express.1-Math,0.5084320713484665,0.33638140090435265,0.055891238670694864,0.2634228187919463,0.31434375,0.16098736702127658
prithivMLmods/LwQ-10B-Instruct,0.3934770852449279,0.5121712029712329,0.040030211,0.31208053691275167,0.45439583333333333,0.331781915
prithivMLmods/LwQ-Reasoner-10B,0.29413400887423147,0.5866254169962443,0.3580060422960725,0.3464765100671141,0.40785416666666663,0.41472739361702127
prithivMLmods/Magellanic-Opus-14B-Exp,0.6866347956754744,0.6382505935140227,0.37990936555891236,0.37416107382550334,0.49262500000000004,0.5272606382978723
prithivMLmods/Magellanic-Qwen-25B-R999,0.18727199386516663,0.26075689808294905,0.005287009,0.25083892617449666,0.3831145833333333,0.1299867021276596
prithivMLmods/Megatron-Corpus-14B-Exp,0.49826571275327247,0.6355171004470184,0.3429003021148036,0.36325503355704697,0.4766875,0.5260139627659575
prithivMLmods/Megatron-Corpus-14B-Exp.v2,0.48704991644392437,0.632146084,0.2590634441087613,0.3422818791946309,0.449,0.48096742021276595
prithivMLmods/Megatron-Opus-14B-2.0,0.6693739278447852,0.6870557211788685,0.27794561933534745,0.35906040268456374,0.41403125,0.5170378989361702
prithivMLmods/Megatron-Opus-14B-2.1,0.024554848,0.6726960005125086,0.2998489425981873,0.38338926174496646,0.49275,0.5173703457446809
prithivMLmods/Megatron-Opus-14B-Exp,0.4979410187192206,0.6516090109599467,0.35347432024169184,0.375,0.48865625,0.5400598404255319
prithivMLmods/Megatron-Opus-14B-Stock,0.5173750094194515,0.6411753580495262,0.33459214501510576,0.375,0.48202083333333334,0.5293384308510638
prithivMLmods/Megatron-Opus-7B-Exp,0.6017300761978217,0.5367154102661396,0.1971299093655589,0.311241611,0.4185833333333333,0.3900432180851064
prithivMLmods/Messier-Opus-14B-Elite7,0.7113392465325337,0.6498611961862557,0.4070996978851964,0.39093959731543626,0.4885625,0.5403922872340425
prithivMLmods/Omni-Reasoner-Merged,0.4599473840520929,0.5507848245879011,0.3330815709969788,0.3036912751677852,0.4616458333333333,0.43641954787234044
prithivMLmods/Omni-Reasoner3-Merged,0.49346955,0.4387847138827546,0.10876132930513595,0.26426174496644295,0.35222916666666665,0.29496343085106386
prithivMLmods/Pegasus-Opus-14B-Exp,0.6981752860188744,0.6547548394062034,0.4086102719033233,0.3951342281879195,0.4859583333333333,0.5412234042553191
prithivMLmods/Phi-4-Empathetic,0.049659348306936704,0.6726820578371974,0.2620845921450151,0.3800335570469799,0.49913541666666666,0.5065658244680851
prithivMLmods/Phi-4-Math-IO,0.058976848,0.6668255086606543,0.45770392749244715,0.39848993288590606,0.4872916666666667,0.5205285904255319
prithivMLmods/Phi-4-QwQ,0.055929378,0.6695574237334824,0.45770392749244715,0.39093959731543626,0.4650625,0.5275099734042553
prithivMLmods/Phi-4-Super,0.048135614,0.6720116458521787,0.34894259818731116,0.39429530201342283,0.504375,0.526595745
prithivMLmods/Phi-4-Super-1,0.041765848,0.672933648,0.35196374622356497,0.3934563758389262,0.5017395833333333,0.5235206117021277
prithivMLmods/Phi-4-Super-o1,0.041765848,0.672933648,0.35196374622356497,0.3934563758389262,0.5017395833333333,0.5235206117021277
prithivMLmods/Phi-4-o1,0.028976449154908976,0.6688727399756971,0.3995468277945619,0.3825503355704698,0.49777083333333333,0.5173703457446809
prithivMLmods/Phi4-Super,0.048135614,0.6720116458521787,0.34894259818731116,0.39429530201342283,0.504375,0.526595745
prithivMLmods/Porpoise-Opus-14B-Exp,0.7098155117310957,0.6518903547146537,0.4040785498489426,0.3934563758389262,0.4925625,0.5396442819148937
prithivMLmods/Primal-Opus-14B-Optimus-v1,0.5013131823561483,0.6419423743359406,0.33836858,0.3724832214765101,0.48471875000000003,0.5259308510638298
prithivMLmods/Primal-Opus-14B-Optimus-v2,0.6403730989330532,0.6543780845512958,0.4206948640483384,0.39177852348993286,0.48998958333333337,0.542220745
prithivMLmods/QwQ-LCoT-14B-Conversational,0.4047427492386867,0.6239828933798323,0.4652567975830816,0.3498322147651007,0.48471875000000003,0.52784242
prithivMLmods/QwQ-LCoT-3B-Instruct,0.4354424039326764,0.47629783868435643,0.2824773413897281,0.28187919463087246,0.43579166666666663,0.3582114361702128
prithivMLmods/QwQ-LCoT-7B-Instruct,0.4986901421561457,0.5466466326018563,0.3716012084592145,0.30201342281879195,0.4801875,0.4334275265957447
prithivMLmods/QwQ-LCoT1-Merged,0.47513486438206187,0.548095531,0.3731117824773414,0.3070469798657718,0.46961458333333334,0.4357546542553192
prithivMLmods/QwQ-LCoT2-7B-Instruct,0.5561177675235043,0.5424862934133593,0.3270392749244713,0.2978187919463087,0.4564375,0.4341755319148936
prithivMLmods/QwQ-MathOct-7B,0.4684404047926169,0.5485512215016556,0.29531722054380666,0.3028523489932886,0.4600625,0.4330119680851064
prithivMLmods/QwQ-R1-Distill-1.5B-CoT,0.21939564799177294,0.36662076641982305,0.33459214501510576,0.2860738255033557,0.34339583333333334,0.19132313829787234
prithivMLmods/QwQ-R1-Distill-7B-CoT,0.3500378994401522,0.438788673,0.46827794561933533,0.2936241610738255,0.37790624999999994,0.2804188829787234
prithivMLmods/Qwen-7B-Distill-Reasoner,0.3395712265677292,0.4409329229697952,0.3950151057401813,0.3271812080536913,0.36596874999999995,0.2818317819148936
prithivMLmods/Qwen2.5-1.5B-DeepSeek-R1-Instruct,0.13968603305895025,0.28243669901671337,0,0.276006711,0.3723541666666667,0.11228390957446809
prithivMLmods/Qwen2.5-14B-DeepSeek-R1-1M,0.4192808415005519,0.5934849375153814,0.5128398791540786,0.33221476510067116,0.4606041666666667,0.48994348404255317
prithivMLmods/Qwen2.5-7B-DeepSeek-R1-1M,0.18612282078219125,0.3125554204779005,0.015105740181268883,0.26174496644295303,0.3416875,0.12009640957446809
prithivMLmods/SmolLM2-CoT-360M,0.22156877086131466,0.31352960121180296,0.020392749,0.23657718120805368,0.3793958333333333,0.1085438829787234
prithivMLmods/Sombrero-Opus-14B-Elite5,0.7880756393037142,0.6501539892126272,0.5354984894259819,0.33640939597315433,0.4286666666666667,0.52002992
prithivMLmods/Sombrero-Opus-14B-Elite6,0.7226049105262924,0.6487937804559186,0.4078549848942598,0.3934563758389262,0.48859375,0.5389793882978723
prithivMLmods/Sombrero-Opus-14B-Sm1,0.3812872068334242,0.635462046,0.5664652567975831,0.4035234899328859,0.5298958333333333,0.512466755
prithivMLmods/Sombrero-Opus-14B-Sm2,0.4272242095417935,0.6609367219259568,0.486404834,0.3884228187919463,0.5088125,0.5344913563829787
prithivMLmods/Sombrero-Opus-14B-Sm4,0.4346932804957513,0.6612776404137711,0.4879154078549849,0.3951342281879195,0.5191666666666667,0.5300033244680851
prithivMLmods/Sombrero-Opus-14B-Sm5,0.6851609285584471,0.6563944936055776,0.4093655589123867,0.38674496644295303,0.480625,0.5399767287234043
prithivMLmods/Sqweeks-7B-Instruct,0.21579852568961466,0.4666692459456812,0.5143504531722054,0.3070469798657718,0.44760416666666664,0.3133311170212766
prithivMLmods/Tadpole-Opus-14B-Exp,0.5749522378400422,0.636858709,0.31344410876132933,0.3859060402684564,0.47284375,0.5322473404255319
prithivMLmods/Taurus-Opus-7B,0.42232831110342783,0.5367364587851736,0.21676737160120846,0.3263422818791946,0.43988541666666664,0.3951130319148936
prithivMLmods/Triangulum-10B,0.3229353670483207,0.5968023910391113,0.3549848942598187,0.3540268456375839,0.41724999999999995,0.4178025265957447
prithivMLmods/Triangulum-5B,0.1283206336963701,0.3124115848614622,0.010574018126888218,0.2550335570469799,0.3445416666666667,0.12234042553191489
prithivMLmods/Triangulum-v2-10B,0.6705231009277606,0.6064531367418446,0.24471299093655588,0.337248322,0.42807291666666664,0.44664228723404253
prithivMLmods/Tucana-Opus-14B-r999,0.60672571,0.6556888858891955,0.40634441087613293,0.39177852348993286,0.47303125,0.5383976063829787
prithivMLmods/Tulu-MathLingo-8B,0.5589402784611497,0.4658807905856453,0.14501510574018128,0.2902684563758389,0.38642708333333337,0.304438165
prithivMLmods/Viper-Coder-7B-Elite14,0.14882844186757802,0.28285388717732607,0.010574018126888218,0.2550335570469799,0.34215625,0.10887632978723404
prithivMLmods/Viper-Coder-Hybrid-v1.2,0.6735705705306365,0.6390749226915919,0.3330815709969788,0.37416107382550334,0.48217708333333337,0.5242686170212766
prithivMLmods/Viper-Coder-Hybrid-v1.3,0.7554776880898239,0.6470999423290662,0.4516616314199396,0.33808724832214765,0.4403229166666667,0.5097240691489362
prithivMLmods/Viper-Coder-HybridMini-v1.3,0.6103727,0.5365472959273401,0.46299093655589124,0.31711409395973156,0.45048958333333333,0.4351728723404255
prithivMLmods/Viper-Coder-v0.1,0.5521460835028835,0.6143056870893655,0.3270392749244713,0.3540268456375839,0.43944791666666666,0.3927859042553192
prithivMLmods/Viper-Coder-v1.1,0.443236169,0.6492289468853992,0.5460725075528701,0.401006711,0.5219270833333334,0.523188165
prithivMLmods/Viper-Coder-v1.6-r999,0.4432860366050967,0.6492289468853992,0.5657099697885196,0.401006711,0.5219270833333334,0.523188165
prithivMLmods/Viper-Coder-v1.7-Vsm6,0.5003889679384035,0.6502342489348574,0.4645015105740181,0.39681208053691275,0.47675,0.5287566489361702
prithivMLmods/Viper-OneCoder-UIGEN,0.4691895282295421,0.6046507657311738,0.3867069486404834,0.3422818791946309,0.45141666666666663,0.390375665
prithivMLmods/Volans-Opus-14B-Exp,0.5867675545330834,0.6521211711040636,0.425226586,0.3850671140939597,0.4871979166666667,0.5384807180851063
prithivMLmods/WebMind-7B-v0.1,0.5278161943642867,0.5433559211614739,0.3648036253776435,0.31711409395973156,0.4537395833333333,0.4279421542553192
pszemraj/Llama-3-6.3b-v0.1,0.10438968603305895,0.41968070468284147,0.021148036253776436,0.2835570469798658,0.3908333333333333,0.2839926861702128
pszemraj/Mistral-v0.3-6B,0.2453744952282167,0.3774050646438491,0.013595166163141994,0.2651006711409396,0.39077083333333335,0.2142619680851064
qingy2019/LLaMa_3.2_3B_Catalysts,0.499239795,0.44681268798954793,0.12915407854984895,0.28859060402684567,0.37877083333333333,0.30078125
qingy2019/OpenMath2-Llama3.1-8B,0.23305939352030391,0.40955241401694514,0.2673716012084592,0.2651006711409396,0.34355208333333337,0.15533577127659576
qingy2019/Oracle-14B,0.23583203677353867,0.4611577021562399,0.064199396,0.2575503355704698,0.37166666666666665,0.23819813829787234
qingy2019/Qwen2.5-Math-14B-Instruct,0.6066259746361875,0.6350068875885949,0.3716012084592145,0.3724832214765101,0.4757291666666667,0.5330784574468085
qingy2019/Qwen2.5-Math-14B-Instruct-Alpha,0.5980830862112528,0.6375080075350833,0.31419939577039274,0.3699664429530201,0.4649375,0.5330784574468085
qingy2019/Qwen2.5-Math-14B-Instruct-Pro,0.1921678923035324,0.5318689754519911,0.283987915,0.311241611,0.37403125,0.35580119680851063
qingy2019/Qwen2.5-Ultimate-14B-Instruct,0.39380177927897975,0.5841561592804249,0.2892749244712991,0.3565436241610738,0.4135,0.4929355053191489
qingy2024/Benchmaxx-Llama-3.2-1B-Instruct,0.20136016879657087,0.8269136508088061,0.48036253776435045,0.2835570469798658,0.3446354166666667,0.11128656914893617
qingy2024/Eyas-17B-Instruct,0.6574588757829227,0.6084550080292097,0.24697885196374622,0.3145973154362416,0.45216666666666666,0.43425864361702127
qingy2024/Falcon3-2x10B-MoE-Instruct,0.7849783020164276,0.6184925726037823,0.2794561933534743,0.33053691275167785,0.42835416666666665,0.44232047872340424
qingy2024/Fusion-14B-Instruct,0.7259770741632203,0.6395930812164231,0.3368580060422961,0.3548657718120805,0.44004166666666666,0.50440492
qingy2024/Fusion2-14B-Instruct,0.6064010159709571,0.611852372,0.31268882175226587,0.3447986577181208,0.46338541666666666,0.5050698138297872
qingy2024/Fusion4-14B-Instruct,0.7648949232480928,0.6542520469477617,0.38821752265861026,0.33053691275167785,0.4325729166666667,0.5193650265957447
qingy2024/OwO-14B-Instruct,0.1383119013107444,0.6164807172760662,0.4161631419939577,0.3640939597315436,0.44068749999999995,0.5181183510638298
qingy2024/QwEnlarge-16B-Instruct,0.7801821389468832,0.5949341698087998,0.45996978851963743,0.33305369127516776,0.410125,0.44755651595744683
qingy2024/QwQ-14B-Math-v0.2,0.33909692948044523,0.573097955,0.4811178247734139,0.2625838926174497,0.40209374999999997,0.47997007978723405
qingy2024/Qwarkstar-4B,0.19941200459225966,0.40149118131308104,0.086102719,0.32466442953020136,0.44283333333333336,0.24251994680851063
qingy2024/Qwarkstar-4B-Instruct-Preview,0.5324372664530114,0.43584381808469397,0.1283987915407855,0.2802013422818792,0.38959374999999996,0.250249335
qingy2024/Qwen2.5-4B,0.21584839337402537,0.4269378314466817,0.051359517,0.2911073825503356,0.46103125,0.2524933510638298
qingy2024/Qwen2.5-Coder-Draft-1.5B-Instruct,0.4125110262991086,0.3836795503038973,0.1578549848942598,0.2600671140939597,0.35800000000000004,0.22440159574468085
qingy2024/Qwen2.5-Math-14B-Instruct-Alpha,0.7704402097545624,0.646486159,0.42900302114803623,0.348993289,0.40209374999999997,0.49659242021276595
qingy2024/Qwen2.5-Math-14B-Instruct-Preview,0.7825802204816554,0.6293942245934432,0.47583081570996977,0.34060402684563756,0.4114583333333333,0.49933510638297873
qingy2024/Qwen2.6-14B-Instruct,0.5810970447302047,0.6394142844483001,0.30513595166163143,0.37919463087248323,0.4569375,0.5285073138297872
qingy2024/Qwen2.6-Math-14B-Instruct,0.38623186478543603,0.6324437508110833,0.42900302114803623,0.3699664429530201,0.4758541666666667,0.5241023936170213
qq8933/OpenLongCoT-Base-Gemma2-2B,0.1965141380426158,0.3106362870893106,0.023413897280966767,0.2625838926174497,0.32225,0.1315658244680851
raphgg/test-2.5-72B,0.8437047035199936,0.7266099425567868,0.4108761329305136,0.38926174496644295,0.48118750000000005,0.5836934840425532
rasyosef/Mistral-NeMo-Minitron-8B-Chat,0.4451843331249973,0.47594353379058535,0.027190332326283987,0.276006711,0.4304270833333333,0.2403590425531915
rasyosef/Phi-1_5-Instruct-v0.1,0.24022815019703275,0.3117898107092894,0.013595166163141994,0.2600671140939597,0.34215625,0.15616688829787234
rasyosef/phi-2-instruct-apo,0.31459194936102874,0.44450964630048634,0.030211480362537766,0.2701342281879195,0.33421875,0.21550864361702127
rasyosef/phi-2-instruct-v0.1,0.3681476260765879,0.47261184292654473,0,0.27432885906040266,0.3523541666666667,0.22465093085106383
realtreetune/rho-1b-sft-MATH,0.212101668,0.3144153389594046,0.034743202,0.2525167785234899,0.34584375,0.11170212765957446
recoilme/Gemma-2-Ataraxy-Gemmasutra-9B-slerp,0.7648949232480928,0.597438766,0.017371601208459216,0.33053691275167785,0.4244791666666667,0.4207114361702128
recoilme/recoilme-gemma-2-9B-v0.1,0.751506004,0.5995309756292291,0.2039274924471299,0.3389261744966443,0.41914583333333333,0.4158909574468085
recoilme/recoilme-gemma-2-9B-v0.2,0.7591745457608035,0.6025964285724085,0.052870090634441085,0.3288590604026846,0.409875,0.41630651595744683
recoilme/recoilme-gemma-2-9B-v0.3,0.743937198,0.5992527878628748,0.087613293,0.3238255033557047,0.4203854166666667,0.4072473404255319
recoilme/recoilme-gemma-2-9B-v0.4,0.2561891337207498,0.5967285833554881,0.084592145,0.34060402684563756,0.4726875,0.4405751329787234
recoilme/recoilme-gemma-2-9B-v0.5,0.7664186580495308,0.5981472549925003,0.21148036253776434,0.33640939597315433,0.4231770833333333,0.41996343085106386
redrix/AngelSlayer-12B-Unslop-Mell-RPMax-DARKNESS,0.5359590331431713,0.5128840998052852,0.11329305135951662,0.31543624161073824,0.38178124999999996,0.3179853723404255
redrix/patricide-12B-Unslop-Mell,0.40739016919551235,0.5398666865853622,0.13141993957703926,0.3238255033557047,0.4025833333333333,0.3570478723404255
refuelai/Llama-3-Refueled,0.4619952836252255,0.5870766201705051,0.066465257,0.29949664429530204,0.44540625,0.30950797872340424
rhplus0831/maid-yuzu-v7,0.6462430794735745,0.480491692,0.10196374622356495,0.30956375838926176,0.41362499999999996,0.35397273936170215
rhymes-ai/Aria,0.4773079872516035,0.5695312446413633,0.1933534743202417,0.3624161073825503,0.43375,0.44049202127659576
rhysjones/phi-2-orange-v2,0.3669740732367895,0.4770220109816213,0.040785498,0.26174496644295303,0.3629583333333333,0.25324135638297873
riaz/FineLlama-3.1-8B,0.43734070045257695,0.45857296498013483,0.051359517,0.2751677852348993,0.3762916666666667,0.29637632978723405
rmdhirr/Gluon-8B,0.5052848663767692,0.5153305292144984,0.14425981873111782,0.31208053691275167,0.4038854166666667,0.38081781914893614
rombodawg/Rombos-Coder-V2.5-Qwen-14b,0.7047445223119102,0.6165135323666455,0.3300604229607251,0.3028523489932886,0.3914583333333333,0.3939494680851064
rombodawg/Rombos-Coder-V2.5-Qwen-7b,0.6210388436016436,0.5077090028113894,0.3338368580060423,0.2835570469798658,0.3979375,0.33976063829787234
rombodawg/Rombos-LLM-V2.5-Qwen-0.5b,0.28466690603155187,0.32936751831436256,0.067975831,0.26677852348993286,0.32358333333333333,0.18658577127659576
rombodawg/Rombos-LLM-V2.5-Qwen-1.5b,0.3402461025634206,0.4256703145864387,0.085347432,0.28859060402684567,0.4185520833333333,0.2922207446808511
rombodawg/Rombos-LLM-V2.5-Qwen-14b,0.5840447789642593,0.6481086261669653,0.4554380664652568,0.3716442953020134,0.4717291666666667,0.5375664893617021
rombodawg/Rombos-LLM-V2.5-Qwen-32b,0.6826631116548536,0.7045537070859799,0.4954682779456193,0.39681208053691275,0.5034166666666667,0.5915890957446809
rombodawg/Rombos-LLM-V2.5-Qwen-3b,0.5342358276040905,0.4808896246368473,0.2794561933534743,0.30788590604026844,0.4041666666666666,0.37608045212765956
rombodawg/Rombos-LLM-V2.5-Qwen-72b,0.715535889,0.7229589065788488,0.5422960725075529,0.39848993288590606,0.4599166666666667,0.593500665
rombodawg/Rombos-LLM-V2.5-Qwen-7b,0.6237117514860571,0.5543885046903589,0.3814199395770393,0.3179530201342282,0.42909375,0.4468916223404255
rombodawg/Rombos-LLM-V2.5.1-Qwen-3b,0.2595125378440316,0.3884043024656656,0.091389728,0.27432885906040266,0.39911458333333333,0.27194148936170215
rombodawg/Rombos-LLM-V2.6-Nemotron-70b,0.7526551771521784,0.6937699482580332,0.3330815709969788,0.40604026845637586,0.46686458333333336,0.5329122340425532
rombodawg/Rombos-LLM-V2.6-Qwen-14b,0.8431550508207113,0.6442096596344892,0.5211480362537765,0.3338926174496644,0.4220625,0.49609375
rombodawg/rombos_Replete-Coder-Instruct-8b-Merged,0.5387571643239937,0.4461693860075828,0.077794562,0.26929530201342283,0.36603125,0.18085106382978725
rombodawg/rombos_Replete-Coder-Llama3-8B,0.4714125187834945,0.32762771025266835,0.039274924,0.26677852348993286,0.39663541666666663,0.13347739361702127
rootxhacker/Apollo-70B,0.5098560707810831,0.6804215148524603,0.5611782477341389,0.45721476510067116,0.4947708333333333,0.5279255319148937
rootxhacker/Apollo_v2-32B,0.4280486885907171,0.7072274795963693,0.42749244712990936,0.3783557046979866,0.4993854166666667,0.5869348404255319
rootxhacker/apollo-7B,0.29533304964161755,0.3636262699883149,0.025679758,0.2785234899328859,0.41312499999999996,0.17478390957446807
rsh345/mistral-ft-optimized-1218-NeuralHermes-2.5-Mistral-7B,0.3891807071902552,0.5188437309746964,0.07326284,0.3028523489932886,0.46719791666666666,0.30535239361702127
rubenroy/Geneva-12B-GCv2-5m,0.2586381911106974,0.5278373390214104,0.080060423,0.287751678,0.3524791666666667,0.3249667553191489
rubenroy/Gilgamesh-72B,0.8486006019583594,0.7253327589560739,0.4380664652567976,0.39429530201342283,0.46264583333333337,0.5802027925531915
rubenroy/Zurich-14B-GCv2-5m,0.6163679038285084,0.6308359017750411,0.3074018126888218,0.3615771812080537,0.4874479166666667,0.5232712765957447
ruizhe1217/sft-s1-qwen-0.5b,0.27487510915482033,0.33005365550588683,0.061933534743202415,0.27097315436241615,0.31958333333333333,0.1891622340425532
rwitz/go-bruins-v2,0.40958877999264176,0.37988446841089685,0.067220544,0.2625838926174497,0.41375,0.2760970744680851
sabersaleh/Llama2-7B-CPO,0.1545488193548673,0.3457919655499851,0.013595166163141994,0.2676174496644295,0.40482291666666664,0.1605718085106383
sabersaleh/Llama2-7B-DPO,0.14533105493424114,0.3512218731420535,0.015861027190332326,0.2684563758389262,0.4113645833333333,0.16256648936170212
sabersaleh/Llama2-7B-IPO,0.17685518867715438,0.3474552716912811,0.015861027190332326,0.2676174496644295,0.4047604166666667,0.16173537234042554
sabersaleh/Llama2-7B-KTO,0.15284999357260956,0.35007577568366255,0.018882175,0.2676174496644295,0.41669791666666667,0.1636469414893617
sabersaleh/Llama2-7B-SPO,0.15667207453999832,0.33834029554844597,0.019637462235649546,0.27684563758389263,0.3874270833333333,0.17569813829787234
sabersaleh/Llama2-7B-SimPO,0.1658643510330368,0.34891553101294254,0.015861027190332326,0.2709731543624161,0.40069791666666665,0.16414561170212766
sabersaleh/Llama3,0.3320777758569484,0.47821899796340944,0.056646526,0.3104026845637584,0.39334375000000005,0.316156915
sabersalehk/Llama3-001-300,0.3178643776291351,0.47445771982516544,0.052870090634441085,0.29949664429530204,0.40639583333333335,0.3158244680851064
sabersalehk/Llama3-SimPO,0.36420142998355476,0.48735382942408356,0.057401813,0.30788590604026844,0.40459375000000003,0.3156582446808511
sabersalehk/Llama3_001_200,0.321836062,0.4727921518419169,0.051359517,0.3036912751677852,0.4037291666666667,0.31831781914893614
sabersalehk/Llama3_01_300,0.2958827023408999,0.4691387139601247,0.049848943,0.30788590604026844,0.40648958333333335,0.31241688829787234
saishf/Fimbulvetr-Kuro-Lotus-10.7B,0.49394384677101205,0.4342316286386943,0.053625378,0.3011744966442953,0.4445104166666667,0.33892952127659576
saishf/Neural-SOVLish-Devil-8B-L3,0.41988036188424493,0.5141802159065874,0.089123867,0.30788590604026844,0.4109583333333333,0.3807347074468085
saishshinde15/TethysAI_Base_Reasoning,0.6368757119997164,0.4518558867290183,0.31419939577039274,0.2860738255033557,0.4074583333333333,0.3236369680851064
saishshinde15/TethysAI_Vortex,0.4297718941297978,0.4749261293502527,0.3149546827794562,0.3053691275167785,0.44578125,0.3240525265957447
saishshinde15/TethysAI_Vortex_Reasoning,0.40211970903868405,0.4693805860486275,0.21450151057401812,0.30453020134228187,0.40844791666666663,0.3380984042553192
sakaltcommunity/novablast-preview,0.4530279657974175,0.7042765234852668,0.48942598187311176,0.38171140939597314,0.5021145833333334,0.5915059840425532
sakaltcommunity/sakaltum-7b,0.2603868845773658,0.4575213514148995,0.029456193,0.2726510067114094,0.3775,0.2769281914893617
sakhan10/quantized_open_llama_3b_v2,0.18722212618075595,0.3019800780121471,0,0.27684563758389263,0.3681666666666667,0.10954122340425532
saltlux/luxia-21.4b-alignment-v1.0,0.36929679915956326,0.6373342606775594,0.097432024,0.3011744966442953,0.43284374999999997,0.34034242021276595
saltlux/luxia-21.4b-alignment-v1.2,0.41153694419695297,0.6371180708112368,0.084592145,0.30788590604026844,0.4458958333333334,0.34732380319148937
sam-paech/Darkest-muse-v1,0.7344202272193336,0.5968439530708949,0.21450151057401812,0.34395973154362414,0.4502083333333333,0.4183843085106383
sam-paech/Delirium-v1,0.7207564816908026,0.5962113834521733,0.2107250755287009,0.34312080536912754,0.45144791666666667,0.4189660904255319
sam-paech/Quill-v1,0.712213593,0.5969226347989487,0.2122356495468278,0.33976510067114096,0.45547916666666666,0.4171376329787234
sarvamai/OpenHathi-7B-Hi-v0.1-Base,0.18040244329490196,0.33540458231510667,0.008308157,0.2533557046979866,0.36584375,0.15433843085106383
schnapss/testmerge-7b,0.39222817679313116,0.5187478405637375,0.068731118,0.2961409395973154,0.4685625,0.30601728723404253
sci-m-wang/Mistral-7B-Instruct-sa-v0.1,0.4335186194851882,0.32727821561411724,0.014350453172205438,0.25922818791946306,0.38999999999999996,0.2362034574468085
sci-m-wang/Phi-3-mini-4k-instruct-sa-v0.1,0.5020623057930734,0.5502038722383045,0.14803625377643503,0.3288590604026846,0.40730208333333334,0.39852061170212766
sci-m-wang/deepseek-llm-7b-chat-sa-v0.1,0.4035935761557113,0.37177200995276305,0.026435045317220542,0.25671140939597314,0.4173125,0.22091090425531915
securin/Securin-LLM-V2.5-Qwen-1.5B,0.1492030035860406,0.3158416288115425,0.024924471299093656,0.25,0.3606354166666667,0.16148603723404256
senseable/WestLake-7B-v2,0.4418620371724801,0.4073276290688943,0.048338369,0.27684563758389263,0.39371874999999995,0.27642952127659576
sequelbox/Llama3.1-70B-PlumChat,0.5616131863455631,0.6752815345736151,0.3028700906344411,0.39093959731543626,0.47737500000000005,0.516373005
sequelbox/Llama3.1-8B-MOTH,0.5244938984117696,0.490246673,0.1216012084592145,0.2684563758389262,0.3689166666666666,0.3338597074468085
sequelbox/Llama3.1-8B-PlumChat,0.42427647530773904,0.3873291395699702,0.036253776,0.2651006711409396,0.3754583333333333,0.21268284574468085
sequelbox/Llama3.1-8B-PlumCode,0.20448299401144518,0.3368086861425416,0.027190332326283987,0.276006711,0.37734375000000003,0.23354388297872342
sequelbox/Llama3.1-8B-PlumMath,0.224241679,0.40323023090048143,0.047583082,0.3179530201342282,0.39185416666666667,0.29753989361702127
sequelbox/gemma-2-9B-MOTH,0.20588150551647405,0.30797000521562534,0.010574018126888218,0.2600671140939597,0.3409479166666667,0.11402925531914894
sethuiyer/Llama-3.1-8B-Experimental-1206-Instruct,0.6967014189018471,0.510381184,0.11178247734138973,0.29949664429530204,0.39657291666666666,0.35289228723404253
sethuiyer/Llama-3.1-8B-Experimental-1208-Instruct,0.6099981382731153,0.49642264289263355,0.089123867,0.2961409395973154,0.3789895833333334,0.35106382978723405
sethuiyer/LlamaZero-3.1-8B-Experimental-1208,0.6051022398347496,0.49813698712445653,0.10800604229607251,0.2684563758389262,0.38199999999999995,0.2999501329787234
sethuiyer/Llamaverse-3.1-8B-Instruct,0.6185410266980501,0.5414159562743479,0.18580060422960726,0.2911073825503356,0.3761666666666667,0.3523105053191489
sethuiyer/Llamazing-3.1-8B-Instruct,0.5711301568726534,0.529106968,0.054380664652567974,0.31208053691275167,0.39759374999999997,0.3606216755319149
sethuiyer/Qwen2.5-7B-Anvita,0.6480416406246536,0.5465860266784314,0.20166163141993956,0.3271812080536913,0.43365625,0.4165558510638298
shadowml/BeagSake-7B,0.5215960318621258,0.47110342371098474,0.05060423,0.28104026845637586,0.41235416666666663,0.25847739361702127
shadowml/Mixolar-4x7b,0.3893303102434873,0.5215949876221495,0.0581571,0.29278523489932884,0.42575,0.33053523936170215
shastraai/Shastra-LLAMA2-Math-Commonsense-SFT,0.3041507644161935,0.384316754,0.017371601208459216,0.25922818791946306,0.3604479166666667,0.19971742021276595
shivam9980/NEPALI-LLM,0.041666112581284324,0.3828457133787513,0.009063444,0.26174496644295303,0.41219791666666666,0.2064494680851064
shivam9980/mistral-7b-news-cnn-merged,0.4634192830578421,0.3635484854246454,0.018882175,0.3087248322147651,0.45226041666666666,0.28274601063829785
shivank21/mistral_dpo_self,0.340345838,0.3216256961597798,0.021903323,0.2407718120805369,0.32466666666666666,0.2214095744680851
shuttleai/shuttle-3,0.81540313,0.7420334281529087,0.45996978851963743,0.41191275167785235,0.4376875,0.5716422872340425
shyamieee/Padma-v7.0,0.3841097177710696,0.5118785631761485,0.070241692,0.2860738255033557,0.43855208333333334,0.3029421542553192
silma-ai/SILMA-9B-Instruct-v1.0,0.5841943820174914,0.5219015032853501,0.1163141993957704,0.3053691275167785,0.46369791666666665,0.39195478723404253
silma-ai/SILMA-Kashif-2B-Instruct-v1.0,0.11807781131841291,0.37932201246317715,0.011329305135951661,0.2701342281879195,0.4042604166666666,0.22581449468085107
siqi00/Mistral-7B-DFT,0.5568668909604294,0.46648773367771273,0.03776435,0.30453020134228187,0.41911458333333335,0.2962932180851064
siqi00/Mistral-7B-DFT2,0.5803723010501026,0.39683798240076246,0.045317220543806644,0.29949664429530204,0.44007291666666665,0.28523936170212766
skumar9/Llama-medx_v2,0.4462337708391512,0.4908589512175783,0.091389728,0.3053691275167785,0.36612500000000003,0.34632646276595747
skymizer/Llama2-7b-sft-chat-custom-template-dpo,0.2352823840742563,0.36884662302661564,0.014350453172205438,0.23909395973154363,0.44286458333333334,0.19464760638297873
someon98/qwen-CoMa-0.5b,0.22766371006706648,0.29533439538939815,0.004531722,0.23993288590604026,0.40457291666666667,0.10987367021276596
sometimesanotion/ChocoTrio-14B-v1,0.7088912973133508,0.6505840125855428,0.3972809667673716,0.3850671140939597,0.4820520833333333,0.5369847074468085
sometimesanotion/IF-reasoning-experiment-40,0.6329793835910938,0.6111859401994667,0.3716012084592145,0.3800335570469799,0.5194166666666666,0.5024933510638298
sometimesanotion/IF-reasoning-experiment-80,0.5462761029623622,0.42103836132239286,0.098942598,0.28439597315436244,0.5024583333333333,0.3367686170212766
sometimesanotion/KytheraMix-7B-v0.2,0.6128705168951715,0.5635202746804572,0.29229607250755285,0.33557046979865773,0.45941666666666664,0.45054853723404253
sometimesanotion/Lamarck-14B-v0.1-experimental,0.5353850006870658,0.6582539239967329,0.3580060422960725,0.38171140939597314,0.47284375,0.5408078457446809
sometimesanotion/Lamarck-14B-v0.3,0.5031616111916382,0.6611400465373158,0.3406344410876133,0.3884228187919463,0.4688125,0.5410571808510638
sometimesanotion/Lamarck-14B-v0.4-Qwenvergence,0.4906470387460826,0.6535142192324058,0.33987915407854985,0.3783557046979866,0.4846875,0.5406416223404256
sometimesanotion/Lamarck-14B-v0.6,0.6972510716011294,0.6460312233782931,0.4040785498489426,0.38926174496644295,0.4846875,0.5399767287234043
sometimesanotion/Lamarck-14B-v0.6-002-model_stock,0.669224325,0.6143349188724702,0.3776435045317221,0.37416107382550334,0.5180208333333333,0.5054022606382979
sometimesanotion/Lamarck-14B-v0.6-model_stock,0.6789662539838739,0.6269436532753222,0.4244712990936556,0.38422818791946306,0.50065625,0.519780585
sometimesanotion/Lamarck-14B-v0.7-Fusion,0.6821134589555713,0.6543636625652262,0.4040785498489426,0.401006711,0.49913541666666666,0.5390625
sometimesanotion/Lamarck-14B-v0.7-rc1,0.7305482785675341,0.6486027992626241,0.3851963746223565,0.38926174496644295,0.47147916666666667,0.5415558510638298
sometimesanotion/Lamarck-14B-v0.7-rc4,0.7210811757248545,0.6509652911243554,0.4025679758308157,0.38926174496644295,0.4911979166666667,0.5399767287234043
sometimesanotion/LamarckInfusion-14B-v1,0.7198322672730577,0.6539252513912222,0.4169184290030212,0.39093959731543626,0.48989583333333336,0.5376496010638298
sometimesanotion/LamarckInfusion-14B-v2,0.6811892445378263,0.6564434429766982,0.438821752,0.3875838926174497,0.4992604166666667,0.5416389627659575
sometimesanotion/LamarckInfusion-14B-v2-hi,0.685485623,0.6555026541798943,0.4229607250755287,0.3884228187919463,0.48471875000000003,0.5404753989361702
sometimesanotion/LamarckInfusion-14B-v2-lo,0.6787911630030541,0.6528441920403686,0.42371601208459214,0.3859060402684564,0.4991041666666667,0.5397273936170213
sometimesanotion/LamarckInfusion-14B-v3,0.7131378076836128,0.6517667892516962,0.4123867069486405,0.38674496644295303,0.48202083333333334,0.5407247340425532
sometimesanotion/Qwen-14B-ProseStock-v4,0.4942186731206532,0.6498268976192769,0.3640483383685801,0.3884228187919463,0.49383333333333335,0.5386469414893617
sometimesanotion/Qwen-2.5-14B-Virmarckeoso,0.4813295389566351,0.6569729950776678,0.3564954682779456,0.37919463087248323,0.4793541666666667,0.5377327127659575
sometimesanotion/Qwen2.5-14B-Vimarckoso,0.45742407922091166,0.6446348390056346,0.33836858,0.3926174496644295,0.4858645833333333,0.5329122340425532
sometimesanotion/Qwen2.5-14B-Vimarckoso-v2,0.4505301488938239,0.6550336897572636,0.3580060422960725,0.3825503355704698,0.48189583333333336,0.5379820478723404
sometimesanotion/Qwen2.5-14B-Vimarckoso-v3,0.7256523801291683,0.641460062,0.4003021148036254,0.3800335570469799,0.4806875,0.5343251329787234
sometimesanotion/Qwen2.5-14B-Vimarckoso-v3-IF-Variant,0.6412973133507981,0.5520788965536542,0.2545317220543807,0.34731543624161076,0.5319166666666667,0.4588597074468085
sometimesanotion/Qwen2.5-14B-Vimarckoso-v3-Prose01,0.6872343160591674,0.6358769213927613,0.3995468277945619,0.38674496644295303,0.48071875000000003,0.5275099734042553
sometimesanotion/Qwen2.5-14B-Vimarckoso-v3-model_stock,0.7161852772864887,0.6420915332649074,0.4244712990936556,0.3800335570469799,0.47811458333333334,0.5315824468085106
sometimesanotion/Qwen2.5-7B-Gordion-v0.1,0.748183708,0.5523808037550308,0.29154078549848944,0.30788590604026844,0.40162499999999995,0.43001994680851063
sometimesanotion/Qwen2.5-7B-Gordion-v0.1-Prose,0.5347101246913745,0.5599089581177875,0.2892749244712991,0.32046979865771813,0.45017708333333334,0.4525432180851064
sometimesanotion/Qwen2.5-7B-Gordion-v0.1-Reason,0.49172085621705963,0.5498169530870823,0.2620845921450151,0.34060402684563756,0.4434166666666666,0.4306848404255319
sometimesanotion/Qwentessential-14B-v1,0.6279083941719084,0.6545165968552056,0.4070996978851964,0.3875838926174497,0.4872916666666667,0.5381482712765957
sometimesanotion/Qwentinuum-14B-v013,0.6711226213114536,0.6086634082040333,0.37084592145015105,0.3573825503355705,0.5154166666666666,0.49908577127659576
sometimesanotion/Qwentinuum-14B-v1,0.5031616111916382,0.6572572845221036,0.36027190332326287,0.3825503355704698,0.4780520833333333,0.5409740691489362
sometimesanotion/Qwentinuum-14B-v2,0.5378329499062487,0.6555355668062347,0.37537764350453173,0.3884228187919463,0.47141666666666665,0.5408909574468085
sometimesanotion/Qwentinuum-14B-v3,0.6157683834448153,0.6538645567116264,0.35347432024169184,0.3875838926174497,0.48598958333333336,0.5413065159574468
sometimesanotion/Qwentinuum-14B-v5,0.628557782,0.654985061,0.34441087613293053,0.3875838926174497,0.4873854166666667,0.5418051861702128
sometimesanotion/Qwentinuum-14B-v6,0.6304062110755019,0.6544517420216159,0.36027190332326287,0.38674496644295303,0.48995833333333333,0.5399767287234043
sometimesanotion/Qwentinuum-14B-v6-Prose,0.5642860942299764,0.6545112522796068,0.37009063444108764,0.3884228187919463,0.4912604166666667,0.5392287234042553
sometimesanotion/Qwentinuum-14B-v7,0.6109223526908603,0.6551430222697051,0.35725075528700906,0.39093959731543626,0.48198958333333336,0.5409740691489362
sometimesanotion/Qwentinuum-14B-v8,0.5411552458587658,0.6534258495008117,0.39123867069486407,0.38338926174496646,0.48732291666666666,0.5412234042553191
sometimesanotion/Qwentinuum-14B-v9,0.5107304175144174,0.6580257842849174,0.34818731117824775,0.3859060402684564,0.47811458333333334,0.5421376329787234
sometimesanotion/Qwenvergence-14B-qv256,0.7006232352380573,0.6312084721949004,0.38972809667673713,0.3783557046979866,0.49259375,0.5177859042553191
sometimesanotion/Qwenvergence-14B-v0.6-004-model_stock,0.6859854076073706,0.6249338707540049,0.4093655589123867,0.38338926174496646,0.5033229166666667,0.519281915
sometimesanotion/Qwenvergence-14B-v10,0.6756938257157675,0.6316425399409628,0.4788519637462236,0.37919463087248323,0.49913541666666666,0.52393617
sometimesanotion/Qwenvergence-14B-v11,0.7192327468893647,0.6367548394062034,0.4645015105740181,0.3724832214765101,0.4754479166666667,0.5327460106382979
sometimesanotion/Qwenvergence-14B-v12-Prose,0.5412051135431766,0.6504247508173936,0.35347432024169184,0.38674496644295303,0.49913541666666666,0.5381482712765957
sometimesanotion/Qwenvergence-14B-v12-Prose-DS,0.6173419859306639,0.6506726813719318,0.43051359516616317,0.39429530201342283,0.5150729166666667,0.5369015957446809
sometimesanotion/Qwenvergence-14B-v13-Prose-DS,0.717808747,0.6405077084802886,0.3859516616314199,0.38338926174496646,0.49265625,0.534906915
sometimesanotion/Qwenvergence-14B-v15-Prose-MS,0.5032114788760489,0.6550130348108012,0.3632930513595166,0.3951342281879195,0.4912916666666667,0.539311835
sometimesanotion/Qwenvergence-14B-v2-Prose,0.47048830436574957,0.6518830473518972,0.3557401812688822,0.3934563758389262,0.49259375,0.5371509308510638
sometimesanotion/Qwenvergence-14B-v3,0.50441052,0.654823836,0.3693353474320242,0.38422818791946306,0.48859375,0.5386469414893617
sometimesanotion/Qwenvergence-14B-v3-Prose,0.49177072390147036,0.6512913170949324,0.3648036253776435,0.3951342281879195,0.49389583333333337,0.5369847074468085
sometimesanotion/Qwenvergence-14B-v3-Reason,0.5366837768232734,0.6561283957466177,0.3580060422960725,0.38674496644295303,0.47402083333333334,0.5394780585106383
sometimesanotion/Qwenvergence-14B-v6-Prose,0.5990073006289978,0.6543750230807198,0.3564954682779456,0.3884228187919463,0.48865625,0.5370678191489362
sometimesanotion/Qwenvergence-14B-v6-Prose-model_stock,0.48110458029140457,0.6530441861690175,0.36027190332326287,0.3934563758389262,0.48989583333333336,0.5387300531914894
sometimesanotion/Qwenvergence-14B-v8,0.5913387589373973,0.6522455361956444,0.40483383685800606,0.3808724832214765,0.47678125,0.54346742
sometimesanotion/Qwenvergence-14B-v9,0.6598070896332842,0.6165623747365094,0.41389728096676737,0.36828859060402686,0.5141145833333334,0.5110538563829787
sometimesanotion/lamarck-14b-prose-model_stock,0.4276486389446668,0.6487621585665343,0.3413897280966767,0.3934563758389262,0.48459375,0.535405585
sometimesanotion/lamarck-14b-reason-model_stock,0.49646715160219335,0.6568898541408251,0.3580060422960725,0.38422818791946306,0.47408333333333336,0.5402260638297872
sonthenguyen/ft-unsloth-zephyr-sft-bnb-4bit-20241014-161415,0.28933784580468713,0.38041816886828617,0.011329305135951661,0.24664429530201343,0.3860625,0.14012632978723405
sonthenguyen/ft-unsloth-zephyr-sft-bnb-4bit-20241014-164205,0.3199377651298555,0.39586243698929185,0.008308157,0.276006711,0.4271770833333333,0.21243351063829788
sonthenguyen/ft-unsloth-zephyr-sft-bnb-4bit-20241014-170522,0.37644117607946914,0.3828367247244511,0.009063444,0.2651006711409396,0.4404166666666667,0.20553523936170212
sonthenguyen/zephyr-sft-bnb-4bit-DPO-mtbc-213steps,0.4275489035758454,0.4197290890050172,0.025679758,0.26174496644295303,0.40863541666666664,0.27086103723404253
sonthenguyen/zephyr-sft-bnb-4bit-DPO-mtbo-180steps,0.40871443325930756,0.4322585223071556,0.023413897280966767,0.276006711,0.38851041666666664,0.27476728723404253
sonthenguyen/zephyr-sft-bnb-4bit-DPO-mtbr-180steps,0.4032190144372487,0.43053552565190517,0.024924471299093656,0.2802013422818792,0.42575,0.2711103723404255
sophosympatheia/Midnight-Miqu-70B-v1.5,0.6118465671086051,0.5606228371685053,0.070241692,0.2961409395973154,0.42441666666666666,0.38248005319148937
speakleash/Bielik-11B-v2,0.23810489501190177,0.49308409091594996,0.078549849,0.28859060402684567,0.39244791666666673,0.3137466755319149
speakleash/Bielik-11B-v2.0-Instruct,0.5252430218486948,0.5361579931173499,0.11858006042296072,0.31711409395973156,0.4467083333333333,0.3351063829787234
speakleash/Bielik-11B-v2.1-Instruct,0.5089817240477489,0.5530119844151298,0.26661631419939574,0.337248322,0.4185208333333333,0.34466422872340424
speakleash/Bielik-11B-v2.2-Instruct,0.5551935531057595,0.5596561190863629,0.2681268882175227,0.3313758389261745,0.41712499999999997,0.3486535904255319
speakleash/Bielik-11B-v2.3-Instruct,0.55829089,0.5662699020280031,0.2084592145015106,0.34060402684563756,0.4518229166666667,0.34441489361702127
spmurrayzzz/Mistral-Syndicate-7B,0.249595518,0.42450570755678535,0.033987915407854986,0.276006711,0.43855208333333334,0.2631316489361702
spow12/ChatWaifu_12B_v2.0,0.47675833455232114,0.5207681738205238,0.070996979,0.27684563758389263,0.44317708333333333,0.33876329787234044
spow12/ChatWaifu_22B_v2.0_preview,0.6744947849483814,0.6170153091362338,0.18882175226586104,0.31543624161073824,0.3685416666666667,0.39876994680851063
spow12/ChatWaifu_v1.4,0.5690567693719332,0.5176247229970669,0.10574018126888217,0.3070469798657718,0.47433333333333333,0.3474900265957447
spow12/ChatWaifu_v2.0_22B,0.6510891102275296,0.592630191,0.18580060422960726,0.32466442953020136,0.3841979166666667,0.3835605053191489
ssmits/Qwen2.5-95B-Instruct,0.8431051831363006,0.7037799697488242,0.5302114803625377,0.3640939597315436,0.4283854166666667,0.5216921542553191
stabilityai/StableBeluga2,0.37871403431783224,0.5824128134553807,0.043806647,0.3162751677852349,0.47296875,0.3326130319148936
stabilityai/stablelm-2-12b,0.1569214129620518,0.4508654171114765,0.04305136,0.2785234899328859,0.44788541666666665,0.3071808510638298
stabilityai/stablelm-2-12b-chat,0.4081647805600252,0.4672024731282805,0.053625378,0.26677852348993286,0.3914270833333333,0.2734375
stabilityai/stablelm-2-1_6b,0.11570521771122844,0.338457721,0.00755287,0.2483221476510067,0.38819791666666664,0.1463597074468085
stabilityai/stablelm-2-1_6b-chat,0.30599919325168334,0.3390172395486522,0.024924471299093656,0.24748322147651006,0.35796875,0.16215093085106383
stabilityai/stablelm-2-zephyr-1_6b,0.32793100085550786,0.3351608706280727,0.033232628,0.24328859060402686,0.3511458333333333,0.17137632978723405
stabilityai/stablelm-3b-4e1t,0.22031986240951784,0.3504211415826912,0.010574018126888218,0.23741610738255034,0.37778124999999996,0.1668882978723404
stabilityai/stablelm-zephyr-3b,0.36832271705740766,0.3866361442837871,0.04305136,0.23909395973154363,0.4183020833333333,0.17677859042553193
sthenno/tempesthenno-0120,0.5390319906736348,0.6373174111347703,0.33534743202416917,0.39429530201342283,0.46332291666666664,0.5290059840425532
sthenno/tempesthenno-fusion-0309,0.7691913013027656,0.6580880569586895,0.47658610271903323,0.3699664429530201,0.4325104166666667,0.5258477393617021
sthenno/tempesthenno-kto-0205-ckpt80,0.8054362425032248,0.654273895,0.459214502,0.34815436241610737,0.4247604166666667,0.5285904255319149
sthenno/tempesthenno-nuslerp-001,0.7926468437080281,0.6577675676172494,0.47583081570996977,0.3733221476510067,0.43,0.5256815159574468
sthenno/tempesthenno-nuslerp-0124,0.7003982765728267,0.6468547741903091,0.41163142,0.3901006711409396,0.48592708333333334,0.5352393617021277
sthenno/tempesthenno-ppo-ckpt40,0.7923221496739761,0.6549600322869433,0.4735649546827795,0.3775167785234899,0.4351770833333333,0.5291722074468085
sthenno/tempesthenno-sft-0309-ckpt10,0.7743620260907724,0.6551647758995857,0.47205438066465255,0.3716442953020134,0.4364166666666667,0.5257646276595744
sthenno/tempesthenno-sft-0314-stage1-ckpt50,0.7393659933421101,0.6601015847983588,0.46827794561933533,0.3733221476510067,0.44286458333333334,0.5301695478723404
sthenno/tempestissimo-14b-0309,0.7548781677061308,0.6587329699954757,0.479607251,0.36661073825503354,0.43123958333333334,0.528091755
sthenno-com/miscii-14b-0130,0.6647029880716498,0.6505409113818335,0.43202416918429004,0.38171140939597314,0.4911666666666667,0.5363198138297872
sthenno-com/miscii-14b-0218,0.7655941790006073,0.6558708629267258,0.5143504531722054,0.38338926174496646,0.4272708333333333,0.5297539893617021
sthenno-com/miscii-14b-1028,0.8236711924360696,0.644833405,0.5030211480362538,0.3565436241610738,0.41815625,0.5152925531914894
sthenno-com/miscii-14b-1225,0.787800813,0.6571708988407374,0.4516616314199396,0.3775167785234899,0.4365729166666667,0.5271775265957447
streamerbtw1002/Nexuim-R1-7B-Instruct,0.6934289906337407,0.5175174748142363,0.44561933534743203,0.25922818791946306,0.33555208333333336,0.413813165
stupidity-ai/Llama-3-8B-Instruct-MultiMoose,0.23181048506850713,0.2822965317600308,0,0.2533557046979866,0.3485416666666667,0.109375
suayptalha/Clarus-7B-v0.1,0.7454110648634512,0.5496611433440965,0.49244712990936557,0.3070469798657718,0.44295833333333334,0.4387466755319149
suayptalha/Clarus-7B-v0.2,0.7679423928509688,0.5490057426751466,0.48564954682779454,0.30201342281879195,0.44165625000000003,0.4399933510638298
suayptalha/Clarus-7B-v0.3,0.7509064836855099,0.5525985716155296,0.4879154078549849,0.31208053691275167,0.44022916666666667,0.4384973404255319
suayptalha/DeepSeek-R1-Distill-Llama-3B,0.7092658590318134,0.44517853159705956,0.20921450151057402,0.2609060402684564,0.33958333333333335,0.29778922872340424
suayptalha/Falcon3-Jessi-v0.4-7B-Slerp,0.7676176988169169,0.5590927389495824,0.39652567975830816,0.31208053691275167,0.48121875000000003,0.406000665
suayptalha/HomerCreativeAnvita-Mix-Qw7B,0.7807816593305763,0.5564653181490319,0.3610271903323263,0.3145973154362416,0.44159375,0.4444813829787234
suayptalha/Komodo-Llama-3.2-3B-v2-fp16,0.6340532010620709,0.43549964909074995,0.10649546827794562,0.27768456375838924,0.34057291666666667,0.28523936170212766
suayptalha/Lamarckvergence-14B,0.7655941790006073,0.651698574,0.5400302114803626,0.36325503355704697,0.44215625000000003,0.5283410904255319
suayptalha/Lix-14B-v0.1,0.7813313120298586,0.6607910825152539,0.5294561933534743,0.3699664429530201,0.43378125,0.5314162234042553
suayptalha/Luminis-phi-4,0.6900069593124022,0.6920213038130584,0.4637462235649547,0.35151006711409394,0.45715625,0.5423869680851063
suayptalha/Maestro-10B,0.7767601076255447,0.5746090622656775,0.19108761329305135,0.33305369127516776,0.43972916666666667,0.42179188829787234
suayptalha/Rombos-2.5-T.E-8.1,0.6925047762159957,0.5514641249478369,0.49244712990936557,0.311241611,0.41663541666666665,0.4445644946808511
sumink/Qmerft,0.15639724819035714,0.29390930175643937,0.002265861,0.2525167785234899,0.36876041666666665,0.11569148936170212
sumink/Qwenftmodel,0.17290899258412123,0.38226970256668574,0.089123867,0.25671140939597314,0.36171875000000003,0.23387632978723405
sumink/Qwenmplus,0.20403307668098425,0.3675511408391697,0.024924471299093656,0.28523489932885904,0.38283333333333336,0.19921875
sumink/Qwensci,0.17398281005509825,0.3281870591856875,0.020392749,0.25838926174496646,0.3608854166666667,0.12599734042553193
sumink/bbhqwen,0.18085236062536292,0.3388245916050106,0.010574018126888218,0.2575503355704698,0.43523958333333335,0.16165226063829788
sumink/bbhqwen2,0.15329991090307052,0.30663248168563745,0.006042296,0.2625838926174497,0.44305208333333335,0.1149434840425532
sumink/bbhqwen3,0.1942911474886634,0.2950842029929075,0,0.2575503355704698,0.3796145833333333,0.11660571808510638
sumink/bbhqwen4,0.14485675784695717,0.3199395559502713,0.006042296,0.24412751677852348,0.4028958333333333,0.15093085106382978
sumink/bbhqwen5,0.1521507378200951,0.29130964476405813,0.002265861,0.2600671140939597,0.4019375,0.11311502659574468
sumink/bbhqwen6,0.18929551368147626,0.2782242419852629,0.000755287,0.25838926174496646,0.35796875,0.11527593085106383
sumink/flflmillama,0.16756317681529453,0.38511286094747693,0.019637462235649546,0.29194630872483224,0.35911458333333335,0.20960771276595744
sumink/ftgpt,0.078710045,0.29190853217047663,0,0.26426174496644295,0.41384375,0.1171875
sumink/llamaft,0.16086871722584964,0.3762775648269859,0.016616314,0.2709731543624161,0.3498125,0.21143617021276595
sumink/llamamerge,0.26718107953563214,0.46316160070587903,0.015105740181268883,0.2986577181208054,0.42397916666666663,0.2589760638297872
sumink/llftfl7,0.17143512546709397,0.37864273336631166,0.010574018126888218,0.28104026845637586,0.36320833333333336,0.17428523936170212
sumink/llmer,0.3191132860809319,0.4884590875207178,0.064954683,0.2978187919463087,0.4039166666666667,0.35289228723404253
sumink/qwft,0.11965252197502627,0.30021752093452153,0,0.2525167785234899,0.3580625,0.11294880319148937
sumink/qwmer,0.22124407682726277,0.4298800979582788,0.000755287,0.28691275167785235,0.4031770833333333,0.22149268617021275
sumink/solarmer3,0.3741428299135183,0.5265990319952963,0.0581571,0.2911073825503356,0.44013541666666667,0.332280585
sumink/somer,0.29902990731259727,0.519370329,0.041540785,0.2986577181208054,0.465,0.3447473404255319
sumink/somer2,0.3132433055404106,0.5166793474130525,0.046827795,0.3036912751677852,0.46630208333333334,0.34325132978723405
sumink/somerft,0.14305819669587805,0.3093455213252133,0.014350453172205438,0.2483221476510067,0.40447916666666667,0.11170212765957446
sunbaby/BrainCog-8B-0.1-Instruct,0.4253004250943053,0.46182179983247446,0.096676737,0.3011744966442953,0.36559375,0.28582114361702127
swap-uniba/LLaMAntino-3-ANITA-8B-Inst-DPO-ITA,0.4815046299374548,0.4935698792285044,0.048338369,0.2986577181208054,0.43873958333333335,0.3723404255319149
synergetic/FrankenQwen2.5-14B,0.1869472998311148,0.6047748435655343,0,0.2701342281879195,0.3842604166666666,0.43816489361702127
talha2001/Beast-Soul-new,0.4853510906616666,0.5227143628884523,0.074018127,0.28187919463087246,0.4459270833333333,0.3101728723404255
tangledgroup/tangled-llama-pints-1.5b-v0.1-instruct,0.15090182936829835,0.31434444692284963,0.012084592145015106,0.23993288590604026,0.37613541666666667,0.11087101063829788
tangledgroup/tangled-llama-pints-1.5b-v0.2-instruct,0.1724092075692496,0.3158349391752727,0.012839879,0.24161073825503357,0.3642916666666667,0.11170212765957446
tanliboy/lambda-gemma-2-9b-dpo,0.45008023156336296,0.547172399,0.094410876,0.313758389,0.40165625,0.379155585
tanliboy/lambda-qwen2.5-14b-dpo-test,0.8231215397367873,0.6393505282981286,0.5460725075528701,0.3624161073825503,0.42603125000000003,0.4847905585106383
tanliboy/lambda-qwen2.5-32b-dpo-test,0.8083839767372794,0.6763904009446838,0.6102719033232629,0.3565436241610738,0.42742708333333335,0.565658245
tannedbum/Ellaria-9B,0.7825802204816554,0.5942102115140485,0.20770392749244712,0.33305369127516776,0.4151458333333333,0.42054521276595747
tannedbum/L3-Nymeria-Maid-8B,0.7250029920610646,0.5146055785516804,0.093655589,0.2961409395973154,0.37505208333333334,0.37466755319148937
tannedbum/L3-Nymeria-v2-8B,0.7168346653545925,0.5224198261531375,0.092145015,0.2902684563758389,0.369875,0.37533244680851063
tannedbum/L3-Rhaenys-8B,0.7362686560548235,0.5299209893116719,0.087613293,0.2978187919463087,0.3724791666666667,0.3799035904255319
teknium/CollectiveCognition-v1.1-Mistral-7B,0.27904626391308396,0.4493426704276236,0.030966767371601207,0.28691275167785235,0.3869270833333333,0.28366023936170215
teknium/OpenHermes-13B,0.2668065178171696,0.42064384521911524,0.012084592145015106,0.2726510067114094,0.4042604166666666,0.23894614361702127
teknium/OpenHermes-2-Mistral-7B,0.5286151854856226,0.4947516371878204,0.045317220543806644,0.2835570469798658,0.45197916666666665,0.2931349734042553
teknium/OpenHermes-2.5-Mistral-7B,0.5571417173100706,0.4870013259924984,0.05060423,0.2835570469798658,0.4241979166666667,0.3054355053191489
teknium/OpenHermes-7B,0.1812513021006485,0.362033649,0.015861027190332326,0.26929530201342283,0.4323854166666667,0.19331781914893617
tensopolis/falcon3-10b-tensopolis-v1,0.7816560060639104,0.618226655,0.27492447129909364,0.3296979865771812,0.43753125,0.4419880319148936
tensopolis/falcon3-10b-tensopolis-v2,0.7792080568447275,0.618226655,0.26661631419939574,0.3271812080536913,0.4296875,0.4424035904255319
tensopolis/lamarckvergence-14b-tensopolis-v1,0.7603735865281896,0.6561154329558933,0.5166163141993958,0.36073825503355705,0.44745833333333335,0.5250166223404256
tensopolis/mistral-small-2501-tensopolis-v1,0.7762104549262623,0.6474735931872574,0.44410876132930516,0.3573825503355705,0.42797916666666663,0.4464760638297872
tensopolis/mistral-small-r1-tensopolis,0.462220242,0.5435969591888976,0.290785498,0.28187919463087246,0.37375,0.4035073138297872
tensopolis/phi-4-tensopolis-v1,0.6766679078179231,0.6871833310149728,0.49395770392749244,0.3347315436241611,0.4140625,0.5383976063829787
tensopolis/qwen2.5-14b-tensopolis-v1,0.7990166092634211,0.6363595324538928,0.5294561933534743,0.3347315436241611,0.41933333333333334,0.49110704787234044
tensopolis/qwen2.5-3b-or1-tensopolis,0.35400958346077294,0.44214988544006467,0.1729607250755287,0.29446308724832215,0.37492708333333336,0.3197307180851064
tensopolis/qwen2.5-7b-tensopolis-v1,0.7660939640154789,0.5378740884658956,0.4561933534743202,0.2961409395973154,0.433875,0.42686170212765956
tensopolis/qwen2.5-7b-tensopolis-v2,0.752105524,0.5414622323974015,0.4818731117824773,0.2902684563758389,0.42463541666666665,0.42428523936170215
tensopolis/virtuoso-lite-tensopolis-v1,0.80691011,0.610185431,0.2545317220543807,0.3447986577181208,0.4582395833333333,0.4434840425531915
tensopolis/virtuoso-lite-tensopolis-v2,0.8029384255996312,0.6100187641793813,0.25,0.34312080536912754,0.4595416666666667,0.44398271276595747
tensopolis/virtuoso-small-tensopolis-v1,0.7856276900845313,0.6415395136436205,0.3527190332326284,0.32802013422818793,0.43263541666666666,0.4968417553191489
tensopolis/virtuoso-small-tensopolis-v2,0.8020142111818863,0.6515835977499008,0.38746223564954685,0.3288590604026846,0.43523958333333335,0.515375665
tensopolis/virtuoso-small-v2-tensopolis-v1,0.8419061423689145,0.6544753426578069,0.452416918,0.3464765100671141,0.45092708333333337,0.5175365691489362
tensoropera/Fox-1-1.6B,0.27659831469390106,0.3307369914593792,0.017371601208459216,0.2634228187919463,0.35498958333333336,0.1371343085106383
tenyx/Llama3-TenyxChat-70B,0.8087086707713311,0.6511486901811531,0.23564954682779457,0.3011744966442953,0.42603125000000003,0.5210272606382979
theo77186/Qwen2.5-Coder-7B-Instruct-20241106,0.6101477413263474,0.5007976986224548,0.38821752265861026,0.29194630872483224,0.4072708333333333,0.33527260638297873
theprint/Boptruth-Agatha-7B,0.312418826,0.4983936045348778,0.055135952,0.29949664429530204,0.42766666666666664,0.28607047872340424
theprint/CleverBoi-7B-v2,0.21699756645700075,0.45317253321634526,0.026435045317220542,0.28859060402684567,0.46953125,0.27086103723404253
theprint/CleverBoi-7B-v3,0.23823011830831084,0.4414430902840938,0.040030211,0.26593959731543626,0.4071770833333333,0.28681848404255317
theprint/CleverBoi-Llama-3.1-8B-Instruct,0.16816269719898758,0.4559618469185147,0.049093656,0.30033557046979864,0.40143750000000006,0.30751329787234044
theprint/CleverBoi-Llama-3.1-8B-v2,0.19613957632415324,0.46678160110644784,0.052870090634441085,0.2860738255033557,0.37346875,0.31881648936170215
theprint/CleverBoi-Nemo-12B-v2,0.2045827293802666,0.5241085887165254,0.10347432024169184,0.313758389,0.4186770833333333,0.3228058510638298
theprint/Code-Llama-Bagel-8B,0.2529676813078188,0.46974200049001086,0.061178248,0.276006711,0.3679791666666667,0.28216422872340424
theprint/Conversely-Mistral-7B,0.2608113139802391,0.4672348146697077,0.027945619335347432,0.28523489932885904,0.4188958333333333,0.28257978723404253
theprint/Llama-3.2-3B-VanRossum,0.4782820693537591,0.42787418229776697,0.097432024,0.2676174496644295,0.3441666666666667,0.27701130319148937
theprint/ReWiz-7B,0.40479261692309737,0.4564215411912313,0.040785498,0.2751677852348993,0.46115625,0.2670378989361702
theprint/ReWiz-Llama-3.1-8B-v2,0.23790542427425895,0.46324275457450953,0.057401813,0.3028523489932886,0.381375,0.3310339095744681
theprint/ReWiz-Llama-3.2-3B,0.4648931501748693,0.4343257577815292,0.1095166163141994,0.2835570469798658,0.361375,0.28873005319148937
theprint/ReWiz-Nemo-12B-Instruct,0.10623811486854878,0.5092407647626753,0.1042296072507553,0.3238255033557047,0.4095625,0.33394281914893614
theprint/ReWiz-Qwen-2.5-14B,0.27854647889821227,0.6179492756426455,0.29229607250755285,0.3800335570469799,0.45389583333333333,0.5092253989361702
theprint/ReWiz-Worldbuilder-7B,0.25101951710350756,0.46361558385510165,0.037009063,0.26929530201342283,0.45725,0.297124335
theprint/RuDolph-Hermes-7B,0.3604292167005767,0.5052928613425586,0.051359517,0.31208053691275167,0.4226145833333333,0.30726396276595747
theprint/WorldBuilder-12B,0.13743755457741016,0.5010100641541125,0.044561934,0.29697986577181207,0.4066458333333334,0.31923204787234044
theprint/phi-3-mini-4k-python,0.24087753826513653,0.493759005,0.10498489425981873,0.2911073825503356,0.3921666666666666,0.35771276595744683
thinkcoder/llama3-8b-instruct-lora-8-sft,0.6480416406246536,0.4865011845587858,0.10196374622356495,0.26677852348993286,0.32345833333333335,0.34757313829787234
thirdeyeai/elevate360m,0.044488624,0.2962583602962783,0.015861027190332326,0.2407718120805369,0.34621875,0.1077127659574468
thomas-yanxin/XinYuan-Qwen2-1_5B,0.2985556102253133,0.3635491993150823,0.067220544,0.2701342281879195,0.36339583333333336,0.23570478723404256
thomas-yanxin/XinYuan-Qwen2-7B,0.44376033369238066,0.4936629157238895,0.14577039274924472,0.2911073825503356,0.40581249999999996,0.3924534574468085
thomas-yanxin/XinYuan-Qwen2-7B-0917,0.37191983935956596,0.5169215573786009,0.19788519637462235,0.30956375838926176,0.4401041666666667,0.4245345744680851
thomas-yanxin/XinYuan-Qwen2.5-7B-0917,0.35770644113175265,0.5184106116987492,0.1933534743202417,0.28104026845637586,0.3675520833333333,0.38821476063829785
tianyil1/MistralForCausalLM_Cal_DPO,0.5327619604870633,0.43814239617517153,0.028700906344410877,0.276006711,0.39765625,0.2763464095744681
tiiuae/Falcon3-10B-Base,0.3647754624396601,0.595004253,0.24924471299093656,0.34563758389261745,0.43979166666666664,0.4240359042553192
tiiuae/Falcon3-10B-Instruct,0.7816560060639104,0.6170469398052084,0.2764350453172205,0.3288590604026846,0.43232291666666667,0.44290226063829785
tiiuae/Falcon3-1B-Base,0.24280132271262472,0.3571153918015637,0.033232628,0.27936241610738255,0.41473958333333333,0.16082114361702127
tiiuae/Falcon3-1B-Instruct,0.5556678501930433,0.3744535691366672,0.063444109,0.26677852348993286,0.4188958333333333,0.18384308510638298
tiiuae/Falcon3-3B-Base,0.2764985793250797,0.4421367825874385,0.11782477341389729,0.29697986577181207,0.3749895833333334,0.2878989361702128
tiiuae/Falcon3-3B-Instruct,0.6976755010040027,0.4754430332167569,0.25,0.28859060402684567,0.41359375,0.300531915
tiiuae/Falcon3-7B-Base,0.34159474638403875,0.5098880466426711,0.19410876132930513,0.3464765100671141,0.47020833333333334,0.3910405585106383
tiiuae/Falcon3-7B-Instruct,0.7612479332615238,0.563244279,0.4086102719033233,0.3104026845637584,0.48267708333333337,0.4087433510638298
tiiuae/Falcon3-Mamba-7B-Base,0.28911288713945665,0.4699280188827039,0.19410876132930513,0.30956375838926176,0.3431458333333333,0.30377327127659576
tiiuae/Falcon3-Mamba-7B-Instruct,0.7165099713205406,0.4678957688410694,0.30060422960725075,0.3036912751677852,0.38686458333333335,0.3369348404255319
tiiuae/falcon-11B,0.3261324397044287,0.43916370355493844,0.027945619335347432,0.2709731543624161,0.39864583333333337,0.23894614361702127
tiiuae/falcon-40b,0.24964538535530173,0.4018532495595801,0.018126888,0.27348993288590606,0.36314583333333333,0.25049867021276595
tiiuae/falcon-40b-instruct,0.24544874266945038,0.40538675151591974,0.019637462235649546,0.25,0.37622916666666667,0.2261469414893617
tiiuae/falcon-7b,0.182051401,0.32852446117322215,0.009818731,0.24496644295302014,0.37784375,0.11253324468085106
tiiuae/falcon-7b-instruct,0.19688869976107837,0.32034221512355765,0.012084592145015106,0.24748322147651006,0.3633645833333334,0.1155252659574468
tiiuae/falcon-mamba-7b,0.3335760227307987,0.4284854988604366,0.044561934,0.3104026845637584,0.42103124999999997,0.23021941489361702
tinycompany/BiBo-v0.3,0.5183989592060179,0.4641611514377814,0.087613293,0.2676174496644295,0.3949895833333333,0.29945146276595747
tinycompany/BiBo-v0.7,0.3738181358794665,0.43108167584271034,0.082326284,0.27684563758389263,0.40441666666666665,0.2650432180851064
tinycompany/ShawtyIsBad-bgem3,0.2608113139802391,0.38529707856388956,0.048338369,0.3053691275167785,0.36946875,0.25831117021276595
tinycompany/ShawtyIsBad-e5-large,0.24682287441765627,0.3873483842947396,0.045317220543806644,0.30201342281879195,0.37204166666666666,0.25689827127659576
tinycompany/ShawtyIsBad-ib,0.2565149359255664,0.3880457874839807,0.049093656,0.2986577181208054,0.3641041666666667,0.258061835
tinycompany/ShawtyIsBad-nomic-moe,0.2607614462958284,0.3878019225656597,0.04305136,0.3070469798657718,0.37470833333333337,0.2572307180851064
tinycompany/ShawtyIsBad-nomic1.5,0.2543916807404354,0.3873599493472512,0.04305136,0.311241611,0.36283333333333334,0.25673204787234044
tinycompany/SigmaBoi-base,0.24469961923252526,0.4314363391906919,0.077794562,0.2936241610738255,0.43427083333333333,0.2816655585106383
tinycompany/SigmaBoi-bge-m3,0.24502431326657714,0.43509173985964184,0.076283988,0.29446308724832215,0.4383020833333333,0.28191489361702127
tinycompany/SigmaBoi-bgem3,0.24502431326657714,0.43509173985964184,0.076283988,0.29446308724832215,0.4383020833333333,0.28191489361702127
tinycompany/SigmaBoi-ib,0.24774708883540117,0.4343622024096135,0.074018127,0.287751678,0.42896874999999995,0.2824135638297872
tinycompany/SigmaBoi-nomic-moe,0.2474223948013493,0.43341835214223373,0.071752266,0.29278523489932884,0.43163541666666666,0.28366023936170215
tinycompany/SigmaBoi-nomic1.5,0.24469961923252526,0.43705348265770266,0.083081571,0.2961409395973154,0.4316041666666666,0.28407579787234044
tinycompany/SigmaBoi-nomic1.5-fp32,0.24622335403396323,0.43705348265770266,0.083081571,0.2961409395973154,0.4316041666666666,0.28407579787234044
tinycompany/Tamed-Shawty,0.38308576798450333,0.3837059588999942,0.071752266,0.2625838926174497,0.35009375000000004,0.2601396276595745
tklohj/WindyFloLLM,0.26685638550158025,0.4636616007058791,0.015861027190332326,0.2751677852348993,0.4253125,0.25814494680851063
togethercomputer/GPT-JT-6B-v1,0.20610646418170453,0.33026609127426704,0.010574018126888218,0.2609060402684564,0.37365625,0.16256648936170212
togethercomputer/GPT-NeoXT-Chat-Base-20B,0.18297561581049393,0.33209702572173033,0.023413897280966767,0.25,0.3460625,0.11452792553191489
togethercomputer/LLaMA-2-7B-32K,0.18649738250065384,0.33995175217301715,0.014350453172205438,0.25,0.3753645833333333,0.17677859042553193
togethercomputer/Llama-2-7B-32K-Instruct,0.2130003945087922,0.34434724239927544,0.015861027190332326,0.2516778523489933,0.40559375,0.17810837765957446
togethercomputer/RedPajama-INCITE-7B-Base,0.20822971936683554,0.31948898765013445,0.015861027190332326,0.2550335570469799,0.36199999999999993,0.1196808510638298
togethercomputer/RedPajama-INCITE-7B-Chat,0.1557977278066641,0.3175449328457368,0.006797583,0.2525167785234899,0.3447604166666667,0.11211768617021277
togethercomputer/RedPajama-INCITE-7B-Instruct,0.2055069437980115,0.337743947,0.021148036253776436,0.25083892617449666,0.3685104166666666,0.1272440159574468
togethercomputer/RedPajama-INCITE-Base-3B-v1,0.22936253584932426,0.3060403878987615,0.014350453172205438,0.24328859060402686,0.37387499999999996,0.11112034574468085
togethercomputer/RedPajama-INCITE-Chat-3B-v1,0.16521496296493304,0.32166937119202416,0.009063444,0.24412751677852348,0.3684479166666667,0.11269946808510638
togethercomputer/RedPajama-INCITE-Instruct-3B-v1,0.2124263620526869,0.3146017752057237,0.012839879,0.24748322147651006,0.38860416666666664,0.11095412234042554
tokyotech-llm/Llama-3-Swallow-8B-Instruct-v0.1,0.5507719517546776,0.5009389976232003,0.074773414,0.28942953020134227,0.43569791666666663,0.3087599734042553
tomasmcm/sky-t1-coder-32b-flash,0.7780090160773414,0.6822440044314982,0.5422960725075529,0.36828859060402686,0.4232708333333333,0.5782081117021277
trthminh1112/autotrain-llama32-1b-finetune,0.17685518867715438,0.29956269409410674,0.015105740181268883,0.25671140939597314,0.35127083333333337,0.10987367021276596
tugstugi/Qwen2.5-7B-Instruct-QwQ-v0.1,0.6017300761978217,0.5101062293388118,0.3814199395770393,0.2684563758389262,0.3794270833333333,0.4080784574468085
universalml/NepaliGPT-2.0,0.036495388,0.46604761322722105,0.004531722,0.28104026845637586,0.4656770833333333,0.3299534574468085
unsloth/Llama-3.2-1B-Instruct,0.5809973093613834,0.34847036874553655,0.082326284,0.2676174496644295,0.3196145833333333,0.17420212765957446
unsloth/Llama-3.2-1B-Instruct-no-system-message,0.5649853499824908,0.3543744783345775,0.075528701,0.2726510067114094,0.3340625,0.1668882978723404
unsloth/Phi-3-mini-4k-instruct,0.544027624,0.5500239467441027,0.16389728096676737,0.32298657718120805,0.42841666666666667,0.4030917553191489
unsloth/phi-4,0.6882083981613231,0.6885874406040138,0.5,0.33640939597315433,0.41142708333333333,0.5378158244680851
unsloth/phi-4-bnb-4bit,0.6729710501469435,0.6769854242339189,0.4607250755287009,0.33808724832214765,0.40072916666666664,0.5255984042553191
unsloth/phi-4-unsloth-bnb-4bit,0.6793906833867471,0.6791089896968764,0.4561933534743202,0.33640939597315433,0.40339583333333334,0.5285904255319149
upstage/SOLAR-10.7B-Instruct-v1.0,0.4736609972650345,0.5162494941446991,0.056646526,0.3087248322147651,0.3899375,0.31382978723404253
upstage/SOLAR-10.7B-v1.0,0.24212644671693329,0.5093873084711799,0.026435045317220542,0.28104026845637586,0.43715624999999997,0.3400099734042553
upstage/solar-pro-preview-instruct,0.8415814483348626,0.6816843051379534,0.22054380664652568,0.37080536912751677,0.44165625000000003,0.52734375
utkmst/chimera-beta-test2-lora-merged,0.6054269338688014,0.47957156724192185,0.095166163,0.3036912751677852,0.4117916666666667,0.2992021276595745
uukuguy/speechless-code-mistral-7b-v1.0,0.36652415590632853,0.4571712887094195,0.052114804,0.28439597315436244,0.45017708333333334,0.3145777925531915
uukuguy/speechless-codellama-34b-v2.0,0.46042168113937687,0.4813126697444618,0.04305136,0.2692953020134229,0.37870833333333337,0.25423869680851063
uukuguy/speechless-coder-ds-6.7b,0.25046986440422525,0.4036373344669979,0.021148036253776436,0.26426174496644295,0.3819375,0.171875
uukuguy/speechless-instruct-mistral-7b-v0.2,0.3261324397044287,0.4606667950681749,0.049093656,0.28187919463087246,0.4901770833333334,0.2902260638297872
uukuguy/speechless-llama2-hermes-orca-platypus-wizardlm-13b,0.45617517076911485,0.48455373040676664,0.020392749,0.2701342281879195,0.4655,0.25590093085106386
uukuguy/speechless-mistral-dolphin-orca-platypus-samantha-7b,0.37002154283966543,0.4982774952761688,0.029456193,0.2835570469798658,0.43613541666666666,0.2990359042553192
uukuguy/speechless-zephyr-code-functionary-7b,0.2695791610704043,0.46642753957194555,0.042296073,0.30033557046979864,0.4267708333333333,0.3094248670212766
v000000/L3-8B-Stheno-v3.2-abliterated,0.6717720093795574,0.5141439214918061,0.069486405,0.30956375838926176,0.36196875,0.3603723404255319
v000000/L3.1-Niitorm-8B-DPO-t0.0001,0.7688666072687137,0.5134234526726582,0.1623867069486405,0.29446308724832215,0.3879791666666667,0.38663563829787234
v000000/L3.1-Storniitova-8B,0.7816560060639104,0.5151452004311876,0.14652567975830816,0.28942953020134227,0.4028958333333333,0.37757646276595747
v000000/Qwen2.5-14B-Gutenberg-1e-Delta,0.8045120280854798,0.63984993,0.5264350453172205,0.3288590604026846,0.40730208333333334,0.4930186170212766
v000000/Qwen2.5-14B-Gutenberg-Instruct-Slerpeno,0.8197493760998595,0.639010175,0.5324773413897281,0.3313758389261745,0.4113645833333333,0.4923537234042553
v000000/Qwen2.5-Lumen-14B,0.8063604569209697,0.6390809511149668,0.5362537764350453,0.32802013422818793,0.41139583333333335,0.49027593085106386
vhab10/Llama-3.1-8B-Base-Instruct-SLERP,0.290711978,0.5057443268070797,0.12009063444108761,0.2961409395973154,0.40106250000000004,0.3621176861702128
vhab10/Llama-3.2-Instruct-3B-TIES,0.4727367828472896,0.43323649966514094,0.098187311,0.26929530201342283,0.34965625,0.2915558510638298
vhab10/llama-3-8b-merged-linear,0.5916634529714491,0.49370937443498536,0.081570997,0.29949664429530204,0.4190520833333333,0.37042885638297873
vicgalle/CarbonBeagle-11B,0.5415298075772285,0.5293652486530874,0.061933534743202415,0.30201342281879195,0.40203125,0.32762632978723405
vicgalle/CarbonBeagle-11B-truthy,0.5212214701436633,0.5348420085288232,0.049093656,0.29949664429530204,0.37396874999999996,0.335688165
vicgalle/Configurable-Hermes-2-Pro-Llama-3-8B,0.5762510139762497,0.5054841203275775,0.076283988,0.29697986577181207,0.4183645833333333,0.3097573138297872
vicgalle/Configurable-Llama-3.1-8B-Instruct,0.8312399987588488,0.5044756225072481,0.1729607250755287,0.27432885906040266,0.3845416666666666,0.3592087765957447
vicgalle/Configurable-Yi-1.5-9B-Chat,0.43234506664538974,0.5452196737175008,0.20468277945619334,0.34312080536912754,0.42711458333333335,0.4015126329787234
vicgalle/ConfigurableBeagle-11B,0.5834452585805663,0.5286592318626696,0.04305136,0.30201342281879195,0.39530208333333333,0.33743351063829785
vicgalle/ConfigurableHermes-7B,0.5410798902467675,0.4572969627830424,0.047583082,0.27684563758389263,0.4056875,0.3025265957446808
vicgalle/ConfigurableSOLAR-10.7B,0.5099558061499045,0.48668100977360457,0.066465257,0.2986577181208054,0.38047916666666665,0.31732047872340424
vicgalle/Humanish-RP-Llama-3.1-8B,0.6669259786256023,0.5100385476143247,0.15181268882175228,0.28691275167785235,0.39520833333333333,0.34765625
vicgalle/Merge-Mistral-Prometheus-7B,0.48480143796238423,0.420139774,0.018126888,0.2634228187919463,0.41,0.2716921542553192
vicgalle/Merge-Mixtral-Prometheus-8x7B,0.5744025851407598,0.5351498071096573,0.092900302,0.3087248322147651,0.40975,0.3683510638297872
vicgalle/Roleplay-Llama-3-8B,0.7320221456845614,0.5012318206922323,0.091389728,0.2609060402684564,0.3528854166666666,0.370844415
viettelsecurity-ai/security-llama3.2-3b,0.5908888416069362,0.44005776161052806,0.12613293051359517,0.27432885906040266,0.33790625,0.2837433510638298
vihangd/smart-dan-sft-v0.1,0.15764615664215392,0.30617689187138886,0.009818731,0.2550335570469799,0.35018750000000004,0.11419547872340426
voidful/smol-360m-ft,0.2013103011121602,0.3011946898842932,0.008308157,0.24580536912751677,0.3713645833333333,0.10871010638297872
vonjack/MobileLLM-125M-HF,0.21072753627042912,0.30272988561565645,0.009063444,0.2600671140939597,0.37818749999999995,0.1163563829787234
vonjack/Phi-3-mini-4k-instruct-LLaMAfied,0.5787488308798432,0.5740684031598843,0.13821752265861026,0.33053691275167785,0.3923541666666666,0.3885472074468085
vonjack/Phi-3.5-mini-instruct-hermes-fc-json,0.14158432957885078,0.29747555432824196,0.00755287,0.25419463087248323,0.40413541666666664,0.11386303191489362
vonjack/Qwen2.5-Coder-0.5B-Merged,0.30997087727230416,0.3076017752057237,0.03776435,0.2533557046979866,0.33034375,0.12017952127659574
vonjack/SmolLM2-1.7B-Merged,0.36979658417443495,0.3586553457965105,0.062688822,0.27936241610738255,0.34079166666666666,0.2047872340425532
vonjack/SmolLM2-135M-Merged,0.24829674153468353,0.3099931265410582,0.011329305135951661,0.23825503355704697,0.36618749999999994,0.11120345744680851
vonjack/SmolLM2-360M-Merged,0.32058715319795916,0.31548533684955926,0.017371601208459216,0.2558724832214765,0.3527291666666667,0.10979055851063829
w4r10ck/SOLAR-10.7B-Instruct-v1.0-uncensored,0.38840609582574237,0.5301525050503222,0.06570997,0.29446308724832215,0.4639479166666667,0.3343583776595745
wanlige/li-14b-v0.4,0.813279875,0.6544457993364277,0.5574018126888217,0.3389261744966443,0.446,0.5167054521276596
wanlige/li-14b-v0.4-slerp,0.4605967721201967,0.6587180444175935,0.41918429003021146,0.4001677852348993,0.47675,0.5372340425531915
wanlige/li-14b-v0.4-slerp0.1,0.7922722819895655,0.6571741435852609,0.5332326283987915,0.35906040268456374,0.4206666666666667,0.5294215425531915
wannaphong/KhanomTanLLM-Instruct,0.16211762567764643,0.30931233392513263,0.013595166163141994,0.2634228187919463,0.37006249999999996,0.1118683510638298
waqasali1707/Beast-Soul-new,0.5029865202108184,0.522494907,0.070241692,0.2827181208053691,0.4485625,0.3107546542553192
wave-on-discord/qwent-7b,0.20148539209297997,0.4228103286118343,0.003776435,0.2651006711409396,0.38165625000000003,0.16032247340425532
weathermanj/Menda-3B-500,0.6353021095138676,0.4766312519942703,0.3723564954682779,0.287751678,0.39679166666666665,0.3474900265957447
weathermanj/Menda-3b-750,0.6335035483627884,0.4736825577251204,0.3716012084592145,0.287751678,0.39418749999999997,0.3505651595744681
weathermanj/Menda-3b-Optim-100,0.6398234462337709,0.47348022177793836,0.3716012084592145,0.28942953020134227,0.39930208333333334,0.3460771276595745
weathermanj/Menda-3b-Optim-200,0.6374752323834094,0.47460604908284837,0.3731117824773414,0.2827181208053691,0.40330208333333334,0.3484042553191489
win10/ArliAI-RPMax-v1.3-merge-13.3B,0.3038260703821416,0.4581388671914119,0.039274924,0.27432885906040266,0.4325104166666667,0.31998005319148937
win10/Breeze-13B-32k-Instruct-v1_0,0.35843118481185476,0.46112304746712934,0.012839879,0.26426174496644295,0.42019791666666667,0.2568151595744681
win10/EVA-Norns-Qwen2.5-v0.1,0.6219630580193884,0.507240838,0.26132930513595165,0.28523489932885904,0.40451041666666665,0.3425033244680851
win10/Llama-3.2-3B-Instruct-24-9-29,0.7332211864519476,0.4614234982167829,0.17069486404833836,0.27432885906040266,0.35552083333333334,0.3228058510638298
win10/Norns-Qwen2.5-12B,0.48969733640074997,0.46189201103923744,0.083836858,0.2835570469798658,0.3554895833333333,0.2660405585106383
win10/Norns-Qwen2.5-7B,0.6122211288270678,0.5072887832228614,0.2628398791540785,0.28439597315436244,0.40847916666666667,0.34133976063829785
win10/Qwen2.5-2B-Instruct,0.22728914834860392,0.3705905854806977,0.022658610271903322,0.2676174496644295,0.43784375000000003,0.19340093085106383
win10/llama3-13.45b-Instruct,0.4144348107465968,0.486541523,0.024169184,0.25838926174496646,0.38476041666666666,0.3345246010638298
win10/miscii-14b-1M-0128,0.4180818007331658,0.5741994518517665,0.4773413897280967,0.3825503355704698,0.5431041666666667,0.44913563829787234
winglian/Llama-3-8b-64k-PoSE,0.28569085581811815,0.37021796005121793,0.041540785,0.2609060402684564,0.33955208333333337,0.2466755319148936
winglian/llama-3-8b-256k-PoSE,0.2909114482905358,0.3156583397739859,0.019637462235649546,0.2575503355704698,0.33155208333333336,0.1116190159574468
wzhouad/gemma-2-9b-it-WPO-HB,0.5437029304467702,0.5628624376751974,0.15332326283987915,0.3498322147651007,0.3674583333333333,0.33602061170212766
x0000001/Deepseek-Lumen-R1-Qwen2.5-14B,0.4436107306391486,0.45690468424066283,0.27794561933534745,0.28523489932885904,0.47396875000000005,0.4379155585106383
xMaulana/FinMatcha-3B-Instruct,0.7548283000217202,0.453555265,0.14350453172205438,0.26929530201342283,0.36333333333333334,0.3181515957446808
xinchen9/Llama3.1_8B_Instruct_CoT,0.2973565694579272,0.4398206147249642,0.060422961,0.30201342281879195,0.43706249999999996,0.2878989361702128
xinchen9/Llama3.1_CoT,0.22461624046419057,0.43410143664277245,0.038519637,0.28859060402684567,0.43045833333333333,0.2738530585106383
xinchen9/Llama3.1_CoT_V1,0.2452991396162183,0.4376001847280673,0.033232628,0.27936241610738255,0.45721875,0.2805019946808511
xinchen9/Mistral-7B-CoT,0.2783470081605695,0.38726762098069667,0.024924471299093656,0.24916107382550334,0.3994270833333333,0.2283909574468085
xinchen9/llama3-b8-ft-dis,0.154598687,0.4625789691224553,0.039274924,0.31291946308724833,0.365375,0.3243849734042553
xkp24/Llama-3-8B-Instruct-SPPO-Iter2_bt_2b-table,0.6374752323834094,0.4912273915261041,0.092145015,0.25922818791946306,0.38199999999999995,0.3686003989361702
xkp24/Llama-3-8B-Instruct-SPPO-Iter2_bt_8b-table,0.7274509412802475,0.5056858683165713,0.084592145,0.2600671140939597,0.38190624999999995,0.3696808510638298
xkp24/Llama-3-8B-Instruct-SPPO-Iter2_gp_2b-table,0.6568593553992297,0.49518319163897667,0.089123867,0.25922818791946306,0.35939583333333336,0.37017952127659576
xkp24/Llama-3-8B-Instruct-SPPO-Iter2_gp_8b-table,0.6620799478716473,0.500449109,0.086102719,0.25922818791946306,0.3805416666666666,0.3599567819148936
xkp24/Llama-3-8B-Instruct-SPPO-score-Iter2_bt_2b-table-0.001,0.6042278931014153,0.4936062924421171,0.099697885,0.25922818791946306,0.3793333333333333,0.370844415
xkp24/Llama-3-8B-Instruct-SPPO-score-Iter2_bt_8b-table-0.002,0.7131876753680235,0.4996376240562969,0.085347432,0.25838926174496646,0.3872083333333333,0.3664394946808511
xkp24/Llama-3-8B-Instruct-SPPO-score-Iter2_gp_2b-table-0.001,0.594710923,0.48992211803775065,0.10725075528700906,0.25922818791946306,0.35809374999999993,0.37042885638297873
xkp24/Llama-3-8B-Instruct-SPPO-score-Iter2_gp_8b-table-0.002,0.6453188650558297,0.4951075713814987,0.093655589,0.2600671140939597,0.393875,0.3529753989361702
xukp20/Llama-3-8B-Instruct-SPPO-Iter3_bt_2b-table,0.575601626,0.4901206199104098,0.099697885,0.25922818791946306,0.36596874999999995,0.36585771276595747
xukp20/Llama-3-8B-Instruct-SPPO-Iter3_bt_8b-table,0.7034457461757027,0.5091868512191421,0.096676737,0.25922818791946306,0.37390624999999994,0.3692652925531915
xukp20/Llama-3-8B-Instruct-SPPO-Iter3_gp_2b-table,0.6023794642659255,0.49695315361511977,0.1042296072507553,0.25922818791946306,0.36736458333333327,0.3657746010638298
xukp20/Llama-3-8B-Instruct-SPPO-Iter3_gp_8b-table,0.6620300801872365,0.49999369392208165,0.093655589,0.25922818791946306,0.38181249999999994,0.3614527925531915
xukp20/Llama-3-8B-Instruct-SPPO-score-Iter3_bt_2b-table-0.001,0.5336363072203975,0.49148727192613517,0.098187311,0.25922818791946306,0.37796874999999996,0.3624501329787234
xukp20/Llama-3-8B-Instruct-SPPO-score-Iter3_bt_8b-table-0.002,0.6851609285584471,0.50751632,0.071752266,0.25838926174496646,0.3831770833333333,0.3621176861702128
xukp20/Llama-3-8B-Instruct-SPPO-score-Iter3_gp_2b-table-0.001,0.5482242671666733,0.48871746894288526,0.089123867,0.2609060402684564,0.3632708333333334,0.36710438829787234
xukp20/llama-3-8b-instruct-sppo-iter1-gp-2b-tau01-table,0.6900069593124022,0.4978456981516493,0.10498489425981873,0.25922818791946306,0.3673333333333333,0.37159242021276595
xwen-team/Xwen-7B-Chat,0.6864098370102439,0.506762793,0.4509063444108761,0.2609060402684564,0.3914270833333333,0.42902260638297873
xxx777xxxASD/L3.1-ClaudeMaid-4x8B,0.6696487541944263,0.5070848048063867,0.14123867069486404,0.2911073825503356,0.42893749999999997,0.35804521276595747
yam-peleg/Hebrew-Gemma-11B-Instruct,0.30207737691547315,0.40357843109818686,0.06570997,0.276006711,0.4088541666666667,0.25540226063829785
yam-peleg/Hebrew-Mistral-7B,0.23283443485507344,0.43340366992362034,0.049848943,0.27936241610738255,0.39765625,0.27800864361702127
yam-peleg/Hebrew-Mistral-7B-200K,0.1855731680829089,0.4149272793394017,0.023413897280966767,0.276006711,0.3764791666666667,0.25731382978723405
yanng1242/Marcoro14-7B-slerp,0.4059916576904835,0.5251655292981787,0.074773414,0.3145973154362416,0.468625,0.3168218085106383
yasserrmd/Coder-GRPO-3B,0.6207640172520024,0.4469120364616385,0.3202416918429003,0.27768456375838924,0.4114583333333333,0.3197307180851064
yasserrmd/Text2SQL-1.5B,0.2857407235025289,0.38577157961565695,0.067975831,0.287751678,0.39423958333333337,0.23628656914893617
ycros/BagelMIsteryTour-v2-8x7B,0.59943173,0.515923596,0.078549849,0.30453020134228187,0.4202916666666667,0.34732380319148937
yfzp/Llama-3-8B-Instruct-SPPO-Iter1_bt_2b-table,0.6708976626462231,0.49866134349131935,0.11178247734138973,0.25922818791946306,0.37269791666666663,0.37159242021276595
yfzp/Llama-3-8B-Instruct-SPPO-Iter1_bt_8b-table,0.7332710541363582,0.5080359954971677,0.10347432024169184,0.2600671140939597,0.38060416666666663,0.3748337765957447
yfzp/Llama-3-8B-Instruct-SPPO-Iter1_gp_2b-table,0.6784664689690023,0.49412091896520455,0.11253776435045318,0.25922818791946306,0.3646666666666667,0.37175864361702127
yfzp/Llama-3-8B-Instruct-SPPO-Iter1_gp_8b-table,0.7131876753680235,0.5025359954971677,0.098942598,0.25922818791946306,0.3713333333333333,0.36826795212765956
yfzp/Llama-3-8B-Instruct-SPPO-score-Iter1_bt_2b-table-0.001,0.6495653754260917,0.4979459532536201,0.10120845921450151,0.25922818791946306,0.37796874999999996,0.37200797872340424
yfzp/Llama-3-8B-Instruct-SPPO-score-Iter1_bt_8b-table-0.002,0.7196073086078272,0.5045147424411157,0.087613293,0.2600671140939597,0.3831458333333333,0.3734208776595745
yfzp/Llama-3-8B-Instruct-SPPO-score-Iter1_gp_2b-table-0.001,0.6504397221594258,0.49578758563187125,0.093655589,0.25922818791946306,0.36603125,0.3702626329787234
yfzp/Llama-3-8B-Instruct-SPPO-score-Iter1_gp_8b-table-0.002,0.7015973173402128,0.4991547169583548,0.086858006,0.25922818791946306,0.37790624999999994,0.366938165
yifAI/Llama-3-8B-Instruct-SPPO-score-Iter3_gp_8b-table-0.002,0.6489658550423987,0.49145217071254876,0.075528701,0.26174496644295303,0.38987499999999997,0.3519780585106383
ylalain/ECE-PRYMMAL-YL-1B-SLERP-V8,0.15052726764983576,0.3975573100103517,0.004531722,0.28942953020134227,0.3874583333333333,0.23836436170212766
ymcki/Llama-3.1-8B-GRPO-Instruct,0.744536718,0.5131586337530801,0.20241691842900303,0.29446308724832215,0.38165625000000003,0.3738364361702128
ymcki/Llama-3.1-8B-SFT-GRPO-Instruct,0.33540007180946557,0.3126261967336083,0.040030211,0.2533557046979866,0.35260416666666666,0.10979055851063829
ymcki/gemma-2-2b-ORPO-jpn-it-abliterated-18,0.4630945890237902,0.4052902505118913,0.04305136,0.28859060402684567,0.3754270833333333,0.23445811170212766
ymcki/gemma-2-2b-ORPO-jpn-it-abliterated-18-merge,0.5218209905273563,0.414688942,0.054380664652567974,0.2835570469798658,0.35139583333333335,0.24609375
ymcki/gemma-2-2b-jpn-it-abliterated-17,0.5081572449988254,0.40762664531580056,0.038519637,0.27181208053691275,0.37006249999999996,0.2455119680851064
ymcki/gemma-2-2b-jpn-it-abliterated-17-18-24,0.505484337,0.38123590457353557,0.025679758,0.28104026845637586,0.35015625,0.2282247340425532
ymcki/gemma-2-2b-jpn-it-abliterated-17-ORPO,0.47478468242042227,0.38979797271028965,0.061933534743202415,0.27432885906040266,0.37676041666666665,0.21908244680851063
ymcki/gemma-2-2b-jpn-it-abliterated-17-ORPO-alpaca,0.30647349033896726,0.40715971926711275,0.032477341,0.26929530201342283,0.39691666666666664,0.2249002659574468
ymcki/gemma-2-2b-jpn-it-abliterated-18,0.5175246124726836,0.4132188791645781,0.044561934,0.27348993288590606,0.37415624999999997,0.25049867021276595
ymcki/gemma-2-2b-jpn-it-abliterated-18-ORPO,0.47423502972113984,0.40389353402379324,0.046827795,0.26174496644295303,0.3953333333333333,0.21850066489361702
ymcki/gemma-2-2b-jpn-it-abliterated-24,0.49786566310722213,0.41096027770392857,0.043806647,0.27768456375838924,0.39148958333333334,0.2473404255319149
yuchenxie/ArlowGPT-3B-Multilingual,0.6395486198841297,0.4301403132173714,0.11253776435045318,0.2802013422818792,0.37266666666666665,0.2816655585106383
yuchenxie/ArlowGPT-8B,0.7846536079823756,0.5080162816130412,0.2039274924471299,0.2936241610738255,0.3882291666666667,0.378656915
yuvraj17/Llama3-8B-SuperNova-Spectrum-Hermes-DPO,0.4690897928607206,0.4399870586095269,0.056646526,0.30201342281879195,0.40121875,0.2634640957446808
yuvraj17/Llama3-8B-SuperNova-Spectrum-dare_ties,0.4012708502329375,0.4615794426716074,0.084592145,0.2751677852348993,0.42109375,0.35738031914893614
yuvraj17/Llama3-8B-abliterated-Spectrum-slerp,0.2884878788281759,0.4977912063897858,0.060422961,0.3011744966442953,0.39982291666666664,0.32571476063829785
zake7749/gemma-2-2b-it-chinese-kyara-dpo,0.5382075116247114,0.4257464897414603,0.083836858,0.26677852348993286,0.45756250000000004,0.25731382978723405
zake7749/gemma-2-9b-it-chinese-kyara,0.17642965110351644,0.5953692987878404,0.10498489425981873,0.33808724832214765,0.4241979166666667,0.41788563829787234
zelk12/Gemma-2-TM-9B,0.8044621604010691,0.5986592993557701,0.20241691842900303,0.3464765100671141,0.41523958333333333,0.40882646276595747
zelk12/MT-Gen1-gemma-2-9B,0.7886252920029965,0.6099997385328262,0.22205438066465258,0.3464765100671141,0.4216875,0.4380817819148936
zelk12/MT-Gen2-GI-gemma-2-9B,0.7913979352562313,0.6095558882654465,0.22054380664652568,0.35067114093959734,0.42832291666666666,0.43558843085106386
zelk12/MT-Gen2-gemma-2-9B,0.7907485471881275,0.610049466,0.2190332326283988,0.3464765100671141,0.4322916666666667,0.4387466755319149
zelk12/MT-Gen3-gemma-2-9B,0.8020142111818863,0.6097112889343964,0.229607251,0.348993289,0.4216875,0.43558843085106386
zelk12/MT-Gen4-gemma-2-9B,0.7883005979689446,0.6109884725351095,0.22356495468277945,0.3548657718120805,0.4228020833333333,0.4387466755319149
zelk12/MT-Gen5-gemma-2-9B,0.7923221496739761,0.6132787046647334,0.21525679758308158,0.35151006711409394,0.42016666666666663,0.4402426861702128
zelk12/MT-Gen6-gemma-2-9B,0.1615668648075994,0.5844669261858688,0.082326284,0.33305369127516776,0.40692708333333333,0.4165558510638298
zelk12/MT-Gen6fix-gemma-2-9B,0.15759518078697854,0.5917309697578781,0.081570997,0.337248322,0.40841666666666665,0.4119847074468085
zelk12/MT-Gen7-gemma-2-9B,0.16641289556155447,0.5935242633580781,0.089123867,0.33557046979865773,0.40978125,0.4122340425531915
zelk12/MT-Max-Merge_02012025163610-gemma-2-9B,0.7907485471881275,0.6142243374633075,0.2212990936555891,0.35151006711409394,0.4228020833333333,0.4395777925531915
zelk12/MT-Merge-gemma-2-9B,0.8035379459833243,0.6118379158679297,0.22054380664652568,0.34815436241610737,0.425625,0.43617021276595747
zelk12/MT-Merge1-gemma-2-9B,0.7901490268044344,0.6099997385328262,0.22885196374622357,0.35151006711409394,0.4243854166666667,0.43741688829787234
zelk12/MT-Merge2-MU-gemma-2-MTg2MT1g2-9B,0.7955945779420825,0.608389222,0.21827794561933533,0.35067114093959734,0.43222916666666666,0.437250665
zelk12/MT-Merge2-gemma-2-9B,0.7877010775852515,0.6106681877306871,0.2348942598187311,0.35067114093959734,0.4216875,0.43816489361702127
zelk12/MT-Merge3-gemma-2-9B,0.7858526487497617,0.6102112889343964,0.22054380664652568,0.348993289,0.42575,0.4373337765957447
zelk12/MT-Merge4-gemma-2-9B,0.7807317916461656,0.6118218058684427,0.21676737160120846,0.3523489932885906,0.42943749999999997,0.43899601063829785
zelk12/MT-Merge5-gemma-2-9B,0.7843787816327346,0.6122674386670167,0.21827794561933533,0.35318791946308725,0.42813541666666666,0.4387466755319149
zelk12/MT-Merge6-gemma-2-9B,0.16946036516443036,0.5949106849534558,0.080060423,0.3288590604026846,0.40978125,0.41148603723404253
zelk12/MT-gemma-2-9B,0.7968434863938794,0.6063604478633632,0.2054380664652568,0.34563758389261745,0.40711458333333334,0.42237367021276595
zelk12/MT1-Gen1-gemma-2-9B,0.7974430067775724,0.6117787046647335,0.2243202416918429,0.34395973154362414,0.43095833333333333,0.43758311170212766
zelk12/MT1-Gen2-gemma-2-9B,0.7983672211953173,0.6095989894691557,0.22507552870090636,0.3523489932885906,0.42835416666666665,0.43550531914893614
zelk12/MT1-Gen3-gemma-2-9B,0.79596914,0.6101551392017761,0.2243202416918429,0.348993289,0.42432291666666666,0.43492353723404253
zelk12/MT1-Gen4-gemma-2-9B,0.7941207108250552,0.6057567677609054,0.21601208459214502,0.34731543624161076,0.42311458333333335,0.42860704787234044
zelk12/MT1-Gen5-IF-gemma-2-S2DMv1-9B,0.7929216700576691,0.6000001533684681,0.20317220543806647,0.34395973154362414,0.4244791666666667,0.42179188829787234
zelk12/MT1-Gen5-gemma-2-9B,0.7794828831943688,0.6017455017631886,0.20770392749244712,0.3464765100671141,0.41914583333333333,0.42220744680851063
zelk12/MT1-Gen6-gemma-2-9B,0.16336542595867853,0.5943545352208355,0.08081571,0.32802013422818793,0.40444791666666663,0.4133144946808511
zelk12/MT1-Gen7-gemma-2-9B,0.16336542595867853,0.5937953240176393,0.083081571,0.32802013422818793,0.41111458333333334,0.4144780585106383
zelk12/MT1-Max-Merge_02012025163610-gemma-2-9B,0.7928718023732585,0.6122674386670167,0.22280966767371602,0.3548657718120805,0.4255,0.43816489361702127
zelk12/MT1-gemma-2-9B,0.7946703635243377,0.6108745950756924,0.22356495468277945,0.34563758389261745,0.43222916666666666,0.4357546542553192
zelk12/MT2-Gen1-gemma-2-9B,0.7855778224001206,0.6100802027920743,0.2212990936555891,0.34312080536912754,0.42432291666666666,0.4376662234042553
zelk12/MT2-Gen2-gemma-2-9B,0.7889001183526376,0.6092917531936446,0.21827794561933533,0.3464765100671141,0.42702083333333335,0.43882978723404253
zelk12/MT2-Gen3-gemma-2-9B,0.7810066179958066,0.6104772065373926,0.2107250755287009,0.3464765100671141,0.4230833333333333,0.43741688829787234
zelk12/MT2-Gen4-gemma-2-9B,0.7895993741051521,0.609655139,0.22356495468277945,0.34563758389261745,0.41254166666666664,0.43209773936170215
zelk12/MT2-Gen5-gemma-2-9B,0.7749116787900548,0.6063933817527739,0.2107250755287009,0.35151006711409394,0.42441666666666666,0.43018617021276595
zelk12/MT2-Gen6-gemma-2-9B,0.16641289556155447,0.595964958,0.084592145,0.33808724832214765,0.41371874999999997,0.42096077127659576
zelk12/MT2-Gen7-gemma-2-9B,0.17615482475387528,0.6078922830693557,0.10196374622356495,0.3548657718120805,0.42032291666666666,0.4311003989361702
zelk12/MT2-Max-Merge_02012025163610-gemma-2-9B,0.7901490268044344,0.6108461203950706,0.2243202416918429,0.35151006711409394,0.42283333333333334,0.4390791223404255
zelk12/MT2-gemma-2-9B,0.7885754243185858,0.611511005,0.2212990936555891,0.34731543624161076,0.42165625,0.43683510638297873
zelk12/MT3-Gen1-gemma-2-9B,0.7837792612490415,0.6106760932030332,0.21450151057401812,0.3464765100671141,0.41511458333333334,0.43267952127659576
zelk12/MT3-Gen2-gemma-2-9B,0.7843289139483238,0.6091473194676166,0.22356495468277945,0.3573825503355705,0.41111458333333334,0.43326130319148937
zelk12/MT3-Gen3-gemma-2-9B,0.7856276900845313,0.6088892215987798,0.21525679758308158,0.35151006711409394,0.42575,0.4302692819148936
zelk12/MT3-Gen4-gemma-2-9B,0.7737126380226687,0.6100843629460684,0.20619335347432025,0.34731543624161076,0.4476354166666667,0.4387466755319149
zelk12/MT3-Gen5-gemma-2-9B,0.7990166092634211,0.6098615465467813,0.22658610271903323,0.35318791946308725,0.41911458333333335,0.43168218085106386
zelk12/MT3-Gen5-gemma-2-9B_v1,0.7996161296471141,0.6113330718661595,0.22280966767371602,0.348993289,0.4203854166666667,0.4359208776595745
zelk12/MT3-Gen6-gemma-2-9B,0.17615482475387528,0.6020072592121909,0.08836858,0.34312080536912754,0.4125729166666667,0.41023936170212766
zelk12/MT3-Max-Merge_02012025163610-gemma-2-9B,0.17615482475387528,0.6123461203950705,0.10120845921450151,0.35067114093959734,0.42546875,0.4389128989361702
zelk12/MT3-gemma-2-9B,0.7786085364610345,0.61307842,0.21676737160120846,0.3447986577181208,0.4242916666666667,0.43267952127659576
zelk12/MT4-Gen1-gemma-2-9B,0.7894996387363307,0.6093827996028333,0.21978851963746224,0.34395973154362414,0.43222916666666666,0.4389128989361702
zelk12/MT4-Gen2-gemma-2-9B,0.8050616807847621,0.6108348543973539,0.2326283987915408,0.34563758389261745,0.42565625,0.4367519946808511
zelk12/MT4-Gen3-gemma-2-9B,0.7840540875986826,0.6087112889343964,0.2190332326283988,0.34395973154362414,0.42432291666666666,0.4380817819148936
zelk12/MT4-Gen4-gemma-2-9B,0.7874262512356104,0.6076031496231499,0.21450151057401812,0.3523489932885906,0.42435416666666664,0.4323470744680851
zelk12/MT4-Gen5-gemma-2-9B,0.7788833628106757,0.6106664051994928,0.22658610271903323,0.3565436241610738,0.42683333333333334,0.43841422872340424
zelk12/MT4-Max-Merge_02012025163610-gemma-2-9B,0.1770790391716202,0.6120127870617372,0.095166163,0.35151006711409394,0.4228020833333333,0.4390791223404255
zelk12/MT4-gemma-2-9B,0.7761605872418517,0.607313601,0.2084592145015106,0.33808724832214765,0.43092708333333335,0.43658577127659576
zelk12/MT5-Gen1-gemma-2-9B,0.7831298731809377,0.6110476837383056,0.2212990936555891,0.34731543624161076,0.4203854166666667,0.43683510638297873
zelk12/MT5-Gen2-gemma-2-9B,0.7962439660101863,0.610541262,0.22054380664652568,0.35151006711409394,0.41629166666666667,0.4379155585106383
zelk12/MT5-Gen3-gemma-2-9B,0.7825303527972447,0.609049466,0.21676737160120846,0.35151006711409394,0.42305208333333333,0.4375
zelk12/MT5-Gen4-gemma-2-9B,0.7834545672149895,0.6131056160021203,0.2243202416918429,0.35318791946308725,0.42283333333333334,0.4396609042553192
zelk12/MT5-Gen5-gemma-2-9B,0.7947202312087482,0.6111664051994928,0.2258308157099698,0.34815436241610737,0.41911458333333335,0.43292885638297873
zelk12/MT5-Max-Merge_02012025163610-gemma-2-9B,0.17615482475387528,0.6126794537284038,0.098187311,0.35151006711409394,0.4227708333333333,0.43899601063829785
zelk12/MT5-gemma-2-9B,0.8047868544351211,0.6112225549321132,0.2258308157099698,0.34312080536912754,0.4203854166666667,0.4366688829787234
zelk12/MTM-Merge-gemma-2-9B,0.7798075772284205,0.6133348543973538,0.2175226586102719,0.3548657718120805,0.4267708333333333,0.43882978723404253
zelk12/MTMaMe-Merge_02012025163610-gemma-2-9B,0.17860277397305815,0.6116794537284039,0.09592145,0.3523489932885906,0.42410416666666667,0.43816489361702127
zelk12/Rv0.4DMv1t0.25-gemma-2-9B,0.7496575752337131,0.6069712638522043,0.2258308157099698,0.34563758389261745,0.43092708333333335,0.44007646276595747
zelk12/Rv0.4DMv1t0.25Tt0.25-gemma-2-9B,0.7646200968984517,0.6097862253440982,0.20694864048338368,0.3422818791946309,0.4282916666666667,0.43467420212765956
zelk12/Rv0.4MT4g2-gemma-2-9B,0.7320221456845614,0.604119644,0.19486404833836857,0.35318791946308725,0.4230833333333333,0.44173869680851063
zelk12/T31122024203920-gemma-2-9B,0.7676176988169169,0.6095634089448112,0.2054380664652568,0.35067114093959734,0.4321979166666667,0.437250665
zelk12/Test01012025155054,0.1555229014570229,0.28295044895258115,0,0.24161073825503357,0.36702083333333335,0.10904255319148937
zelk12/Test01012025155054t0.5_gemma-2,0.1555229014570229,0.28295044895258115,0,0.24161073825503357,0.36702083333333335,0.10904255319148937
zelk12/gemma-2-S2MTM-9B,0.7822555264476034,0.6060836790982922,0.20468277945619334,0.34563758389261745,0.42184375,0.4296875
zelk12/recoilme-gemma-2-Ataraxy-9B-v0.1,0.7648949232480928,0.6074511952177571,0.2280966767371601,0.3498322147651007,0.41362499999999996,0.43209773936170215
zelk12/recoilme-gemma-2-Ataraxy-9B-v0.1-t0.25,0.7706651684197928,0.6075432245295168,0.21450151057401812,0.34312080536912754,0.43226041666666665,0.4399933510638298
zelk12/recoilme-gemma-2-Ataraxy-9B-v0.1-t0.75,0.7208063493752133,0.5995203934792884,0.20166163141993956,0.3498322147651007,0.3951145833333333,0.4140625
zelk12/recoilme-gemma-2-Ataraxy-9B-v0.2,0.759999025,0.6066260664115647,0.22280966767371602,0.34815436241610737,0.4109583333333333,0.43226396276595747
zelk12/recoilme-gemma-2-Gutenberg-Doppel-9B-v0.1,0.7615227596111651,0.6098779556010631,0.20996978851963746,0.3414429530201342,0.43102083333333335,0.4315159574468085
zelk12/recoilme-gemma-2-Ifable-9B-v0.1,0.7943955371746965,0.6064399292200404,0.22054380664652568,0.35151006711409394,0.42022916666666665,0.4323470744680851
zelk12/recoilme-gemma-2-psy10k-mental_healt-9B-v0.1,0.744536718,0.59775935,0.18882175226586104,0.34395973154362414,0.42946875,0.41805186170212766
zetasepic/Qwen2.5-32B-Instruct-abliterated-v2,0.8334131216283904,0.6934020817780425,0.595166163,0.3674496644295302,0.43542708333333335,0.5621675531914894
zetasepic/Qwen2.5-72B-Instruct-abliterated,0.7152610628687439,0.7152257183282452,0.5241691842900302,0.40687919463087246,0.4719166666666667,0.5871841755319149
zhengr/MixTAO-7Bx2-MoE-v8.1,0.4187810564856802,0.42019437560239653,0.060422961,0.2986577181208054,0.39762499999999995,0.28465757978723405